from,from_network,to,to_network,relationship,type,crosses_network
ANASAZI Foundation,Asst. (south),Xela Goodman,Embark,therapist,people,True
Abundant Life Academy,FHW,Craig Rogers,Eckerd,cofounder/CEO,people,True
Academy at Canyon Creek,UHS,Provo Canyon School Springville Campus,Rite of Passage,rebrand,corporate,True
Academy at Canyon Creek,UHS,Jordan Larsen,Rite of Passage,clinical director,people,True
Academy at Swift River,Wilderness,Christopher Carlin,Altior,program director,people,True
Academy at Swift River,Wilderness,Brian Ray,Eckerd,assistant dean of admissions,other,True
Academy at Swift River,Wilderness,Rudy Bentz,FHW,dean of student life,other,True
Academy at Swift River,Wilderness,Jill Bentz,FHW,training director,people,True
Academy at Swift River,Wilderness,Adele Logan,Asst. (south),admin,people,True
Academy at Swift River,Wilderness,Audrey Everson,Asst. (south),clinical counselor,people,True
Academy at Swift River,Wilderness,Tim Brace,Aspen,founder/executive director / of residential schools,people,True
Academy of New Horizons,UHS,Mary Pauer,Asst. (north),director,people,True
Acadia Healthcare,Embark,Peninsula Village,Aspen,acquired,corporate,True
Acadia Healthcare,Embark,Tampa Behavioral Health,Aspen,,unlabelled,True
Acadia Healthcare,Embark,Joe Procopia,Aspen,divisional president,people,True
Adam Mclain,CERTS,Provo Canyon School,UHS,CEO,people,True
Adam Mclain,CERTS,Northwest Academy,Brown Schools/CEDU,executive director,people,True
Adam Rainer,FHW,Shortridge Academy,Altior,founder/CEO,people,True
Adele Logan,Asst. (south),Shortridge Academy,Altior,marketing director,people,True
Adirondack Leadership Expeditions,Aspen,Jessa Hobson,Eckerd,field instructor,people,True
Adirondack Leadership Expeditions,Aspen,Xela Goodman,Embark,therapist,people,True
Alabama Clinical Schools,UHS,Ballard Sheppard,WWASPS,,unlabelled,True
Alex Bitz,Asst. (south),Mount Bachelor Academy,Aspen,cofounder,people,True
Alex Bitz,Asst. (south),CEDU High School,Brown Schools/CEDU,?,other,True
Alternative Youth Adventures,Wilderness,Jason McKeown,Asst. (south),therapist,people,True
Alternative Youth Adventures,Wilderness,Kendra Meiklejohn,Aspen,therapist,people,True
Altior Healthcare,Altior,Innercept,YSI,,unlabelled,True
Andrew Coe,Altior,Academy at Swift River,Wilderness,assistant director,people,True
Arkansas Juvenile Assessment and Treatment Center,YOI,"Rite of Passage, Inc",Rite of Passage,,unlabelled,True
Ascent Wilderness Therapy,UHS,Dan Tadlock,YSI,therapist,people,True
Ascent Wilderness Therapy,UHS,Trilby Hoover,Asst. (north),executive director,people,True
Ashcreek Ranch Academy,YSI,Tammy Prince Behrman,Wilderness,cofounder,people,True
Ashcreek Ranch Academy,YSI,Darren Prince,Wilderness,cofounder,people,True
Asheville Academy for Girls,FHW,Cat Jennings,Aspen,founding executive director,people,True
Aspen Achievement Academy,Aspen,Patrick Logan,Asst. (north),senior instructor,people,True
Aspen Achievement Academy,Aspen,Devin Glissmeyer,Altior,therapist,people,True
Aspen Achievement Academy,Aspen,Jen Murphy,FHW,?,other,True
Aspen Achievement Academy,Aspen,Cheryl Kehl,Asst. (south),clinical director,people,True
Aspen Achievement Academy,Aspen,Jeff Scott,Asst. (south),intern,people,True
Aspen Achievement Academy,Aspen,Leah Madamba,Embark,therapist,people,True
Aspen Education Group,Aspen,Copper Canyon Academy,Altior,,unlabelled,True
Aspen Education Group,Aspen,Academy at Swift River,Wilderness,,unlabelled,True
Aspen Education Group,Aspen,Aspen Youth Alternatives,Wilderness,,unlabelled,True
Aspen Education Group,Aspen,SunHawk Academy,Wilderness,,unlabelled,True
Aspen Education Group,Aspen,Passages to Recovery,Wilderness,,unlabelled,True
Aspen Education Group,Aspen,Aspen Ranch,Asst. (south),,unlabelled,True
Aspen Education Group,Aspen,Talisman Camps,Asst. (south),,unlabelled,True
Aspen Education Group,Aspen,Aspen Institute for Behavioral Assessment,Wilderness,,unlabelled,True
Aspen Education Group,Aspen,Turn-About Ranch,Wilderness,,unlabelled,True
Aspen Institute for Behavioral Assessment,Wilderness,Mike Bulloch,Altior,cofounder/clinical director,people,True
Aspen Institute for Behavioral Assessment,Wilderness,Dale Erdmann,FHW,primary therapist,people,True
Aspen Ranch,Asst. (south),Kreg Gillman,Altior,executive director,people,True
Aspen Ranch,Asst. (south),Outback Therapeutic Expeditions,Aspen,,unlabelled,True
Aspen Youth Alternatives,Wilderness,Cliff Stockton,Asst. (south),wilderness director,people,True
Aspiro Group,Aspiro,Aspiro Wilderness Adventure Therapy,Asst. (north),,unlabelled,True
Belle Shook,Eckerd,Copper Canyon Academy,Altior,therapist,people,True
Belle Shook,Eckerd,Mingus Mountain Academy,Vivant,,unlabelled,True
Ben Pearson,Aspiro,ANASAZI Foundation,Asst. (south),field guide,people,True
Bernalillo Academy,UHS,Amir Rafiei,Embark,executive director,people,True
Bernie Farrow,Unframed,Academy at Cedar Mountain,CERTS,counselor,people,True
Bernie Farrow,Unframed,Sunrise RTC,Embark,clinical director,people,True
Bernie Zimmerman,Aspiro,Cherry Gulch,HOPE Group,co-owner/executive director,corporate,True
Bernie Zimmerman,Aspiro,"Greenwood Associates, Inc",Asst. (north),education consultant,people,True
Beth Ragland,CERTS,Spring Ridge Academy,HOPE Group,therapist,people,True
Beth Ragland,CERTS,Three Springs Inc.,Rite of Passage,customer relations representative,other,True
Beth Ragland,CERTS,Auldern Academy,UHS,admissions director,people,True
Beth Ragland,CERTS,Greenbrier Academy,Evolve,admissions director,people,True
Betsy Warren,Altior,NATSAP,FHW,board of directors,people,True
Bill Henry,WWASPS,North Star Expeditions,Eckerd,cofounder,people,True
Blue Ridge Therapeutic Wilderness,Aspiro,Jeff Scott,Asst. (south),therapist,people,True
Boulder Creek Academy,Brown Schools/CEDU,Greg Andrick,Wilderness,?,other,True
Boulder Creek Academy,Brown Schools/CEDU,Sarah Persha Koalkin,FHW,academic director,people,True
Boulder Creek Academy,Brown Schools/CEDU,Theresa Wardle,FHW,admissions director,people,True
Boulder Creek Academy,Brown Schools/CEDU,John Sarchio,Asst. (north),cofounder,people,True
Boulder Creek Academy,Brown Schools/CEDU,Julia Andrick,Asst. (north),admissions director,people,True
Brad M. Reedy,Asst. (south),Second Nature Wilderness Family Therapy,Aspiro,cofounder,people,True
Brandon Park,Eckerd,New Focus Academy,FHW,founder/executive director,people,True
Brandon Park,Eckerd,Outback Therapeutic Expeditions,Aspen,? / therapist,people,True
Brian Murdock,HOPE Group,Academy at Canyon Creek,UHS,therapist,people,True
Brianna Roselles,WWASPS,Elevations RTC,FHW,therapist,people,True
Bromley Brook School,Aspen,David Hans,FHW,executive director,people,True
Bromley Brook School,Aspen,Rae Ann Knopf,FHW,founder/executive director,people,True
Brush Ranch School,Aspiro,Bryan Delaney,Asst. (north),residential staff,people,True
Bryan Tomes,Aspen,Asheville Academy for Girls,FHW,academic director/ operations director,people,True
CALO Programs,Embark,Ken Huey,HOPE Group,founder,people,True
CEDU Family of Services,Brown Schools/CEDU,Rae Ann Knopf,FHW,executive director,people,True
CEDU Family of Services,Brown Schools/CEDU,Bruce Wilson,Eckerd,?,other,True
CEDU Family of Services,Brown Schools/CEDU,Ascent Wilderness Therapy,UHS,,unlabelled,True
CEDU High School,Brown Schools/CEDU,Rudy Bentz,FHW,headmaster,people,True
CEDU High School,Brown Schools/CEDU,Dean Bonnano,UHS,?,other,True
CEDU High School,Brown Schools/CEDU,Bill Hoffman,Asst. (south),?,other,True
CEDU High School,Brown Schools/CEDU,David LePere,Asst. (south),director,people,True
CEDU High School,Brown Schools/CEDU,Tim Brace,Aspen,headmaster,people,True
CEDU High School,Brown Schools/CEDU,Sharon Bitz,Asst. (south),?,other,True
CEDU High School,Brown Schools/CEDU,Linda Houghton,Asst. (north),,unlabelled,True
CEDU High School,Brown Schools/CEDU,Steve Houghton,Asst. (north),,unlabelled,True
CEDU High School,Brown Schools/CEDU,Doug Kim Brown,Eckerd,headmaster,people,True
CEDU Middle School,Brown Schools/CEDU,David LePere,Asst. (south),director,people,True
Carlbrook School,UHS,Andrew Coe,Altior,dean of students,other,True
Carlbrook School,UHS,Tim Brace,Aspen,headmaster,people,True
Cascade School,Eckerd,Matthew Lovell,FHW,program director,people,True
Cedar Crest Hospital & RTC,Aspen,Acadia Healthcare,Embark,,unlabelled,True
Cedar Ridge Academy,HOPE Group,Sean Haggerty,Aspiro,admissions director,people,True
Cedars Academy,Asst. (north),Michael Charnley,Wilderness,program director,people,True
Cherokee Creek Boys School,Aspiro,Janine Riehl LePere,Asst. (south),?,other,True
Cherokee Creek Boys School,Aspiro,Jeremy Nunelley,Asst. (north),primary counselor,people,True
Cheryl Kehl,Asst. (south),Second Nature Wilderness Family Therapy,Aspiro,cofounder,people,True
Clarinda Academy,Rite of Passage,Adam Shapiro,Vivant,executive director,people,True
Copper Canyon Academy,Altior,Sonja Fullwood,Asst. (south),therapist,people,True
Copper Canyon Academy,Altior,Linda Cathcart,Asst. (south),counseling director,people,True
Copper Canyon Academy,Altior,Sequoia Smith,Asst. (south),?,other,True
Copper Canyon Academy,Altior,Tammy Prince Behrman,Wilderness,cofounder,people,True
Copper Canyon Academy,Altior,Darren Prince,Wilderness,cofounder,people,True
Copper Hills Youth Center,Eckerd,Barry Woodward,WWASPS,CEO,people,True
Coyote Karrick,Asst. (north),Boulder Creek Academy,Brown Schools/CEDU,?,other,True
Coyote Karrick,Asst. (north),Rocky Mountain Academy,Brown Schools/CEDU,,unlabelled,True
Craig LaMont,Aspen,New Haven RTC,Embark,cofounder,people,True
Craig Rodabough,CERTS,Logan River Academy,FHW,clinical services director,people,True
Craig Rogers,Eckerd,Positive Impact RTC,FHW,cofounder/program director,people,True
Craig Rogers,Eckerd,ROP Nevada,Asst. (north),social work supervisor,people,True
Craig Rogers,Eckerd,"Rite of Passage, Inc",Rite of Passage,,unlabelled,True
Cramer Creek School,Asst. (north),Social Learning Environments,FHW,,unlabelled,True
Dace Goulding,WWASPS,Northwest Association International School Visitation Team,Eckerd,member,people,True
Daniels Academy,Aspiro,Brian Murdock,HOPE Group,therapist,people,True
Daniels Academy,Aspiro,Jodi Escalante,Asst. (north),business administration director,people,True
David Freedman,FHW,Shortridge Academy,Altior,admissions director,people,True
David Hans,FHW,King George School,Brown Schools/CEDU,head of school,other,True
David LePere,Asst. (south),Cherokee Creek Boys School,Aspiro,executive director,people,True
David LePere,Asst. (south),Wilderness Quest,Brown Schools/CEDU,executive director,people,True
Deanna Atkinson Valente,Asst. (north),Ironwood Maine,Altior,program director,people,True
Denise Westman,FHW,Silverado Boys Ranch,Eckerd,cofounder,people,True
Dennis Crowell,Asst. (south),Mount Bachelor Academy,Aspen,cofounder/executive director,people,True
Devin Glissmeyer,Altior,Second Nature Wilderness Family Therapy,Aspiro,cofounder,people,True
Diamond Ranch Academy,Eckerd,Jake Roberts,WWASPS,nurse,people,True
Diamond Ranch Academy,Eckerd,Malynda Scott,Wilderness,therapist,people,True
Diamond Ranch Academy,Eckerd,Brianna Roselles,WWASPS,therapist,people,True
Discover Seven Stars,Eckerd,Gordon L Day,Asst. (south),executive director,people,True
Discovery Academy,Embark,Matthew Hendry,Aspen,clinical director,people,True
Discovery Academy,Embark,Eugene Thorn,YSI,founder,people,True
Don Vardell,Wilderness,Shortridge Academy,Altior,executive director,people,True
Don Vardell,Wilderness,Excel Academy,Aspen,executive director,people,True
Eckerd Youth Alternatives,Eckerd,Michael Charnley,Wilderness,clinician,people,True
Eilean Mackenzie,Eckerd,Fulshear Ranch Academy,Altior,,unlabelled,True
Elevations RTC,FHW,Leigh Uhlenkott,Aspen,therapist,people,True
Elevations RTC,FHW,Malynda Scott,Wilderness,?,other,True
Embark Behavioral Health,Embark,Fulshear Ranch Academy,Altior,,unlabelled,True
Emily Lamb,FHW,Eckerd Youth Alternatives,Eckerd,field staff,people,True
Erica Thiessen- House,Wilderness,Second Nature Blue Ridge,Aspiro,therapist,people,True
Evoke Therapy Programs,Aspiro,Brad M. Reedy,Asst. (south),cofounder/clinical director,people,True
Excel Academy,Aspen,Scott Spaw,Asst. (south),program director,people,True
Falcon Ridge Ranch,Rite of Passage,David Allred,FHW,executive director,people,True
Family Help & Wellness,FHW,Uinta Academy,Eckerd,,unlabelled,True
Family Help & Wellness,FHW,Discover Seven Stars,Eckerd,,unlabelled,True
Family Help & Wellness,FHW,Viewpoint Center,Wilderness,,unlabelled,True
First Light Wilderness Therapy,Embark,Devereux Foundation,HOPE Group,therapist,people,True
Fred Peipman,UHS,Second Nature Wilderness Family Therapy,Aspiro,therapist,people,True
Fulshear Ranch Academy,Altior,Dale Erdmann,FHW,clinician,people,True
Fulshear Ranch Academy,Altior,Tracy Schrunk,UHS,executive director,people,True
Gay Jackson,FHW,Rick Jackson,Wilderness,married,people,True
George Ullrich,Asst. (north),Innercept,YSI,cofounder,people,True
George Ullrich,Asst. (north),Boulder Creek Academy,Brown Schools/CEDU,consultant,people,True
Georgia Department of Human Resources,WWASPS,Appalachian Wilderness Camp,Eckerd,owner,corporate,True
Gordon L Day,Asst. (south),Summit Preparatory School,Aspiro,therapist,people,True
Gordon L Day,Asst. (south),Daniels Academy,Aspiro,clinical oversight director,people,True
Gordon L Day,Asst. (south),Vantage Point,Aspiro,director,people,True
Gordon L Day,Asst. (south),Aspiro Wilderness Adventure Therapy,Asst. (north),clinical director,people,True
Graham Shannonhouse,Asst. (south),Trails Carolina,FHW,founder/executive director,people,True
Guy LeGuyonne,UHS,Academy at Sisters,Altior,admissions director,people,True
Herman Fountain,WWASPS,New Beginnings Girls' Academy,Roloff,founder/director,people,True
Hidden Lake Academy,Eckerd,Rudy Bentz,FHW,headmaster,people,True
Hidden Lake Academy,Eckerd,Greg Lindsay,FHW,headmaster,people,True
Hidden Lake Academy,Eckerd,Thomas Ring,Embark,?,other,True
Hyde School,Aspiro,Peter Rowe,Asst. (north),first-year coach,other,True
InnerChange,Embark,Eagle Cove Academy,Aspen,,unlabelled,True
Innercept,YSI,Monarch School,Rite of Passage,,unlabelled,True
Intermountain Hospital,UHS,Bernie Zimmerman,Aspiro,clinical director,people,True
Ironwood Maine,Altior,Teresa Shinedling,FHW,cofounder/executive direcctor,people,True
Ironwood Maine,Altior,Matthew Hendry,Aspen,clinical director,people,True
Island View RTC,Wilderness,Lorin Broadbent,Eckerd,cofounder,people,True
Island View RTC,Wilderness,Stacey Rosenberg,Eckerd,?,other,True
Island View RTC,Wilderness,Elevations RTC,FHW,rebrand,corporate,True
Island View RTC,Wilderness,Steven Pope,FHW,team director,people,True
Island View RTC,Wilderness,Kirk Simon,FHW,medical director,people,True
Island View RTC,Wilderness,Eliza Hitz,FHW,therapist,people,True
Island View RTC,Wilderness,Guy Andersen,FHW,science teacher,people,True
Island View RTC,Wilderness,Dale Erdmann,FHW,primary therapist,people,True
Island View RTC,Wilderness,Gay Jackson,FHW,associate executive director,people,True
Island View RTC,Wilderness,Brianna Roselles,WWASPS,therapist,people,True
Island View RTC,Wilderness,W. Dean Belnap,Aspen,cofounder,people,True
Island View RTC,Wilderness,Aspen Education Group,Aspen,,unlabelled,True
J. Huffine,UHS,Second Nature Cascades,Aspiro,?,other,True
J. Huffine,UHS,On Track Wilderness Program,Brown Schools/CEDU,clinical supervisor,people,True
James Meyer,Altior,NATSAP,FHW,ethics chair,other,True
Jami Sturges Ullrich,Asst. (north),Innercept,YSI,cofounder,people,True
Jamie Caldwell,Asst. (north),Stillwater Academy,Aspiro,admissions director,people,True
Jamie Palmer,FHW,Cottonwood Treatment Center,Asst. (north),?,other,True
Jamie Palmer,FHW,Lifeline for Youth,Teen Challenge,clinician,people,True
Jane Stewart,Asst. (south),NorthStar Center,Aspen,program director,people,True
Janine Riehl LePere,Asst. (south),Mount Bachelor Academy,Aspen,,unlabelled,True
Jared Balmer,Wilderness,Rivendell Psychiatric Hospital,Eckerd,,unlabelled,True
Jason Dalton,Asst. (north),Second Nature,Aspiro,therapist,people,True
Jason Scott Calder,Evolve,Summit Preparatory School,Aspiro,assistant clinical director,people,True
Jay Ripley,Vivant,Youth Services International,YSI,?,other,True
Jeannie Courtney,HOPE Group,David Gilcrease,WWASPS,divorced,people,True
Jeff Scott,Asst. (south),Second Nature Blue Ridge,Aspiro,therapist,people,True
Jeniveve Rollins,FHW,Santiam Crossing,UHS,clinical director,people,True
Jeremy Nunelley,Asst. (north),Whetstone Academy,Aspen,executive director,people,True
Jeremy Nunelley,Asst. (north),Blue Ridge Therapeutic Wilderness,Aspiro,therapist,people,True
Jerry Spanos,Brown Schools/CEDU,Heritage Schools (Heritage RTC),WWASPS,founder,people,True
Jessa Hobson,Eckerd,Outdoor Behavioral Healthcare Research Center,Wilderness,research assistant,other,True
Jim Graves,UHS,St Paul's Preparatory Academy,HOPE Group,dean of students and counseling,other,True
Jim Graves,UHS,Oak Creek Ranch School,Aspiro,dean of residential life,other,True
Jodi Escalante,Asst. (north),Telos Academy,Aspen,mentor,people,True
Joe F Akins,WWASPS,Grace Christian Home for Girls,Vivant,founder/executive director,people,True
Joe Procopia,Aspen,CRC Health Group,Embark,divisional president,people,True
Joe Ricci,Brown Schools/CEDU,Elan School,Asst. (north),founder/owner,corporate,True
John Cohen,Asst. (north),Wilderness Quest,Brown Schools/CEDU,therapist,people,True
John Cohen,Asst. (north),Open Sky Wilderness Program,Altior,therapist,people,True
John L. Santa,Asst. (north),Montana Academy,Eckerd,co-owner,corporate,True
John Sarchio,Asst. (north),Northwest Academy,Brown Schools/CEDU,academic director,people,True
Jonathan Daniel Birnkrant,Aspiro,Discovery Ranch,Embark,,unlabelled,True
Josh White,Altior,WinGate Wilderness Therapy,FHW,clinical director,people,True
Justin Hoover,Aspen,Acadia Healthcare,Embark,CEO,people,True
Kami Black,WWASPS,Solstice RTC,FHW,executive director,people,True
Kami Black,WWASPS,Lifeline for Youth,Teen Challenge,?,other,True
Kathy McGregor,Aspen,Mark McGregor,Embark,married,people,True
Kathy McGregor,Aspen,New Haven RTC,Embark,cofounder/executive director,people,True
Kathy Rex,Asst. (south),blueFire Wilderness Therapy,FHW,founder,people,True
Katie Rienstra,Aspiro,Cherry Gulch,HOPE Group,executive director,people,True
Katie Rienstra,Aspiro,Intermountain Hospital,UHS,therapist,people,True
Katie Soli,Brown Schools/CEDU,Diamond Ranch Academy,Eckerd,,unlabelled,True
Kelly Hollis,UHS,Laurel Oaks Behavioral Health Center,Rite of Passage,referral/assessment specialist,other,True
Ken Betts,Asst. (north),Daniels Academy,Aspiro,program director,people,True
Ken Betts,Asst. (north),West Ridge Academy,HOPE Group,,unlabelled,True
Ken Betts,Asst. (north),West Ridge Academy,HOPE Group,aftercare / after care services director,people,True
Ken Betts,Asst. (north),Wilderness Quest,Brown Schools/CEDU,field director,people,True
Ken Huey,HOPE Group,Red Mountain Colorado,FHW,founder,people,True
Kendra Meiklejohn,Aspen,Chrysalis Therapeutic Boarding School,Embark,clinical director,people,True
Kera Miller,Eckerd,Equinox RTC,FHW,program director,people,True
Keystone Education and Youth Services,YSI,Alabama Clinical Schools,UHS,owner,corporate,True
Keystone Education and Youth Services,YSI,Universal Health Services,UHS,acquired,corporate,True
Kim Lira,Evolve,Southwood Psychiatric Hospital,Aspen,CEO,people,True
Koinonia Foster Homes,FHW,Craig Rogers,Eckerd,program director,people,True
Kreg Gillman,Altior,Silverado Boys Ranch,Eckerd,executive director,people,True
Kreg Gillman,Altior,RedCliff Ascent,Embark,clinical director,people,True
Kris Archer,FHW,Alpine Academy,Eckerd,family teacher,people,True
Kris Archer,FHW,Utah Youth Village,Eckerd,family teacher,people,True
Kris Archer,FHW,CERTS,CERTS,marketing director,people,True
Krista Zimmerman,Aspiro,Cherry Gulch,HOPE Group,admissions director/nursing supervisor,people,True
L. Jay Mitchell,Asst. (south),Greenbrier Academy,Evolve,cofounder/owner,corporate,True
La Europa Academy,CERTS,Jason Scott Calder,Evolve,therapist,people,True
Lake House Academy,Embark,Cat Jennings,Aspen,founding executive director,people,True
Lake House Academy,Embark,Bryan Tomes,Aspen,academic director,people,True
"Lance ""Horsehair"" Jaggar",WWASPS,North Star Expeditions,Eckerd,cofounder,people,True
Laurel Oaks Behavioral Health Center,Rite of Passage,Universal Health Services,UHS,,unlabelled,True
Lava Heights Academy,Rite of Passage,David Allred,FHW,executive director,people,True
Lee Caldwell,Asst. (north),Turnabout Academy,Aspiro,founder,people,True
Lee Caldwell,Asst. (north),Stillwater Academy,Aspiro,owner/executive director,corporate,True
Lee Wardle,FHW,Distant Drums Beginnings,Asst. (north),cofounder/ / admissions director,people,True
Lee Wardle,FHW,Skyline Journey,Asst. (north),cofounder,people,True
Leigh Uhlenkott,Aspen,Aspiro Wilderness Adventure Therapy,Asst. (north),therapist,people,True
Leigh Uhlenkott,Aspen,Trails Carolina,FHW,therapist,people,True
Life-Line Inc,Synanon,Jordan Larsen,Rite of Passage,clinician,people,True
LifeSpring Seminars,Synanon,David Gilcrease,WWASPS,facilitator,other,True
Lifeline for Youth,Teen Challenge,Life-Line Inc,Synanon,rebrand,corporate,True
Linda Houghton,Asst. (north),Mount Bachelor Academy,Aspen,cofounder,people,True
Linda Houghton,Asst. (north),King George School,Brown Schools/CEDU,,unlabelled,True
Logan River Academy,FHW,Jason Dalton,Asst. (north),?,other,True
Lone Star Expeditions,Aspiro,Michael Bednarz,Asst. (south),executive director,people,True
Lorin Broadbent,Eckerd,The Oakley School,Aspen,cofounder,people,True
Luke Hatch,Eckerd,Turn-About Ranch,Wilderness,executive director,people,True
Mansfield Juvenile Treatment Center,YOI,"Rite of Passage, Inc",Rite of Passage,acquired,corporate,True
Mark Moses,Rite of Passage,Woodward Academy,YSI,training manager/education director,people,True
Mark Wardle,FHW,SageWalk Wilderness,Asst. (north),wilderness operations,other,True
Mark Wardle,FHW,Distant Drums Beginnings,Asst. (north),cofounder/program manager,people,True
Mark Wardle,FHW,The Wardle Home,Asst. (north),cofounder,people,True
Mark Wardle,FHW,Skyline Journey,Asst. (north),cofounder,people,True
Matthew Lovell,FHW,Carlbrook School,UHS,dean of advising,other,True
Meg Paul,FHW,Shortridge Academy,Altior,clinical director,people,True
Melvin Cates,Aspen,Lone Star Expeditions,Aspiro,executive director,people,True
Melvin Cates,Aspen,National Association of Therapeutic Wilderness Camping,Wilderness,board member,people,True
Michelle McCoy,Aspen,Four Circles Recovery Center,Wilderness,,unlabelled,True
Mike Ervin,Aspen,Lone Star Expeditions,Aspiro,executive director,people,True
Mike Strader,Unframed,Shortridge Academy,Altior,Phase II Supervisor,people,True
Mingus Mountain Academy,Vivant,Sequel Youth and Family Services,Rite of Passage,,unlabelled,True
Monarch School,Rite of Passage,Chris Laviola,YSI,clinical director,people,True
Monuments RTC,Altior,Brad Matheson,Asst. (south),cofounder/director of marketing,people,True
Mount Bachelor Academy,Aspen,Sarah Persha Koalkin,FHW,admissions director,people,True
Mount Bachelor Academy,Aspen,Matthew Lovell,FHW,program director,people,True
Mount Bachelor Academy,Aspen,Greg Andrick,Wilderness,cofounder,people,True
Mount Bachelor Academy,Aspen,Sharon Bitz,Asst. (south),executive director,people,True
Mount Bachelor Academy,Aspen,Jane Stewart,Asst. (south),admissions director,people,True
Mount Bachelor Academy,Aspen,Bill Hoffman,Asst. (south),residential director,people,True
Mount Bachelor Academy,Aspen,Mike Strader,Unframed,dean of students,other,True
Mountain Valley Treatment Center,Eckerd,Don Vardell,Wilderness,executive director,people,True
Mycala Cherry,HOPE Group,Blue Ridge Therapeutic Wilderness,Aspiro,field staff,people,True
NATSAP,FHW,Crater Lake School,Eckerd,,people,True
NATSAP,FHW,John Mercer,Eckerd,treasurer,other,True
NATSAP,FHW,Bobbi Trott Christensen,Eckerd,Board of Directors,people,True
NATSAP,FHW,"Leonard ""Len"" Buccellato",Eckerd,,unlabelled,True
NATSAP,FHW,Hidden Lake Academy,Eckerd,,people,True
NATSAP,FHW,Montana Academy,Eckerd,,people,True
NATSAP,FHW,Cascade School,Eckerd,,people,True
NATSAP,FHW,Michael Allgood,Eckerd,Board of Directors,people,True
NATSAP,FHW,Rosemary Tippett,UHS,board member,people,True
NATSAP,FHW,Cheryl Kehl,Asst. (south),board member,people,True
NATSAP,FHW,David LePere,Asst. (south),Board of Directors President,people,True
NATSAP,FHW,Aspen Youth Services,Aspen,,people,True
NATSAP,FHW,Tim Brace,Aspen,vice-president,people,True
NATSAP,FHW,Spring Ridge Academy,HOPE Group,,people,True
NATSAP,FHW,Jan Moss,HOPE Group,executive director,people,True
NATSAP,FHW,Dustin Tibbitts,Embark,government relations committee co-chair,other,True
NATSAP,FHW,John L. Santa,Asst. (north),president,people,True
NATSAP,FHW,Bryan Delaney,Asst. (north),conference committee member,people,True
NATSAP,FHW,Craig Rodabough,CERTS,board of directors / board member,people,True
NATSAP,FHW,John L Singleton,Aspen,board of directors,people,True
New Haven RTC,Embark,Diane LaMont,Aspen,cofounder,people,True
New Haven RTC,Embark,Jason Scott Calder,Evolve,therapist,people,True
New Horizons for Young Women,Brown Schools/CEDU,Eilean Mackenzie,Eckerd,clinical director,people,True
NorthStar Center,Aspen,Dennis Crowell,Asst. (south),executive director,people,True
Northwest Academy,Brown Schools/CEDU,Bruce Wilson,Eckerd,executive director,people,True
Northwest Academy,Brown Schools/CEDU,Theresa Wardle,FHW,clinical supervisor,people,True
Northwest Academy,Brown Schools/CEDU,Gordon Newell,Asst. (north),team manager,people,True
Northwest Academy,Brown Schools/CEDU,Dan Tadlock,YSI,clinical supervisor,people,True
Northwest Academy,Brown Schools/CEDU,Julia Andrick,Asst. (north),admissions director,people,True
Northwest Association International School Visitation Team,Eckerd,Eugenia Collins,WWASPS,member,people,True
Novitas Academy,HOPE Group,Katie Rienstra,Aspiro,executive director,people,True
Oliver Cooperman,Eckerd,Red Mountain Sedona,FHW,psychiatrist,people,True
Oliver Cooperman,Eckerd,The Meadows Ranch,WWASPS,psychiatrist,people,True
Open Sky Wilderness Program,Altior,Fred Peipman,UHS,field guide,people,True
Outback Therapeutic Expeditions,Aspen,Sheri Gallagher,FHW,special projects manager,people,True
Outback Therapeutic Expeditions,Aspen,David Freedman,FHW,senior field staff,people,True
Outback Therapeutic Expeditions,Aspen,David Freedman,Wilderness,senior field staff,people,True
Outback Therapeutic Expeditions,Aspen,Michael Bednarz,Asst. (south),field director,people,True
Outback Therapeutic Expeditions,Aspen,Sharon Sperry-Clegg,Asst. (south),risk manager,people,True
Outback Therapeutic Expeditions,Aspen,R. Scott Jones,Asst. (south),primary therapist,people,True
Outback Therapeutic Expeditions,Aspen,Brad Matheson,Asst. (south),admissions director,people,True
Outback Therapeutic Expeditions,Aspen,Gordon L Day,Asst. (south),therapist,people,True
Outback Therapeutic Expeditions,Aspen,Jodi Escalante,Asst. (north),field director,people,True
Outback Therapeutic Expeditions,Aspen,Jason Scott Calder,Evolve,director,people,True
Outdoor Behavioral Healthcare Industry Council,Wilderness,Rob Cooley,Asst. (north),,unlabelled,True
Oxford Group,Unframed,Bill Wilson,Synanon,member,people,True
Passages to Recovery,Wilderness,W. Dean Belnap,Aspen,psychiatrist,people,True
Patrick Logan,Asst. (north),Hidden Lake Academy,Eckerd,Assistant Wilderness Director,people,True
Patrick Logan,Asst. (north),Second Nature Uintas,Aspiro,outreach director,people,True
Peninsula Village,Aspen,Adam Mclain,CERTS,clinical director,people,True
Penny Baker,Rite of Passage,Elk River Treatment Program,CERTS,director of clinical services,people,True
"Phillip ""Dr Phil"" McGraw",Evolve,SUWS of the Carolinas,Aspen,referrals,people,True
Phoenix Outdoor,Aspen,Jason McKeown,Asst. (south),therapist,people,True
Piney Ridge Center,Aspen,Acadia Healthcare,Embark,,unlabelled,True
Provo Canyon School,UHS,Rachel Steinberg,Vivant,clinician,people,True
Provo Canyon School,UHS,Kreg Gillman,Altior,CEO,people,True
Provo Canyon School,UHS,Denise Westman,FHW,Midwest regional director,people,True
Provo Canyon School,UHS,Robert Crist,FHW,cofounder/medical director,people,True
Provo Canyon School,UHS,Jeff Scott,Asst. (south),therapist,people,True
Provo Canyon School,UHS,Eugene Thorn,YSI,co-owner,corporate,True
Provo Canyon School,UHS,Barry Woodward,WWASPS,CEO,people,True
Provo Canyon School,UHS,WWASPS,WWASPS,precursor to WWASPS,other,True
Provo Canyon School,UHS,Ken Huey,HOPE Group,business director,people,True
Provo Canyon School,UHS,Jerry Spanos,Brown Schools/CEDU,therapist,people,True
Provo Canyon School Springville Campus,Rite of Passage,Provo Canyon School,UHS,,people,True
Psychiatric Solutions Inc,YSI,Hill Crest Behavioral Health,UHS,owner,corporate,True
Psychiatric Solutions Inc,YSI,Universal Health Services,UHS,acquired,corporate,True
R. Scott Jones,Asst. (south),Stillwater Academy,Aspiro,owner/director,corporate,True
ROOTs Transition,FHW,Stacey Rosenberg,Eckerd,program director,people,True
ROOTs Transition,FHW,Kami Black,WWASPS,founder,people,True
ROOTs Transition,FHW,Virginia Scott Prowse,Asst. (north),academic director,people,True
ROP Nevada,Asst. (north),"Rite of Passage, Inc",Rite of Passage,,unlabelled,True
Rachel Steinberg,Vivant,Spark Academy,WWASPS,,unlabelled,True
Ramsay Youth Services,YSI,Laurel Hills Behavioral Health,UHS,owner,corporate,True
Randy Oakley,HOPE Group,Aspiro Group,Aspiro,founder/CEO Aspiro Group,people,True
Randy Oakley,HOPE Group,Daniels Academy,Aspiro,board member,people,True
Rebekah Home for Girls,Roloff,Herman Fountain,WWASPS,staff,people,True
Red Mountain Colorado,FHW,Josh White,Altior,cofounder/ operating partner,people,True
Red Mountain Colorado,FHW,Maureen White,Altior,cofounder/ senior program advisor,people,True
Red Mountain Colorado,FHW,Kera Miller,Eckerd,executive director,people,True
Red Mountain Sedona,FHW,Maureen White,Altior,executive program director,people,True
Red Mountain Sedona,FHW,Josh White,Altior,executive director,people,True
Red Mountain Sedona,FHW,Oliver Cooperman,Eckerd,psychiartirst,other,True
Red Rock Canyon School,Eckerd,Brian Pace,Embark,executive director,people,True
RedCliff Ascent,Embark,Kendra Meiklejohn,Aspen,?,other,True
RedCliff Ascent,Embark,Mark Wardle,FHW,field director,people,True
Rick Jackson,Wilderness,Eva Carlston Academy,FHW,medical director,people,True
Rivendell of Arkansas,Eckerd,Ballard Sheppard,WWASPS,CEO,people,True
Rob Cooley,Asst. (north),Catherine Freer Wilderness Therapy,UHS,chair,other,True
Robert Crist,FHW,Silverado Boys Ranch,Eckerd,cofounder/medical director,people,True
Robert Crist,FHW,Discovery Academy,Embark,owner/vice-president,corporate,True
Rocky Mountain Academy,Brown Schools/CEDU,George Ullrich,Asst. (north),,unlabelled,True
Rocky Mountain Academy,Brown Schools/CEDU,Adam Rainer,FHW,survivor,people,True
Rocky Mountain Academy,Brown Schools/CEDU,Theresa Wardle,FHW,therapist,people,True
Rocky Mountain Academy,Brown Schools/CEDU,Doug Kim Brown,Eckerd,headmaster,people,True
Rocky Mountain Academy,Brown Schools/CEDU,Bruce Wilson,Eckerd,team lead,other,True
Rocky Mountain Academy,Brown Schools/CEDU,Adele Logan,Asst. (south),admin,people,True
Rocky Mountain Academy,Brown Schools/CEDU,Mike Strader,Unframed,survivor,people,True
Rocky Mountain Academy,Brown Schools/CEDU,Tim Brace,Aspen,director,people,True
Rocky Mountain Academy,Brown Schools/CEDU,David Yeats,Asst. (north),teacher/counselor,people,True
SUWS Idaho,Aspen,Audrey Everson,Asst. (south),program director,people,True
SUWS Idaho,Aspen,Kathy Rex,Asst. (south),executive director,people,True
SUWS Idaho,Aspen,L. Jay Mitchell,Asst. (south),cofounder/owner,corporate,True
SUWS Idaho,Aspen,Graham Shannonhouse,Asst. (south),program director,people,True
SUWS of the Carolinas,Aspen,Bryan Delaney,Asst. (north),program director,people,True
SUWS of the Carolinas,Aspen,Jeff Scott,Asst. (south),therapist,people,True
SUWS of the Carolinas,Aspen,Daniel Fishburn,Asst. (south),CEO/Executive director,people,True
SUWS of the Carolinas,Aspen,Acadia Healthcare,Embark,acquired,corporate,True
SUWS of the Carolinas,Aspen,Leah Madamba,Embark,program director,people,True
SUWS of the Carolinas,Aspen,Erica Thiessen- House,Wilderness,clinical director,people,True
SageWalk Wilderness,Asst. (north),Cindy Fogel,Aspiro,therapist,people,True
SageWalk Wilderness,Asst. (north),Larry Solie,Wilderness,executive director,people,True
SageWalk Wilderness,Asst. (north),Guy LeGuyonne,UHS,admissions director,people,True
SageWalk Wilderness,Asst. (north),J. Huffine,UHS,clinical director,people,True
SageWalk Wilderness,Asst. (north),Michael Bednarz,Asst. (south),executive director,people,True
SageWalk Wilderness,Asst. (north),Brian Rossiter,UHS,program director,people,True
SageWalk Wilderness,Asst. (north),Alexander MacDonald,Brown Schools/CEDU,clinical director,people,True
"Salesi ""Nale"" Misinale Fakahua",Rite of Passage,Ashcreek Ranch Academy,YSI,?,other,True
"Salesi ""Nale"" Misinale Fakahua",Rite of Passage,Cinnamon Hills Youth Crisis Center,Eckerd,?,other,True
San Marcos Treatment Center,Brown Schools/CEDU,Shephali Sharma,Asst. (north),medical director / unit medical director,people,True
Scott Fitzwater,Aspen,SageWalk Wilderness,Asst. (north),therapist,people,True
Scott Spaw,Asst. (south),Lone Star Expeditions,Aspiro,executive director/clinical director,people,True
Second Nature,Aspiro,Jeff Scott,Asst. (south),clinical director,people,True
Second Nature Blue Ridge,Aspiro,Bryan Delaney,Asst. (north),field director,people,True
Second Nature Cascades,Aspiro,Brian Rossiter,UHS,executive director,people,True
Second Nature Cascades,Aspiro,WIllow Huffine,UHS,psychologist,other,True
Second Nature Uintas,Aspiro,Michael Bednarz,Asst. (south),senior field staff,people,True
Second Nature Wilderness Family Therapy,Aspiro,Jen Murphy,FHW,counselor,people,True
Sedona Sky Academy,Altior,Tammy Prince Behrman,Wilderness,cofounder/owner,corporate,True
Sequel Youth and Family Services,Rite of Passage,Alachua Academy,Vivant,,unlabelled,True
Sequel Youth and Family Services,Rite of Passage,Duval Academy,Vivant,,unlabelled,True
Sequel Youth and Family Services,Rite of Passage,Adam Shapiro,Vivant,cofounder,people,True
Sequel Youth and Family Services,Rite of Passage,Bernalillo Academy,UHS,,unlabelled,True
Sequel Youth and Family Services,Rite of Passage,Auldern Academy,UHS,,unlabelled,True
Sequel Youth and Family Services,Rite of Passage,Jay Ripley,Vivant,founder,people,True
Sequel Youth and Family Services,Rite of Passage,Columbus Youth Academy,Vivant,,unlabelled,True
Sequel Youth and Family Services,Rite of Passage,Marion Youth Academy,Vivant,,unlabelled,True
Sequel Youth and Family Services,Rite of Passage,Casa Grande Academy,Vivant,,unlabelled,True
Sequel Youth and Family Services,Rite of Passage,Red Rock Canyon School,Eckerd,,unlabelled,True
Sharon Sperry-Clegg,Asst. (south),Outdoor Behavioral Healthcare Industry Council,Wilderness,member,people,True
Sharon Sperry-Clegg,Asst. (south),Aspiro Wilderness Adventure Therapy,Asst. (north),risk and compliance manager,people,True
Shawn Ziluck,Asst. (north),Cherokee Creek Boys School,Aspiro,primary counselor,people,True
Shawn Ziluck,Asst. (north),Whetstone Academy,Aspen,cofounder/program coordinator,people,True
Shephali Sharma,Asst. (north),Cedar Crest Hospital & RTC,Aspen,,unlabelled,True
Sheri Gallagher,FHW,Shayne Gallagher,Asst. (south),married,people,True
Shortridge Academy,Altior,Jessa Hobson,Eckerd,clinical program director,people,True
Shortridge Academy,Altior,Bruce Wilson,Eckerd,program director,people,True
Shortridge Academy,Altior,Doug Kim Brown,Eckerd,advisor,other,True
Shortridge Academy,Altior,Audrey Everson,Asst. (south),assistant counseling director,people,True
Shortridge Academy,Altior,Mik Oyler,FHW,COO,people,True
Shortridge Academy,Altior,Michael Charnley,Wilderness,residential life director,people,True
Shortridge Academy,Altior,David Freedman,Wilderness,admissions director,people,True
Shortridge Academy,Altior,Coyote Karrick,Asst. (north),assistant program director,people,True
Silverado Boys Ranch,Eckerd,Nick Pakidko,UHS,,unlabelled,True
Solstice East,FHW,Bryan Tomes,Aspen,academic director/operations director,people,True
Solstice RTC,FHW,Rick Jackson,Wilderness,medical director,people,True
Solstice RTC,FHW,Malynda Scott,Wilderness,counselor,people,True
Solstice RTC,FHW,Virginia Scott Prowse,Asst. (north),,unlabelled,True
Southeast Alabama Youth Leadership Academy,UHS,Camp SAYLA,Rite of Passage,,unlabelled,True
Southwood Psychiatric Hospital,Aspen,Acadia Healthcare,Embark,,unlabelled,True
Spring Creek Lodge Academy,WWASPS,Orval Hagerman,Eckerd,?,other,True
Spring Ridge Academy,HOPE Group,Belle Shook,Eckerd,therapist,people,True
Spring Ridge Academy,HOPE Group,Linda Cathcart,Asst. (south),?,other,True
Spring Ridge Academy,HOPE Group,Cindy Fogel,Aspiro,therapist,people,True
Stacey Rosenberg,Eckerd,Leslie Rosenberg,FHW,sisters,people,True
Stacey Rosenberg,Eckerd,Solstice RTC,FHW,program director,people,True
Steve Debois,FHW,Second Nature Wilderness Family Therapy,Aspiro,clinical director,people,True
Steve Houghton,Asst. (north),Mount Bachelor Academy,Aspen,cofounder,people,True
SunHawk Academy,Wilderness,Kreg Gillman,Altior,executive director,people,True
Sunrise RTC,Embark,Boyd Hooper,Altior,founder,people,True
Sunrise RTC,Embark,Kirk Simon,FHW,psychiatrist,people,True
Synanon,Synanon,CEDU Family of Services,Brown Schools/CEDU,,unlabelled,True
Synanon,Synanon,Daytop Village,Brown Schools/CEDU,,unlabelled,True
Synanon,Synanon,Bill Lane,Brown Schools/CEDU,member,people,True
Talisman Camps,Asst. (south),Cat Jennings,Aspen,founding executive director,people,True
Talisman Camps,Asst. (south),Talisman Programs,Aspen,,unlabelled,True
Tammy Prince Behrman,Wilderness,Cross Creek Programs,WWASPS,admissions director,people,True
Teen Challenge,Teen Challenge,Governor George W. Bush of Texas,Synanon,endorsed,people,True
The Brown Schools,Brown Schools/CEDU,Rae Ann Knopf,FHW,executive director CEDU Family of Services,people,True
The Oakley School,Aspen,Coady Schueler,Altior,?,other,True
The Oakley School,Aspen,Mike Bulloch,Altior,clinical director,people,True
The Oakley School,Aspen,James Meyer,Altior,co-founder/executive director,people,True
The Oakley School,Aspen,W. Kimball DeLaMare,Synanon,cofounder,people,True
The Oakley School,Aspen,Jared Balmer,Wilderness,cofounder,people,True
Theresa Wardle,FHW,Outback Therapeutic Expeditions,Aspen,admissions director,people,True
Theresa Wardle,FHW,The Wardle Home,Asst. (north),cofounder,people,True
Thomas Ring,Embark,Stone Mountain School,Aspen,coordinator,people,True
Three Points Center,WWASPS,Katie Soli,Brown Schools/CEDU,clinical director,people,True
Three Rivers Montana,Altior,Kendra Meiklejohn,Aspen,backcountry field guide,people,True
Three Springs Inc.,Rite of Passage,Rosemary Tippett,UHS,,unlabelled,True
Three Springs Inc.,Rite of Passage,Tere Snodgrass,Unframed,admissions/marketing director,people,True
Tom Bratter,WWASPS,Daytop Village,Brown Schools/CEDU,Intern,people,True
Tracy Schrunk,UHS,WinGate Wilderness Therapy,FHW,therapist,people,True
Tracy Schrunk,UHS,Logan River Academy,FHW,primary therapist,people,True
Tracy Schrunk,UHS,Outback Therapeutic Expeditions,Aspen,primary therapist,people,True
Trails Carolina,FHW,Jason McKeown,Asst. (south),clinical director,people,True
Trails Carolina,FHW,John L Singleton,Aspen,director of business development,people,True
Trails Carolina,FHW,Julia Andrick,Asst. (north),,unlabelled,True
Trina Packard,Wilderness,Pine Ridge Academy,FHW,executive director,people,True
True North Wilderness Program,Wilderness,Jessa Hobson,Eckerd,assistant wilderness guide,people,True
TrueCore Behavioral Solutions,Vivant,Tampa Residential Facility,YSI,,unlabelled,True
TrueCore Behavioral Solutions,Vivant,South Florida Youth Academy,YSI,,unlabelled,True
TrueCore Behavioral Solutions,Vivant,Hillsborough Girls Academy,YSI,,unlabelled,True
Turn-About Ranch,Wilderness,Wayne Stinson,Altior,program supervisor,people,True
Turn-About Ranch,Wilderness,Teresa Shinedling,FHW,,unlabelled,True
Turn-About Ranch,Wilderness,Melodie Rose,Asst. (south),program director,people,True
Turn-About Ranch,Wilderness,"Phillip ""Dr Phil"" McGraw",Evolve,referrals,people,True
UHS of Kootenai River,UHS,Tai Komanec,Brown Schools/CEDU,CEO,people,True
Uinta Academy,Eckerd,Hollie Archibald,FHW,therapist,people,True
Universal Health Services,UHS,Kreg Gillman,Altior,CEO,people,True
Universal Health Services,UHS,Cottonwood Treatment Center,Asst. (north),,unlabelled,True
Universal Health Services,UHS,Boulder Creek Academy,Brown Schools/CEDU,,unlabelled,True
Universal Health Services,UHS,Boulder Creek Academy,Brown Schools/CEDU,acquired,corporate,True
Universal Health Services,UHS,Northwest Academy,Brown Schools/CEDU,acquired,corporate,True
Vantage Point,Aspiro,Jodi Escalante,Asst. (north),field director,people,True
Vermont State Board of Education,Wilderness,Rae Ann Knopf,FHW,deputy commissioner of education,people,True
Viewpoint Center,Wilderness,Brandon Park,Eckerd,?,other,True
Vista Magna RTC,HOPE Group,Tracy Schrunk,UHS,therapist,people,True
Vivant Behavioral Healthcare,Vivant,Brighter Path Courtland,Rite of Passage,,unlabelled,True
W. Kimball DeLaMare,Synanon,NATSAP,FHW,first presitdent,other,True
W. Kimball DeLaMare,Synanon,Island View RTC,Wilderness,cofounder,people,True
WIllow Huffine,UHS,Bridges Boys Academy,Wilderness,clinical director,people,True
WIllow Huffine,UHS,SageWalk Wilderness,Asst. (north),nurse,people,True
WayPoint Academy,Wilderness,Mike Bulloch,Altior,cofounder/ / clinical director,people,True
WayPoint Academy,Wilderness,Kreg Gillman,Altior,executive director,people,True
Wayne Halfway House,YSI,Alachua Academy,Vivant,owner,corporate,True
Wayne Halfway House,YSI,Duval Academy,Vivant,owner,corporate,True
Wimauma Academy,Brown Schools/CEDU,Wayne Halfway House,YSI,owner,corporate,True
WinGate Wilderness Therapy,FHW,Shayne Gallagher,Asst. (south),cofounder/executive director,people,True
WinGate Wilderness Therapy,FHW,Sharon Sperry-Clegg,Asst. (south),program director,people,True
WinGate Wilderness Therapy,FHW,Brad Matheson,Asst. (south),admissions director,people,True
WinGate Wilderness Therapy,FHW,John Cohen,Asst. (north),therapist,people,True
WinGate Wilderness Therapy,FHW,Blaine Fisher,Asst. (north),program director,people,True
WinGate Wilderness Therapy,FHW,Chris Tarver,Asst. (north),execuitve director,people,True
WinGate Wilderness Therapy,FHW,"Phillip ""Dr Phil"" McGraw",Evolve,referrals,people,True
WinGate Wilderness Therapy,FHW,Craig Rogers,Eckerd,executive marketing director,people,True
Youth Care of Utah,Wilderness,Steve Debois,FHW,?,other,True
Youth Services International,YSI,Adam Shapiro,Vivant,senior vice president,people,True
"""Brother Bryan"" Clemensen",Roloff,"""Brother Jim"" Clemenson",Roloff,father,people,False
"""Brother Bryan"" Clemensen",Roloff,Agape Boys Ranch,Roloff,cofounder,people,False
"""Brother Jim"" Clemenson",Roloff,"Kathy ""Ma'am"" Clemenson",Roloff,married,people,False
"""Brother Jim"" Clemenson",Roloff,Agape Boys Ranch,Roloff,cofounder,people,False
ABM Ministries,Roloff,Lighthouse Christian Academy,Roloff,,unlabelled,False
Academy at Canyon Creek,UHS,Provo Canyon School,UHS,acquired,corporate,False
Academy at Cedar Mountain,CERTS,Mountain Springs Preparatory Academy,CERTS,rebrand,corporate,False
Academy at Dundee Ranch,WWASPS,Narvin Lichfield,WWASPS,founder/executive director,people,False
Academy at Dundee Ranch,WWASPS,Pillars of Hope,WWASPS,rebrand,corporate,False
Academy at Swift River,Wilderness,Don Vardell,Wilderness,executive director,people,False
Academy at Swift River,Wilderness,Michael Charnley,Wilderness,counselor,people,False
Acadia Healthcare,Embark,Amir Rafiei,Embark,director of pharmacy,people,False
Acadia Village,Aspen,Village Behavioral Health Treatment Center,Aspen,,unlabelled,False
Adam Ahquin,WWASPS,Clayton Ahquin,WWASPS,father/son,people,False
Adam Ahquin,WWASPS,Second Chances in Southern Utah,WWASPS,employee,people,False
Adam Ahquin,WWASPS,Olympus Academy,WWASPS,employee,people,False
Adam Ahquin,WWASPS,Horizon Academy,WWASPS,,unlabelled,False
Adirondack Leadership Expeditions,Aspen,Susan Hardy,Aspen,executive director,people,False
Agape Baptist Academy,Roloff,Agape Boarding School,Roloff,rebrand,corporate,False
Agape Baptist Church,Roloff,Agape Boarding School,Roloff,owner,corporate,False
Agape Boarding School,Roloff,Wings of Faith Girls Academy,Roloff,sister school,corporate,False
Agape Boarding School,Roloff,David Bosley,Roloff,staff,people,False
Agape Boarding School,Roloff,Brent Jackson,Roloff,dean of students,other,False
Agape Boarding School,Roloff,Lester Roloff,Roloff,photo displayed on campus,people,False
Agape Boys Ranch,Roloff,Agape Baptist Academy,Roloff,rebrand,corporate,False
Agape Boys Ranch,Roloff,Boyd Householder,Roloff,dean of staff/ranch manager,people,False
Alberta Adolescent Recovery Centre,Synanon,Dean Vause,Synanon,founder,people,False
Alberta Adolescent Recovery Centre,Synanon,KIDS of the Canadian West,Synanon,rebrand,corporate,False
Alcoholics Anonymous,Synanon,"Charles ""Chuck"" Dederich",Synanon,member,people,False
Alcoholics Anonymous,Synanon,Tom Powers,Synanon,,unlabelled,False
Alex Bitz,Asst. (south),Sharon Bitz,Asst. (south),married,people,False
All Addicts Anonymous,Synanon,East Ridge Recovery Center,Synanon,,unlabelled,False
Alldredge Academy,Asst. (south),Alldredge Wilderness Journey,Asst. (south),rebrand,corporate,False
Altior Healthcare,Altior,Paradigm Treatment Centers,Altior,,unlabelled,False
Anchor Home for Boys,Roloff,Anchor Academy,Roloff,rebrand,corporate,False
Anderson Academy,Teen Challenge,Treasure Coast Boys Academy,Teen Challenge,rebrand,corporate,False
Anneewakee School,Eckerd,"Leonard ""Len"" Buccellato",Eckerd,?,other,False
Anthony Geraci,Embark,San Cristobal Ranch Academy,Embark,founder,people,False
Appalachian Wilderness Camp,Eckerd,Tim McMahon,Eckerd,,unlabelled,False
Arden Oaks RTC,Evolve,Evolve Treatment Centers,Evolve,,unlabelled,False
Arizona Boys Ranch,Rite of Passage,Canyon State Academy,Rite of Passage,rebrand,corporate,False
Ascent Companies,Embark,RedCliff Ascent,Embark,,unlabelled,False
Ascent Companies,Embark,Discovery Ranch,Embark,,unlabelled,False
Ascent Companies,Embark,Discovery Ranch for Girls,Embark,,unlabelled,False
Ascent Companies,Embark,Oxbow Academy,Embark,,unlabelled,False
Ascent Wilderness Therapy,UHS,Larry Blakey,UHS,executive director,people,False
Ascent Wilderness Therapy,UHS,Tracy Schrunk,UHS,clinical director,people,False
Ascent Wilderness Therapy,UHS,Jonathan Gurney,UHS,clinical services,other,False
Ascent Wilderness Therapy,UHS,Brian Rossiter,UHS,program director,people,False
Ashby Academy,Altior,Christopher Carlin,Altior,dean of students,other,False
Ashcreek Ranch Academy,YSI,Ashcreek Academy,YSI,,unlabelled,False
Aspen Education Group,Aspen,Aspen Achievement Academy,Aspen,,unlabelled,False
Aspen Education Group,Aspen,SUWS of the Carolinas,Aspen,,unlabelled,False
Aspen Education Group,Aspen,Mike Ervin,Aspen,Eastern Regional Director of Admissions / Outdoor Division,people,False
Aspen Education Group,Aspen,Jim Dredge,Aspen,President/CEO,people,False
Aspen Education Group,Aspen,Excel Academy,Aspen,,unlabelled,False
Aspen Education Group,Aspen,SUWS Idaho,Aspen,,unlabelled,False
Aspen Education Group,Aspen,The Oakley School,Aspen,,unlabelled,False
Aspen Education Group,Aspen,Adirondack Leadership Expeditions,Aspen,,unlabelled,False
Aspen Education Group,Aspen,Walkabout Therapeutic Expeditions,Aspen,,unlabelled,False
Aspen Education Group,Aspen,NorthStar Center,Aspen,,unlabelled,False
Aspen Education Group,Aspen,New Leaf Academy of Oregon,Aspen,,unlabelled,False
Aspen Institute for Behavioral Assessment,Wilderness,Viewpoint Center,Wilderness,rebrand,corporate,False
Aspen Institute for Behavioral Assessment,Wilderness,Jared Balmer,Wilderness,cofounder,people,False
Aspen Ranch,Asst. (south),Cheryl Kehl,Asst. (south),clinical director,people,False
Aspen Ranch,Asst. (south),Brad M. Reedy,Asst. (south),clinical director,people,False
Aspen Ranch,Asst. (south),Brandon Burr,Asst. (south),clinical director,people,False
Aspen Youth Alternatives,Wilderness,Alternative Youth Adventures,Wilderness,rebrand,corporate,False
Aspen Youth Services,Aspen,Aspen Education Group,Aspen,rebrand,corporate,False
Aspiro Group,Aspiro,Vantage Point,Aspiro,,unlabelled,False
Avalon Hills Residential Eating Disorder Program,FHW,Hollie Archibald,FHW,therapist,people,False
Becky Simpson,Eckerd,Jeff Simpson,Eckerd,married,people,False
Becky Simpson,Eckerd,Boys Town,Eckerd,house parent,people,False
Bell Academy,WWASPS,Jade Robinson,WWASPS,founder,people,False
Bell Academy,WWASPS,WWASPS,WWASPS,,people,False
Ben Forrester,Roloff,Circle of Hope Girls' Ranch,Roloff,secretary,other,False
Ben Forrester,Roloff,Christopher Allison,Roloff,brothers-in-law,people,False
Berean Baptist Church,Roloff,Jeffrey Ables,Roloff,pastor,people,False
Berean Baptist Church,Roloff,Ben Forrester,Roloff,director,people,False
Bernie Farrow,Unframed,Whitmore Academy,Unframed,therapist,people,False
Bernie Zimmerman,Aspiro,Krista Zimmerman,Aspiro,,unlabelled,False
Bethel Academy for Girls,WWASPS,WWASPS,WWASPS,,people,False
Bethel Baptist Children's Home,WWASPS,Herman Fountain,WWASPS,,unlabelled,False
Bethel Baptist Children's Home,WWASPS,Bethel Boys Academy,WWASPS,,unlabelled,False
Bethel Boys Academy,WWASPS,Eagle Point Christian Academy,WWASPS,,unlabelled,False
Bethel Boys Academy,WWASPS,Bethel Academy for Girls,WWASPS,,people,False
Bethesda Home for Girls,Roloff,Lester Roloff,Roloff,founder,people,False
Bethesda Home for Girls,Roloff,Mountain Park Baptist Boarding Academy,Roloff,rebrand,corporate,False
Betsy Warren,Altior,Sedona Sky Academy,Altior,executive director,people,False
Betsy Warren,Altior,Academy at Sisters,Altior,cofounder,people,False
Betty Argiros,Synanon,East Ridge Recovery Center,Synanon,member,people,False
Betty Argiros,Synanon,"Emmanuel ""Mike"" Argiros",Synanon,son,people,False
Betty Argiros,Synanon,Rita Argiros,Synanon,daughter,people,False
Betty Argiros,Synanon,Family Foundation School,Synanon,cofounder,people,False
Betty Sembler,Synanon,Straight Inc.,Synanon,cofounder,people,False
Bible Baptist Temple,Roloff,Riverside Baptist Church,Roloff,rebrand,corporate,False
Bill Lane,Brown Schools/CEDU,Bill Lane and Associates,Brown Schools/CEDU,,unlabelled,False
Bill Lane and Associates,Brown Schools/CEDU,CEDU Family of Services,Brown Schools/CEDU,transportation service provider,other,False
Bill Wilson,Synanon,Alcoholics Anonymous,Synanon,founder,people,False
Birdseye RTC,CERTS,Birdseye Boys Ranch,CERTS,rebrand,corporate,False
Bledsoe Youth Academy,YOI,Youth Opportunity Investments,YOI,,unlabelled,False
Blue Hills Academy,Asst. (south),Linda Cathcart,Asst. (south),cofounder,people,False
Bobbi Trott Christensen,Eckerd,Crater Lake School,Eckerd,president,people,False
Boulder Creek Academy,Brown Schools/CEDU,Tai Komanec,Brown Schools/CEDU,CEO,people,False
Boyd Hooper,Altior,Focal Point Academy,Altior,recruiter,other,False
Boyd Hooper,Altior,Sundance Canyon Academy,Altior,admissions director,people,False
Boyd Householder,Roloff,Circle of Hope Girls' Ranch,Roloff,cofounder/director,people,False
Boyd Householder,Roloff,Stephanie Householder,Roloff,married,people,False
Boys Town,Eckerd,Jeff Simpson,Eckerd,house parent,people,False
Brandon Burr,Asst. (south),Equine Journeys Adolescent RTC,Asst. (south),cofounder,people,False
Brandon Courtney,HOPE Group,Spring Ridge Academy,HOPE Group,unliscenced therapist,people,False
Brandon Courtney,HOPE Group,Suzie Barth Courtney,HOPE Group,married,people,False
Brent Jackson,Roloff,Legacy Academy Adventures,Roloff,founder,people,False
Brian Pace,Embark,Star Guides Wilderness Therapy,Embark,therapist,people,False
Bridges Boys Academy,Wilderness,Larry Solie,Wilderness,executive director,people,False
Brighter Path Owens Cross Roads,Rite of Passage,Pathway of Madison County,Rite of Passage,,unlabelled,False
Brightway Adolescent Hospital,WWASPS,Narvin Lichfield,WWASPS,enrollment director,people,False
Bromley Brook School,Aspen,Outback Therapeutic Expeditions,Aspen,,unlabelled,False
Broward Youth Treatment Center,YOI,Youth Opportunity Investments,YOI,,unlabelled,False
Bryan Lepinske,Altior,Willow Creek School,Altior,?,other,False
Bryan Tomes,Aspen,Glen Willow Academy,Aspen,cofounder/head of school,people,False
CALO Preteens,Embark,CALO Programs,Embark,merger,corporate,False
CALO Teens,Embark,CALO Programs,Embark,merger,corporate,False
CEDU Family of Services,Brown Schools/CEDU,CEDU High School,Brown Schools/CEDU,,unlabelled,False
CEDU Family of Services,Brown Schools/CEDU,CEDU Middle School,Brown Schools/CEDU,,unlabelled,False
CEDU Family of Services,Brown Schools/CEDU,Boulder Creek Academy,Brown Schools/CEDU,,unlabelled,False
CEDU Family of Services,Brown Schools/CEDU,Rocky Mountain Academy,Brown Schools/CEDU,,unlabelled,False
CEDU Family of Services,Brown Schools/CEDU,Northwest Academy,Brown Schools/CEDU,,unlabelled,False
CEDU Family of Services,Brown Schools/CEDU,Alexander MacDonald,Brown Schools/CEDU,?,other,False
CEDU High School,Brown Schools/CEDU,Bill Lane,Brown Schools/CEDU,president,people,False
CEDU Middle School,Brown Schools/CEDU,Brandi Elliot,Brown Schools/CEDU,admissions director,people,False
CERTS,CERTS,Kolob Canyon RTC,CERTS,,unlabelled,False
CERTS,CERTS,Moonridge Academy,CERTS,,unlabelled,False
CERTS,CERTS,La Europa Academy,CERTS,,unlabelled,False
CERTS,CERTS,Academy at Cedar Mountain,CERTS,acquired,corporate,False
CERTS,CERTS,Kaizen Academy,CERTS,,unlabelled,False
CERTS,CERTS,Craig Rodabough,CERTS,executive director,people,False
CRC Health Group,Embark,Bain Capital,Embark,owner,corporate,False
Calabasas RTC,Evolve,Evolve Treatment Centers,Evolve,,unlabelled,False
Camp Elliott,Aspen,Cat Jennings,Aspen,founding executive director,people,False
Cantrill Nielsen,Embark,Eagle Ranch Academy,Embark,psychiatrist,people,False
Canyon State Academy,Rite of Passage,"Rite of Passage, Inc",Rite of Passage,,unlabelled,False
Carlbrook School,UHS,Jonathan Gurney,UHS,dean of advising,other,False
Carolina Springs Academy,WWASPS,Narvin Lichfield,WWASPS,founder/director,people,False
Casa Grande Academy,Vivant,Vivant Behavioral Healthcare,Vivant,acquired,corporate,False
Casa by the Sea,WWASPS,Come Back Youth Services,WWASPS,rebrand,corporate,False
Casa by the Sea,WWASPS,Dace Goulding,WWASPS,owner,corporate,False
Casa by the Sea,WWASPS,Jade Robinson,WWASPS,director,people,False
Cat Jennings,Aspen,New Leaf Academy of North Carolina,Aspen,founding executive director,people,False
Catherine Freer Wilderness Therapy,UHS,Santiam Crossing,UHS,owner,corporate,False
Cedar County Sheriff's Department,Roloff,Agape Boarding School,Roloff,deputy transporters,people,False
Chaffin Pullan,WWASPS,Cameron Pullan,WWASPS,brothers,people,False
Challenger Foundation,WWASPS,Bill Henry,WWASPS,co-owner,corporate,False
Challenger Foundation,WWASPS,Challenger Hawaii,WWASPS,,unlabelled,False
Challenger Foundation,WWASPS,Challenger Utah,WWASPS,,unlabelled,False
Challenger Foundation,WWASPS,Steve Cartisano,WWASPS,founder/co-owner,corporate,False
Challenger Foundation,WWASPS,"Lance ""Horsehair"" Jaggar",WWASPS,field director/co-owner,corporate,False
"Charles ""Chuck"" Dederich",Synanon,Synanon,Synanon,founder/leader,people,False
Cherry Gulch,HOPE Group,Chris H McRoberts,HOPE Group,cofounder/ program director,people,False
Chilanko Lodge,WWASPS,Steve Cartisano,WWASPS,cofounder,people,False
Chris Tarver,Asst. (north),Aspiro Wilderness Adventure Therapy,Asst. (north),,unlabelled,False
Christian Life Boarding Academy,Roloff,"Rev Bobby Ray ""Papa"" Wills",Roloff,director,people,False
Christopher Allison,Roloff,Circle of Hope Girls' Ranch,Roloff,Board of Directors,people,False
Christopher Carlin,Altior,Valley View School,Altior,clinical director,people,False
Chrysalis Academy,Embark,Chrysalis Therapeutic Boarding School,Embark,rebrand,corporate,False
Chrysalis Therapeutic Boarding School,Embark,Embark Behavioral Health,Embark,acquired,corporate,False
Cindy Fogel,Aspiro,Obsidian Trails Outdoor Schools,Aspiro,therapist,people,False
Circle of Hope Girls' Ranch,Roloff,Jeffrey Ables,Roloff,director,people,False
Clarinda Academy,Rite of Passage,Mark Moses,Rite of Passage,youth counselor,people,False
Clayton Ahquin,WWASPS,Liahona Academy,WWASPS,founder/executive director,people,False
Clearview Horizon,FHW,Clearview Girls Academy,FHW,rebrand,corporate,False
Cliff Stockton,Asst. (south),Education Consultant,Asst. (south),,unlabelled,False
Coady Schueler,Altior,Open Sky Wilderness Program,Altior,therapist,people,False
Columbus Girls Academy,Teen Challenge,Teen Challenge,Teen Challenge,,unlabelled,False
Compass Rose Academy,Asst. (south),David LePere,Asst. (south),board of direcrors,other,False
Compass Rose Academy,Asst. (south),Josiah White's,Asst. (south),owner,corporate,False
Copper Canyon Academy,Altior,Sedona Sky Academy,Altior,rebrand,corporate,False
Craig LaMont,Aspen,Catalyst RTC,Aspen,board member,people,False
Cross Creek Manor for Girls,WWASPS,Cross Creek Programs,WWASPS,,people,False
Cross Creek Manor for Girls,WWASPS,J Ralph Atkin,WWASPS,registered agent,other,False
Cross Creek Manor for Girls,WWASPS,Brent Charles Hall,WWASPS,therapist,people,False
Cross Creek Manor for Girls,WWASPS,Jade Robinson,WWASPS,,unlabelled,False
Cross Creek Programs,WWASPS,Horizon Academy,WWASPS,shared campus,corporate,False
Cross Creek Programs,WWASPS,David Gilcrease,WWASPS,cofounder,people,False
Cross Creek Programs,WWASPS,Karr Farnsworth,WWASPS,director/owner,corporate,False
Cross Creek Programs,WWASPS,Cross Creek Center for Boys,WWASPS,,people,False
Cross Creek Programs,WWASPS,Cross Creek Academy,WWASPS,,people,False
Cross Creek Programs,WWASPS,Norm Thibault,WWASPS,therapist,people,False
Dace Goulding,WWASPS,Dusky Goulding,WWASPS,brothers,people,False
Dace Goulding,WWASPS,Bell Academy,WWASPS,owner,corporate,False
Dace Goulding,WWASPS,Darrington Academy,WWASPS,cofounder,people,False
Daniel Fishburn,Asst. (south),Montfort Hall,Asst. (south),?,other,False
Daniels Academy,Aspiro,Aspiro Group,Aspiro,,unlabelled,False
Darren Prince,Wilderness,Tammy Prince Behrman,Wilderness,siblings,people,False
Darrington Academy,WWASPS,Dusky Goulding,WWASPS,director,people,False
David Bosley,Roloff,Master's Ranch Christian Academy,Roloff,founder,people,False
David Bosley,Roloff,Master's Ranch Junior High,Roloff,founder,people,False
David Freedman,Wilderness,Turnbridge,Wilderness,support staff director,people,False
David Gilcrease,WWASPS,WWASPS,WWASPS,seminar facilitator,other,False
David Gilcrease,WWASPS,Resource Realizations,WWASPS,,unlabelled,False
David LePere,Asst. (south),Janine Riehl LePere,Asst. (south),married,people,False
David Smock,Roloff,Agape Boarding School,Roloff,doctor,people,False
David Smock,Roloff,Legacy Academy Adventures,Roloff,property owner,corporate,False
David Yeats,Asst. (north),Northwoods Boarding School,Asst. (north),founder/director,people,False
Daytop Village,Brown Schools/CEDU,Joe Ricci,Brown Schools/CEDU,survivor,people,False
Daytop Village,Brown Schools/CEDU,Samaritan Daytop Village,Brown Schools/CEDU,rebrand,corporate,False
Dean Bonnano,UHS,Crossroads' Turning Points Recovery Center,UHS,therapist,people,False
Dean Vause,Synanon,KIDS of Bergen County,Synanon,staff,people,False
Dean Vause,Synanon,KIDS of the Canadian West,Synanon,director,people,False
Dennis Crowell,Asst. (south),Brad M. Reedy,Asst. (south),clinical director,people,False
Deschutes Wilderness Therapy,Embark,Xela Goodman,Embark,therapist,people,False
Deschutes Wilderness Therapy,Embark,Steve Sawyer,Embark,cofounder,people,False
Devereux Foundation,HOPE Group,Mycala Cherry,HOPE Group,direct support professional,other,False
Diane LaMont,Aspen,Craig LaMont,Aspen,married,people,False
Discovery Academy,Embark,OASIS Ascent,Embark,rebrand,corporate,False
Discovery Academy,Embark,Ascent Companies,Embark,,unlabelled,False
Discovery Ranch for Girls,Embark,Discovery Ranch,Embark,rebrand,corporate,False
Don Vardell,Wilderness,Aspen Institute for Behavioral Assessment,Wilderness,executive director,people,False
Drug-Free America Foundation,Synanon,Florida Gov. Jeb Bush,Synanon,advisory board member,people,False
E-ma-laku,Eckerd,Tim McMahon,Eckerd,,unlabelled,False
Eagle Point Christian Academy,WWASPS,Gulf Coast Academy,WWASPS,rebrand,corporate,False
Eckerd Academy of the Blue Ridge,Eckerd,E-ma-laku,Eckerd,,unlabelled,False
Eckerd Academy of the Blue Ridge,Eckerd,Eckerd Youth Alternatives,Eckerd,,unlabelled,False
Eckerd Youth Alternatives,Eckerd,Eckerd Connects,Eckerd,rebrand,corporate,False
Elan School,Asst. (north),Peter Rowe,Asst. (north),resident director,people,False
Elan School,Asst. (north),Deanna Atkinson Valente,Asst. (north),admissions director,people,False
Elevations RTC,FHW,Kirk Simon,FHW,psychiatrist,people,False
Elevations RTC,FHW,Family Help & Wellness,FHW,acquired,corporate,False
Embark Behavioral Health,Embark,Embark at Hobble Creek,Embark,,unlabelled,False
Embark Behavioral Health,Embark,Dustin Tibbitts,Embark,division president,people,False
Embark Behavioral Health,Embark,Embark at The Forge,Embark,,unlabelled,False
Embark Behavioral Health,Embark,Steve Sawyer,Embark,outdoor programs chief clinical consultant,people,False
Embark Behavioral Health,Embark,CALO Programs,Embark,,unlabelled,False
Embark Behavioral Health,Embark,New Haven RTC,Embark,acquired,corporate,False
Embark Behavioral Health,Embark,CRC Health Group,Embark,owner,corporate,False
Embark Behavioral Health,Embark,Deschutes Wilderness Therapy,Embark,,unlabelled,False
Embark at Flathead Valley,Embark,Embark Behavioral Health,Embark,,unlabelled,False
Embark at Hobble Creek,Embark,Amir Rafiei,Embark,executive director,people,False
Erica Thiessen- House,Wilderness,Academy at Swift River,Wilderness,lead peer group counselor,people,False
Evangeline Christian Academy,Teen Challenge,Evangelhouse Christian Academy,Teen Challenge,rebrand,corporate,False
Evoke Therapy Programs,Aspiro,Evoke Cascades,Aspiro,,unlabelled,False
Evoke Therapy Programs,Aspiro,Evoke Entrada,Aspiro,,unlabelled,False
Evolve Treatment Centers,Evolve,Danville RTC,Evolve,,unlabelled,False
Evolve Treatment Centers,Evolve,Lafayette RTC,Evolve,,unlabelled,False
Evolve Treatment Centers,Evolve,Walnut Creek RTC,Evolve,,unlabelled,False
Evolve Treatment Centers,Evolve,Dove Song RTC,Evolve,,unlabelled,False
Evolve Treatment Centers,Evolve,Cole Ranch RTC,Evolve,,unlabelled,False
Evolve Treatment Centers,Evolve,Agoura Hills RTC,Evolve,,unlabelled,False
Evolve Treatment Centers,Evolve,Ojai RTC,Evolve,,unlabelled,False
Evolve Treatment Centers,Evolve,Woodland Hills RTC,Evolve,,unlabelled,False
Evolve Treatment Centers,Evolve,Vanalden RTC,Evolve,,unlabelled,False
Evolve Treatment Centers,Evolve,Aura RTC,Evolve,,unlabelled,False
Falcon Ridge Ranch,Rite of Passage,"Rite of Passage, Inc",Rite of Passage,acquired,corporate,False
Family Foundation School,Synanon,Allynwood Academy,Synanon,rebrand,corporate,False
Family Help & Wellness,FHW,Trails Momentum,FHW,,unlabelled,False
Family Help & Wellness,FHW,WinGate Wilderness Therapy,FHW,,unlabelled,False
Family Help & Wellness,FHW,Trails Carolina,FHW,,unlabelled,False
Family Help & Wellness,FHW,Asheville Academy for Girls,FHW,,unlabelled,False
Family Help & Wellness,FHW,New Focus Academy,FHW,,unlabelled,False
Family Help & Wellness,FHW,ROOTs Transition,FHW,,unlabelled,False
Family Help & Wellness,FHW,Red Mountain Colorado,FHW,,unlabelled,False
Family Help & Wellness,FHW,Equinox RTC,FHW,,unlabelled,False
First Light Wilderness Therapy,Embark,Steve Sawyer,Embark,cofounder,people,False
First Light Wilderness Therapy,Embark,Brandon Olson,Embark,operations director,people,False
First Light Wilderness Therapy,Embark,Jeff Holloway,Embark,executive director,people,False
First Light Wilderness Therapy,Embark,Embark Behavioral Health,Embark,,unlabelled,False
Florida Gov. Jeb Bush,Synanon,George W Bush,Synanon,brothers,people,False
Forest Ridge Youth Services,Rite of Passage,Sequel Youth and Family Services,Rite of Passage,,unlabelled,False
Fort Myers Academy,Vivant,TrueCore Behavioral Solutions,Vivant,,unlabelled,False
Fulshear Ranch Academy,Altior,Fulshear Treatment to Transition,Altior,rebrand,corporate,False
Gateway Academy,Rite of Passage,Jordan Larsen,Rite of Passage,clinician,people,False
George Ross,Synanon,"Kids Helping Kids of Hebron, KY",Synanon,founder,people,False
George Ross,Synanon,LIFE,Synanon,founder,people,False
George Ross,Synanon,Possibilities Unlimited,Synanon,founder,people,False
George Ullrich,Asst. (north),Jami Sturges Ullrich,Asst. (north),married,people,False
George W Bush,Synanon,President George W. Bush of the United States of America,Synanon,,unlabelled,False
Glen Mills School,Vivant,Adam Shapiro,Vivant,assistant director,people,False
"Glenda ""Glen"" Roach",WWASPS,Steven Roach,WWASPS,married,people,False
"Glenda ""Glen"" Roach",WWASPS,Morava Academy,WWASPS,director,people,False
Governor George W. Bush of Texas,Synanon,George W Bush,Synanon,,unlabelled,False
Gray Wolf Ranch,Aspen,Jamison Monroe Jr,Aspen,survivor,people,False
Gulf Coast Academy,WWASPS,Narvin Lichfield,WWASPS,acquired by,corporate,False
Gulf Coast Treatment Center,UHS,Universal Health Services,UHS,acquired,corporate,False
HOPE Group,HOPE Group,Integrity House,HOPE Group,,unlabelled,False
HOPE Group,HOPE Group,Zion HIlls Academy,HOPE Group,,unlabelled,False
HOPE Group,HOPE Group,Ken Huey,HOPE Group,CEO,people,False
Havenwood Academy,HOPE Group,Havenwood South,HOPE Group,,unlabelled,False
Havenwood Academy,HOPE Group,Zion HIlls Academy,HOPE Group,,people,False
Hawk's Landing Therapeutic Home for Boys,YSI,Dan Tadlock,YSI,CEO,people,False
Helen Gowanny,Synanon,Pathway Family Cener,Synanon,founder,people,False
Heritage Homestead,WWASPS,Heritage Schools (Heritage RTC),WWASPS,,unlabelled,False
Heritage Schools (Heritage RTC),WWASPS,Spark Academy,WWASPS,,unlabelled,False
Herman Fountain,WWASPS,"John ""Brother Fountain""",WWASPS,son,people,False
Hidden Lake Academy,Eckerd,Brian Ray,Eckerd,assistant dean of admissions,other,False
High Impact,WWASPS,Dace Goulding,WWASPS,co-owner,corporate,False
Holiday Magic,Synanon,Mind Dynamics,Synanon,,people,False
Horizon Academy,WWASPS,Jade Robinson,WWASPS,founder,people,False
Horizon Academy,WWASPS,Youth Foundation Success Academy,WWASPS,rebrand,corporate,False
Huntsman Mental Health Institute,Aspiro,Jessica Jewell,Aspiro,therapist,people,False
Hyrum Taylor,HOPE Group,Integrity House,HOPE Group,assistant director,people,False
Hyrum Taylor,HOPE Group,Academy of Eastern Arizona,HOPE Group,cofounder,people,False
InnerChange,Embark,Dustin Tibbitts,Embark,CEO,people,False
InnerChange,Embark,Leah Madamba,Embark,VP of clinical integration,other,False
InnerChange,Embark,Sunrise RTC,Embark,,unlabelled,False
InnerChange,Embark,New Haven RTC,Embark,,unlabelled,False
InnerChange,Embark,Chrysalis Academy,Embark,,unlabelled,False
Innercept,YSI,"Paradigm Treatment Center Coeur D'Alene, ID",YSI,rebrand,corporate,False
Innercept,YSI,Chris Laviola,YSI,clinical director,people,False
Integrity House,HOPE Group,Havenwood Academy,HOPE Group,,unlabelled,False
Intermountain Hospital,UHS,Universal Health Services,UHS,,unlabelled,False
Ironwood Maine,Altior,Boyd Hooper,Altior,executive director,people,False
Ironwood Maine,Altior,The Ridge Maine,Altior,rebrand,corporate,False
Ironwood Maine,Altior,Altior Healthcare,Altior,acquired,corporate,False
Island View RTC,Wilderness,Rick Jackson,Wilderness,medical director,people,False
Island View RTC,Wilderness,Jared Balmer,Wilderness,founder,people,False
Island View RTC,Wilderness,Don Vardell,Wilderness,executive director,people,False
Island View RTC,Wilderness,Malynda Scott,Wilderness,?,other,False
J Bar J Youth Services,Altior,Academy at Sisters,Altior,,unlabelled,False
J Ralph Atkin,WWASPS,Morava Academy,WWASPS,co-owner,corporate,False
J Ralph Atkin,WWASPS,Joe Atkin,WWASPS,son,people,False
J Ralph Atkin,WWASPS,Red Rock Academy,WWASPS,registered agent,other,False
Jacksonville Youth Academy,Vivant,TrueCore Behavioral Solutions,Vivant,,unlabelled,False
Jacqueline Danforth,Brown Schools/CEDU,New Horizons for Young Women,Brown Schools/CEDU,executive director,people,False
Jade Robinson,WWASPS,Tranquility Bay,WWASPS,?,other,False
James Meyer,Altior,Meyer Education and Family Services,Altior,co-founder/ed consultant,people,False
Jameson Norton,Aspen,Tampa Behavioral Health,Aspen,CEO,people,False
Jamison Monroe Jr,Aspen,Newport Academy,Aspen,cofounder,people,False
Jan Moss,HOPE Group,Spring Ridge Academy,HOPE Group,admin,people,False
Janet Lippold,UHS,Westwood Boys Ranch,UHS,cofounder,people,False
Janet Lippold,UHS,Westwood Program,UHS,cofounder,people,False
Jared Balmer,Wilderness,WayPoint Academy,Wilderness,,unlabelled,False
Jason Derkson,Roloff,Agape Boarding School,Roloff,principal,people,False
Jason Derkson,Roloff,Stone of Help Group Homes,Roloff,founder,people,False
Jay Ripley,Vivant,Vivant Behavioral Healthcare,Vivant,founder,people,False
Jeannie Courtney,HOPE Group,Tom Courtney,HOPE Group,divorced,people,False
Jeannie Courtney,HOPE Group,Brandon Courtney,HOPE Group,son,people,False
Jeremy Nunelley,Asst. (north),Pacific Quest,Asst. (north),,unlabelled,False
Jeremy Poore,Aspen,Stone Mountain School,Aspen,field director,people,False
Jeremy Poore,Aspen,Phoenix Outdoor,Aspen,field instructor,people,False
Jessa Hobson,Eckerd,Elements Wilderness Program,Eckerd,therapist,people,False
Jessica Jewell,Aspiro,Second Nature,Aspiro,,unlabelled,False
Jim Dredge,Aspen,Saving Teens,Aspen,board member,people,False
Joe Atkin,WWASPS,Academy at Dundee Ranch,WWASPS,director,people,False
Joesph Gauld,Aspiro,Hyde School,Aspiro,Founder,people,False
"John ""Brother Fountain""",WWASPS,Bethel Boys Academy,WWASPS,director,people,False
John Hanley Sr,Synanon,LifeSpring Seminars,Synanon,cofounder,people,False
John Hanley Sr,Synanon,Holiday Magic,Synanon,employee,people,False
John L Singleton,Aspen,Whetstone Academy,Aspen,owner/CEO,corporate,False
John L Singleton,Aspen,Maple Hall Academy,Aspen,owner/cEO,corporate,False
John Mercer,Eckerd,Mission Mountain School,Eckerd,,unlabelled,False
Joint Commission,Aspen,Sam Wallace,Aspen,Behavioral Health Surveyor,other,False
Jonathan Daniel Birnkrant,Aspiro,Huntsman Mental Health Institute,Aspiro,psychiatrist,people,False
Josh White,Altior,Maureen White,Altior,married,people,False
Josh White,Altior,Copper Canyon Academy,Altior,program director,people,False
Journey Home,FHW,Family Help & Wellness,FHW,,unlabelled,False
Julio Sandoval,Roloff,Agape Boys Ranch,Roloff,survivor,people,False
Julio Sandoval,Roloff,Agape Boarding School,Roloff,dean of students,other,False
Julio Sandoval,Roloff,Cedar County Sheriff's Department,Roloff,recruited deputies as transporters,people,False
KHK a Pathway Family Center,Synanon,Kids Helping Kids,Synanon,rebrand,corporate,False
KIDS Centers of America,Synanon,KIDS of Greater Salt Lake,Synanon,,unlabelled,False
KIDS Centers of America,Synanon,KIDS of Bergen County,Synanon,,unlabelled,False
KIDS Centers of America,Synanon,KIDS of Southern California,Synanon,,unlabelled,False
KIDS of Bergen County,Synanon,KIDS of North New Jersey,Synanon,rebrand,corporate,False
KIDS of Greater Salt Lake,Synanon,W. Kimball DeLaMare,Synanon,program director,people,False
KIDS of Southern California,Synanon,STRAIGHT Southern California,Synanon,rebrand,corporate,False
KIDS of the Canadian West,Synanon,KIDS Centers of America,Synanon,,unlabelled,False
KW Legacy Ranch,Eckerd,Luke Hatch,Eckerd,founder,people,False
Kaizen Academy,CERTS,Birdseye RTC,CERTS,rebrand,corporate,False
Kansas Industrial School for GIrls,YSI,Youth Center at Beloit,YSI,rebrand,corporate,False
Karen Lee,CERTS,Elk River Treatment Program,CERTS,cofounder/CEO/president,people,False
Karen Lee,CERTS,"Pinnacle Behavioral Health, Inc",CERTS,board chair,other,False
"Kathy ""Ma'am"" Clemenson",Roloff,"""Brother Bryan"" Clemensen",Roloff,mother,people,False
"Kathy ""Ma'am"" Clemenson",Roloff,Agape Boys Ranch,Roloff,cofounder,people,False
Kelly Hollis,UHS,Southeast Alabama Youth Leadership Academy,UHS,executive director,people,False
Ken Betts,Asst. (north),Aspiro Wilderness Adventure Therapy,Asst. (north),program director,people,False
Ken Huey,HOPE Group,Kokua Recovery,HOPE Group,founder,people,False
Ken Kay,WWASPS,Brightway Adolescent Hospital,WWASPS,director,people,False
Ken Kay,WWASPS,Cross Creek Programs,WWASPS,program director,people,False
Ken Kay,WWASPS,Jay Kay,WWASPS,son,people,False
Ken Kay,WWASPS,Browning Distance Learning Academy,WWASPS,superintendent,other,False
Kentucky River Academy,WWASPS,Brent Charles Hall,WWASPS,management director,people,False
Kevin RIchey,WWASPS,Tipton Academy,WWASPS,founder,people,False
Kevin RIchey,WWASPS,Meadowlark Academy,WWASPS,founder,people,False
Kevin RIchey,WWASPS,Bootcamps for Teens,WWASPS,website registrant,corporate,False
Kids Helping Kids,Synanon,"Kids Helping Kids of Hebron, KY",Synanon,,unlabelled,False
Kim Lira,Evolve,Mars Home for Youth,Evolve,residential services director,people,False
Kirk Simon,FHW,Solstice RTC,FHW,psychiatrist,people,False
Kirk Voss,Embark,New Haven RTC,Embark,therapist,people,False
Kirk Voss,Embark,Triple Divide Lodge,Embark,clinical director,people,False
Kolob Canyon RTC,CERTS,Craig Rodabough,CERTS,executive director,people,False
Kris Archer,FHW,Solstice RTC,FHW,business development director,people,False
L. Jay Mitchell,Asst. (south),Alldredge Academy,Asst. (south),cofounder/owner,corporate,False
Lake House Academy,Embark,InnerChange,Embark,,unlabelled,False
Lake House Academy,Embark,Embark Behavioral Health,Embark,acquired,corporate,False
Larry Katz,Brown Schools/CEDU,CEDU High School,Brown Schools/CEDU,supervisor,people,False
Larry Katz,Brown Schools/CEDU,Anderson Creek School,Brown Schools/CEDU,founder,people,False
Lava Heights Academy,Rite of Passage,"Rite of Passage, Inc",Rite of Passage,acquired,corporate,False
Law Enforcement Assistance Administration,Synanon,The Seed,Synanon,funded,corporate,False
Leadership Dynamics,Synanon,Holiday Magic,Synanon,,people,False
Leadership Dynamics,Synanon,Mind Dynamics,Synanon,,people,False
Lee Caldwell,Asst. (north),Jamie Caldwell,Asst. (north),married,people,False
Leigh Uhlenkott,Aspen,Stone Mountain School,Aspen,clinical director,people,False
"Leonard ""Len"" Buccellato",Eckerd,Hidden Lake Academy,Eckerd,co-owner/founder,corporate,False
Lester Roloff,Roloff,Anchor Home for Boys,Roloff,founder,people,False
Lester Roloff,Roloff,Rebekah Home for Girls,Roloff,founder,people,False
Lester Roloff,Roloff,Roloff Evangelistic Enterprises,Roloff,founder,people,False
Liahona Academy,WWASPS,WWASPS,WWASPS,,people,False
Life-Line Inc,Synanon,KIDS of Greater Salt Lake,Synanon,rebrand,corporate,False
Lighthouse Christian Academy,Roloff,Julio Sandoval,Roloff,?,other,False
Lighthouse for Boys,Roloff,Lester Roloff,Roloff,founder,people,False
Lila Bjorklund,Eckerd,Alpine Academy,Eckerd,founder,people,False
Linda Houghton,Asst. (north),Steve Houghton,Asst. (north),married,people,False
Linda Zimmerman,FHW,Rancho Valmora,FHW,clinical consultant,people,False
Liz McGhee,FHW,High Frontier,FHW,referral relations director,people,False
Logan River Academy,FHW,David Allred,FHW,,unlabelled,False
Loretta Parrish,Synanon,SAFE Inc,Synanon,cofounder/ coexecutive director,people,False
MHY Family Services,Evolve,Mars Home for Youth,Evolve,rebrand,corporate,False
Marguerite Sallee,Brown Schools/CEDU,The Brown Schools,Brown Schools/CEDU,CEO,people,False
Mark McGregor,Embark,New Haven RTC,Embark,cofounder,people,False
Mark Moses,Rite of Passage,Forest Ridge Youth Services,Rite of Passage,training manager,people,False
Mark Wardle,FHW,Lee Wardle,FHW,father/son,people,False
Mary Pauer,Asst. (north),Cedars Academy,Asst. (north),cofounder,people,False
Master's Ranch Christian Academy,Roloff,Master's Ranch Junior High,Roloff,,people,False
Master's Ranch Christian Academy,Roloff,Master's Ranch Girls' Academy,Roloff,,people,False
Maureen White,Altior,Copper Canyon Academy,Altior,workshop leader,other,False
Maximum Life Skills Academy,WWASPS,Adam Ahquin,WWASPS,founder/director,people,False
Meg Paul,FHW,Summit Achievement,FHW,therapist,people,False
Mel Sembler,Synanon,Straight Inc.,Synanon,cofounder,people,False
Mel Sembler,Synanon,Betty Sembler,Synanon,married,people,False
Melodie Rose,Asst. (south),Aspen Ranch,Asst. (south),executive director,people,False
Meridell Achievement Center,UHS,Universal Health Services,UHS,acquired,corporate,False
Michael Allgood,Eckerd,Cascade School,Eckerd,,unlabelled,False
Michael Scaletta,Synanon,SAFE Inc,Synanon,cofounder/ coexecutive director,people,False
MidWest Academy,WWASPS,WWASPS,WWASPS,,people,False
Mik Oyler,FHW,Summit Achievement,FHW,executive director,people,False
Mike Palmer,Roloff,Victory Christian Academy,Roloff,founder,people,False
Mike Palmer,Roloff,Genesis by the Sea,Roloff,founder,people,False
Milller Newton,Synanon,KIDS Centers of America,Synanon,,unlabelled,False
Milller Newton,Synanon,KIDS of Bergen County,Synanon,director,people,False
Mind Dynamics,Synanon,John Hanley Sr,Synanon,employee,people,False
Mingus Mountain Academy,Vivant,Vivant Behavioral Healthcare,Vivant,acquired,corporate,False
Morava Academy,WWASPS,Steven Roach,WWASPS,director,people,False
Morava Academy,WWASPS,Jade Robinson,WWASPS,?,other,False
Morava Academy,WWASPS,WWASPS,WWASPS,,people,False
Mount Bachelor Academy,Aspen,Tim Brace,Aspen,executive director,people,False
Mount Helix RTC,Evolve,Evolve Treatment Centers,Evolve,,unlabelled,False
Mountain Park Baptist Boarding Academy,Roloff,Palm Lane Baptist Boarding Academy,Roloff,sister school,corporate,False
NATSAP,FHW,Greg Lindsay,FHW,board member,people,False
Nathan Day,Roloff,Mountain Park Baptist Boarding Academy,Roloff,?,other,False
National Association of Therapeutic Wilderness Camping,Wilderness,National Association of Therapeutic Wilderness Camps,Wilderness,,unlabelled,False
New Beginnings Girls' Academy,Roloff,Rebekah Home for Girls,Roloff,rebrand,corporate,False
New Beginnings Girls' Academy,Roloff,Steven Blankenship,Roloff,trained,other,False
New Haven RTC,Embark,Dustin Tibbitts,Embark,executive director,people,False
New Hope Academy,WWASPS,Steve Cartisano,WWASPS,director,people,False
New Hope Academy,WWASPS,Pacific Coast Academy,WWASPS,rebrand,corporate,False
New Leaf Academy of North Carolina,Aspen,Talisman School,Aspen,rebrand,corporate,False
New Leaf Academy of North Carolina,Aspen,Aspen Education Group,Aspen,,unlabelled,False
New Leaf Academy of North Carolina,Aspen,Bryan Tomes,Aspen,academic director,people,False
New Leaf Academy of North Carolina,Aspen,Michelle McCoy,Aspen,admissions director,people,False
New Leaf Academy of Oregon,Aspen,Outback Therapeutic Expeditions,Aspen,,unlabelled,False
New Vision Wilderness,Embark,Leah Madamba,Embark,COO,people,False
New Vision Wilderness,Embark,Embark Behavioral Health,Embark,,unlabelled,False
Newport Academy,Aspen,Jameson Norton,Aspen,COO,people,False
Newport Academy,Aspen,Joe Procopia,Aspen,CEO,people,False
Nicole Prescott,Embark,Timberline Knolls RTC,Embark,,unlabelled,False
Nicole Prescott,Embark,First Light Wilderness Therapy,Embark,clinical director,people,False
Norm Thibault,WWASPS,Three Points Center,WWASPS,founder,people,False
Norris Academy,Vivant,Vivant Behavioral Healthcare,Vivant,,unlabelled,False
NorthStar Center,Aspen,Outback Therapeutic Expeditions,Aspen,merger,corporate,False
NorthStar Center,Aspen,Scott Fitzwater,Aspen,therapist,people,False
Northwest Academy,Brown Schools/CEDU,Brandi Elliot,Brown Schools/CEDU,admissions director,people,False
Northwest Association of Schools and of Colleges and Universities,Eckerd,Northwest Association International School Visitation Team,Eckerd,,unlabelled,False
OASIS Ascent,Embark,Ascent Companies,Embark,,unlabelled,False
Oasis Academy,Embark,Mark McGregor,Embark,clinical director,people,False
Obsidian Trails Outdoor Schools,Aspiro,Obsidian Schools,Aspiro,rebrand,corporate,False
Old West Academy,WWASPS,Majestic Ranch Academy,WWASPS,rebrand,corporate,False
Olympus View Hospital RTC,WWASPS,Barry Woodward,WWASPS,?,other,False
Olympus View Hospital RTC,WWASPS,Community Psychiatric Centers,WWASPS,owner,corporate,False
Orval Hagerman,Eckerd,Northwest Association International School Visitation Team,Eckerd,member,people,False
Pacific Coast Academy,WWASPS,Steve Cartisano,WWASPS,director,people,False
Paradise Cove,WWASPS,A Better Way Youth Academy,WWASPS,rebrand,corporate,False
Paradise Cove,WWASPS,WWASPS,WWASPS,,people,False
Patrick Hawkins,Embark,Three Strands Wilderness,Embark,program director,people,False
Patrick Hawkins,Embark,Triple Divide Lodge,Embark,cofounder/executive director,people,False
Patti Palmer,Roloff,Victory Christian Academy,Roloff,founder,people,False
Patti Palmer,Roloff,Genesis by the Sea,Roloff,founder,people,False
Paula Riggs,FHW,Clearview Horizon,FHW,admissions director,people,False
Peninsula Village,Aspen,Acadia Village,Aspen,rebrand,corporate,False
Peninsula Village,Aspen,Covenant Health,Aspen,,unlabelled,False
Penny Baker,Rite of Passage,Three Springs Inc.,Rite of Passage,special services coordinator,people,False
People's Baptist Church,Roloff,Lester Roloff,Roloff,founder/pastor,people,False
"Phillip ""Dr Phil"" McGraw",Evolve,Evolve Treatment Centers,Evolve,referrals,people,False
Phoenix Outdoor,Aspen,SUWS of the Carolinas,Aspen,,unlabelled,False
Pine View Christian Academy,WWASPS,Bethel Academy for Girls,WWASPS,rebrand,corporate,False
Piney Ridge Center,Aspen,Justin Hoover,Aspen,CEO,people,False
Piney Ridge Center,Aspen,Ridgeview Group Home,Aspen,,unlabelled,False
"Pinnacle Behavioral Health, Inc",CERTS,Elk River Treatment Program,CERTS,,unlabelled,False
"Pinnacle Behavioral Health, Inc",CERTS,The Pinnacle Schools,CERTS,,unlabelled,False
Ponca Pines Academy,Altior,Betsy Warren,Altior,cofounder,people,False
Provo Canyon School,UHS,Universal Health Services,UHS,acquired,corporate,False
Provo Canyon School,UHS,Nick Pakidko,UHS,academic director,people,False
ROOTs Transition,FHW,Eliza Hitz,FHW,parent clinical director,people,False
ROOTs Transition,FHW,Jamie Palmer,FHW,,unlabelled,False
Rae Ann Knopf,FHW,Bill and Melinda Gates Foundation,FHW,senior program officer GPA North America,other,False
Ramsay Youth Services,YSI,Psychiatric Solutions Inc,YSI,,unlabelled,False
Rancho Valmora,FHW,Liz McGhee,FHW,?,other,False
Randy Soderquist,Eckerd,Re-Creation Retreat,Eckerd,cofounder,people,False
Randy Soderquist,Eckerd,Silverado Boys Ranch,Eckerd,therapist,people,False
Rebekah Home for Girls,Roloff,Victory Christian Academy,Roloff,transferred clients,corporate,False
Red Hawk Academy for Girls,Evolve,"Siuta ""Sonny"" Faaootoa",Evolve,founder,people,False
Red Mountain Colorado,FHW,Family Help & Wellness,FHW,,unlabelled,False
Red Mountain Colorado,FHW,Red Mountain Sedona,FHW,,people,False
Red River Academy,WWASPS,Dusky Goulding,WWASPS,assistant director,people,False
Red River Academy,WWASPS,Brent Charles Hall,WWASPS,owner/director,corporate,False
Red River Academy,WWASPS,US Youth Services,WWASPS,,unlabelled,False
Red Rock Academy,WWASPS,WWASPS,WWASPS,,people,False
Remuda Ranch Programs for Anorexia and Bulimia,WWASPS,Remuda Ranch Programs,WWASPS,rebrand,corporate,False
"Rev Bobby Ray ""Papa"" Wills",Roloff,Mountain Park Baptist Boarding Academy,Roloff,cofounder/director,people,False
"Rev Bobby Ray ""Papa"" Wills",Roloff,Bethesda Home for Girls,Roloff,cofounder,people,False
Ridge Creek School,Embark,Jeff Holloway,Embark,executive director,people,False
Ridgeview Institute,FHW,Emily Lamb,FHW,?,other,False
Rivendell Psychiatric Hospital,Eckerd,Rivendell of Utah,Eckerd,rebrand,corporate,False
Rivendell Psychiatric Hospital,Eckerd,Rivendell of Arkansas,Eckerd,rebrand,corporate,False
Rivendell of Utah,Eckerd,Copper Hills Youth Center,Eckerd,rebrand,corporate,False
Robert B. Lichfield,WWASPS,Narvin Lichfield,WWASPS,brothers,people,False
Robert B. Lichfield,WWASPS,Dan Peart,WWASPS,brothers-in-law,people,False
Robert B. Lichfield,WWASPS,Robert W. Lichfield,WWASPS,son,people,False
Robert Crist,FHW,Logan River Academy,FHW,cofounder/medical director,people,False
Robert Graves,Roloff,Agape Boarding School,Roloff,school resource officer,other,False
Robert Graves,Roloff,Cedar County Sheriff's Department,Roloff,Sheriff's Deputy,people,False
Rocky Mountain Academy,Brown Schools/CEDU,Jacqueline Danforth,Brown Schools/CEDU,survivor,people,False
Ronald D Hunter,YOI,Youth Opportunity Investments,YOI,CEO,people,False
Ronald D Hunter,YOI,Youth Opportunity Foundation,YOI,founder,people,False
Rudy Bentz,FHW,Jill Bentz,FHW,married,people,False
SAFE Inc,Synanon,Florida Gov. Jeb Bush,Synanon,endorsed,people,False
SUWS Adolescent and Youth Programs,Aspen,SUWS of the Carolinas,Aspen,,unlabelled,False
SUWS of the Carolinas,Aspen,Leigh Uhlenkott,Aspen,therapist,people,False
SUWS of the Carolinas,Aspen,Jeremy Poore,Aspen,field instructor,people,False
SUWS of the Carolinas,Aspen,Melvin Cates,Aspen,program director,people,False
SUWS of the Carolinas,Aspen,Mike Ervin,Aspen,admissions director,people,False
SUWS of the Carolinas,Aspen,BRAVO,Aspen,,unlabelled,False
SUWS of the Carolinas,Aspen,SEASONS,Aspen,,unlabelled,False
SUWS of the Carolinas,Aspen,LUNA,Aspen,,unlabelled,False
SUWS of the Carolinas,Aspen,Phoenix Outdoor,Aspen,,unlabelled,False
SageWalk Wilderness,Asst. (north),Blaine Fisher,Asst. (north),field director,people,False
"Salesi ""Nale"" Misinale Fakahua",Rite of Passage,Falcon Ridge Ranch,Rite of Passage,campus culture director,people,False
Sam Wallace,Aspen,Piney Ridge Center,Aspen,clinical director,people,False
San Juan Wilderness Therapy,Embark,Brandon Olson,Embark,,unlabelled,False
San Marcos Treatment Center,Brown Schools/CEDU,Lakshmi Kaza,Brown Schools/CEDU,unit medical director,people,False
Sandhill Child Development Center,FHW,Family Help & Wellness,FHW,,unlabelled,False
Sandhill Child Development Center,FHW,Linda Zimmerman,FHW,cofounder/executive director,people,False
Schrom Boy's Home @ Hawk's Landing,YSI,Schrom Boys' Home,YSI,rebrand,corporate,False
Schrom Boy's Home @ Hawk's Landing,YSI,Julie Schrom,YSI,cofounder/admissions,people,False
Schrom Boy's Home @ Hawk's Landing,YSI,John Schrom,YSI,cofounder/director,people,False
Schrom Boys' Home,YSI,Hawk's Landing Therapeutic Home for Boys,YSI,,unlabelled,False
Sean Haggerty,Aspiro,Daniels Academy,Aspiro,admissions director,people,False
Second Nature Blue Ridge,Aspiro,Blue Ridge Therapeutic Wilderness,Aspiro,rebrand,corporate,False
Second Nature Cascades,Aspiro,Cindy Fogel,Aspiro,,unlabelled,False
Second Nature Entrada,Aspiro,Second Nature Entrada & Cascades,Aspiro,,unlabelled,False
Second Nature Entrada & Cascades,Aspiro,Second Nature Cascades,Aspiro,,unlabelled,False
Second Nature Uintas,Aspiro,Ben Pearson,Aspiro,asst. clinical director,people,False
Second Nature Uintas,Aspiro,Second Nature,Aspiro,rebrand,corporate,False
Second Nature Uintas & Blue Ridge,Aspiro,Second Nature Blue Ridge,Aspiro,,unlabelled,False
Second Nature Uintas & Blue Ridge,Aspiro,Second Nature Uintas,Aspiro,,unlabelled,False
Second Nature Wilderness Family Therapy,Aspiro,Second Nature Uintas & Blue Ridge,Aspiro,,unlabelled,False
Second Nature Wilderness Family Therapy,Aspiro,Second Nature Entrada & Cascades,Aspiro,,unlabelled,False
Seneca Ranch,WWASPS,Carolina Springs Academy,WWASPS,rebrand,corporate,False
Sequel TSI Courtland,Rite of Passage,Brighter Path Courtland,Rite of Passage,,unlabelled,False
Sequel TSI Owens Cross Roads,Rite of Passage,Sequel Youth and Family Services,Rite of Passage,acquired,corporate,False
Sequel TSI Owens Cross Roads,Rite of Passage,Brighter Path Owens Cross Roads,Rite of Passage,,unlabelled,False
Sequel Youth and Family Services,Rite of Passage,Falcon Ridge Ranch,Rite of Passage,,unlabelled,False
Sequel Youth and Family Services,Rite of Passage,Mount Pleasant Academy,Rite of Passage,,unlabelled,False
Sequel Youth and Family Services,Rite of Passage,Clarinda Academy,Rite of Passage,,unlabelled,False
Sequel Youth and Family Services,Rite of Passage,Lava Heights Academy,Rite of Passage,,unlabelled,False
Sequel Youth and Family Services,Rite of Passage,Sequel TSI Courtland,Rite of Passage,,unlabelled,False
Sequel Youth and Family Services,Rite of Passage,Lakeside Academy of Kansas,Rite of Passage,,unlabelled,False
Shadow Mountain Academy,Asst. (north),Trilby Hoover,Asst. (north),admissions director,people,False
Shortridge Academy,Altior,Altior Healthcare,Altior,,unlabelled,False
"Siuta ""Sonny"" Faaootoa",Evolve,Youth Intervention Transport,Evolve,founder,people,False
Social Learning Environments,FHW,Rancho Valmora,FHW,,unlabelled,False
Social Learning Environments,FHW,High Frontier,FHW,,unlabelled,False
Solstice East,FHW,Magnolia Mill School,FHW,rebrand,corporate,False
Solstice East,FHW,Emily Lamb,FHW,mentor,people,False
Solstice East,FHW,Kris Archer,FHW,executive business development director,people,False
Solstice RTC,FHW,Steven Pope,FHW,?,other,False
Solstice RTC,FHW,Solstice East,FHW,,unlabelled,False
Solstice RTC,FHW,Solstice West,FHW,owner,corporate,False
Solstice RTC,FHW,Eliza Hitz,FHW,equine therapy director,people,False
Solstice RTC,FHW,Jamie Palmer,FHW,clinical director,people,False
Solstice RTC,FHW,Guy Andersen,FHW,academic director,people,False
Sonja Fullwood,Asst. (south),Blue Hills Academy,Asst. (south),cofounder,people,False
Spring Creek Lodge Academy,WWASPS,Chaffin Pullan,WWASPS,cofounder/co-owner,corporate,False
Spring Creek Lodge Academy,WWASPS,Cameron Pullan,WWASPS,cofounder/co-owner,corporate,False
Spring Creek Lodge Academy,WWASPS,Dan Peart,WWASPS,co-owner,corporate,False
Spring Creek Lodge Academy,WWASPS,Jade Robinson,WWASPS,?,other,False
Spring Ridge Academy,HOPE Group,Jeannie Courtney,HOPE Group,founder,people,False
St Paul's Preparatory Academy,HOPE Group,Spring Ridge Academy,HOPE Group,brother/sister schools,corporate,False
Stephanie Householder,Roloff,Circle of Hope Girls' Ranch,Roloff,cofounder,people,False
Steve Cartisano,WWASPS,Challenger Hawaii,WWASPS,founder,people,False
Steve Cartisano,WWASPS,Challenger Utah,WWASPS,founder,people,False
Steve Sawyer,Embark,Lad Lake,Embark,line staff,people,False
Steve Sawyer,Embark,Developmental Trauma Training Institute,Embark,founder,people,False
Steven Blankenship,Roloff,Marvelous Grace Girls Academy,Roloff,executive director,people,False
Stillwater Academy,Aspiro,Turnabout Academy,Aspiro,rebrand,corporate,False
Stone Mountain School,Aspen,Camp Elliott,Aspen,rebrand,corporate,False
Stone Mountain School,Aspen,John L Singleton,Aspen,academic director,people,False
Stone Mountain School,Aspen,Susan Hardy,Aspen,executive director,people,False
Straight Inc Cincinnati,Synanon,Kids Helping Kids,Synanon,rebrand,corporate,False
Straight Inc Michigan,Synanon,Helen Gowanny,Synanon,program director,people,False
Straight Inc Michigan,Synanon,Pathway Family Cener,Synanon,rebrand,corporate,False
Straight Inc Orlando,Synanon,Michael Scaletta,Synanon,director,people,False
Straight Inc Orlando,Synanon,Loretta Parrish,Synanon,marketing director,people,False
Straight Inc.,Synanon,Milller Newton,Synanon,nat'l clincical director,people,False
Straight Inc.,Synanon,George Ross,Synanon,executive staff,people,False
Straight Inc.,Synanon,Straight Inc Michigan,Synanon,,unlabelled,False
Straight Inc.,Synanon,Straight Inc Orlando,Synanon,,unlabelled,False
Straight Inc.,Synanon,Straight Inc Cincinnati,Synanon,,unlabelled,False
Straight Inc.,Synanon,STRAIGHT Southern California,Synanon,,unlabelled,False
Straight Inc.,Synanon,Drug-Free America Foundation,Synanon,rebrand,corporate,False
Summer Hornbeck,Embark,Dragonfly Transitions,Embark,admissions director,people,False
Summer Hornbeck,Embark,First Light Wilderness Therapy,Embark,admissions director,people,False
Sunrise Beach,WWASPS,"Glenda ""Glen"" Roach",WWASPS,director,people,False
Sunrise Beach,WWASPS,Steven Roach,WWASPS,director,people,False
Sunrise RTC,Embark,Cantrill Nielsen,Embark,psychiatrist,people,False
Sunrise RTC,Embark,Brian Pace,Embark,program director,people,False
Sunrise RTC,Embark,Embark Behavioral Health,Embark,acquired,corporate,False
Suzie Barth Courtney,HOPE Group,Spring Ridge Academy,HOPE Group,executive director,people,False
Synanon,Synanon,The Seed,Synanon,,unlabelled,False
Synanon,Synanon,Leadership Dynamics,Synanon,,unlabelled,False
Tai Komanec,Brown Schools/CEDU,Northwest Academy,Brown Schools/CEDU,human resources director,people,False
Talisman Programs,Aspen,Talisman School,Aspen,,unlabelled,False
Tasir El- Souessi,FHW,River Point Behavioral Health,FHW,?,other,False
Teen Challenge,Teen Challenge,New Lifehouse Academy,Teen Challenge,,unlabelled,False
Teen Challenge,Teen Challenge,New Hope Boys Home,Teen Challenge,,unlabelled,False
Teen Challenge,Teen Challenge,Lakeland Girls Academy,Teen Challenge,,unlabelled,False
Teen Challenge,Teen Challenge,Teen Challenge of Acadiana Inc,Teen Challenge,,unlabelled,False
Teen Challenge,Teen Challenge,Brush Creek Academy,Teen Challenge,,unlabelled,False
Teen Challenge,Teen Challenge,Gateway Academy,Teen Challenge,,unlabelled,False
Teen Challenge,Teen Challenge,Kansas City Girls Academy,Teen Challenge,,unlabelled,False
Teen Challenge,Teen Challenge,Anderson Academy,Teen Challenge,,unlabelled,False
Teen Challenge,Teen Challenge,Boise Girls Academy,Teen Challenge,,unlabelled,False
Teen Challenge of Acadiana Inc,Teen Challenge,Evangeline Christian Academy,Teen Challenge,rebrand,corporate,False
Teen Discovery,WWASPS,WWASPS,WWASPS,,people,False
Teen Help LLC,WWASPS,Kevin RIchey,WWASPS,staff,people,False
Teen Help LLC,WWASPS,Brent Facer,WWASPS,vice-president,people,False
Teen Mentor,WWASPS,Robert W. Lichfield,WWASPS,owner,corporate,False
Teen Mentor,WWASPS,WWASPS,WWASPS,,people,False
Telos RTC,Aspen,Craig LaMont,Aspen,executive director,people,False
Telos RTC,Aspen,Telos Academy,Aspen,,unlabelled,False
Tennessee Department of Human Services,Brown Schools/CEDU,Marguerite Sallee,Brown Schools/CEDU,commissioner,other,False
Thanks to Calvary,Roloff,Nathan Day,Roloff,director,people,False
The Brown Schools,Brown Schools/CEDU,San Marcos Treatment Center,Brown Schools/CEDU,,unlabelled,False
The Brown Schools,Brown Schools/CEDU,On Track Wilderness Program,Brown Schools/CEDU,,unlabelled,False
The Brown Schools,Brown Schools/CEDU,CEDU Family of Services,Brown Schools/CEDU,acquired,corporate,False
The Goodale School,Asst. (south),Montfort Hall,Asst. (south),rebrand,corporate,False
The Meadows Ranch,WWASPS,Remuda Ranch Programs,WWASPS,rebrand,corporate,False
The Pinnacle Schools,CERTS,Beth Ragland,CERTS,marketing and admissions director,people,False
The Seed,Synanon,Mel Sembler,Synanon,survivor's father,people,False
The Seed,Synanon,Betty Sembler,Synanon,mother of survivor,people,False
Theresa Wardle,FHW,Mark Wardle,FHW,married,people,False
Three Points Center,WWASPS,Jake Roberts,WWASPS,nurse,people,False
Three Springs Courtland,Rite of Passage,Sequel TSI Courtland,Rite of Passage,,unlabelled,False
Three Springs Courtland,Rite of Passage,Three Springs Inc.,Rite of Passage,,unlabelled,False
Three Springs Duck River,Rite of Passage,Sequel TSI Paint Rock Valley,Rite of Passage,merger,corporate,False
Three Springs Inc.,Rite of Passage,Three Springs Paint Rock Valley,Rite of Passage,,unlabelled,False
Three Springs Inc.,Rite of Passage,Three Springs Duck River,Rite of Passage,,unlabelled,False
Three Springs Inc.,Rite of Passage,Three Springs Blue Ridge,Rite of Passage,,unlabelled,False
Three Springs New Beginning,Rite of Passage,Sequel TSI Owens Cross Roads,Rite of Passage,rebrand,corporate,False
Three Springs New Beginning,Rite of Passage,Three Springs Inc.,Rite of Passage,,unlabelled,False
Three Springs Paint Rock Valley,Rite of Passage,Sequel TSI Paint Rock Valley,Rite of Passage,rebrand,corporate,False
Tim Brace,Aspen,Aspen Youth Services,Aspen,educational sercvices director,people,False
Timberlawn Behavioral Health System,UHS,Universal Health Services,UHS,,unlabelled,False
Tom Bratter,WWASPS,The John Dewey Academy,WWASPS,founder/preseident,people,False
Tom Bratter,WWASPS,The International Center for the Study of Psychiatry and Psychology,WWASPS,board of directors member,people,False
Tom Courtney,HOPE Group,Jan Moss,HOPE Group,married,people,False
Tom Powers,Synanon,All Addicts Anonymous,Synanon,,unlabelled,False
Tonna Lawrenson,YSI,Youth Center at Beloit,YSI,?,other,False
Tonna Lawrenson,YSI,Woodward Academy,YSI,clinical director,people,False
Tony Argiros,Synanon,East Ridge Recovery Center,Synanon,member,people,False
Tony Argiros,Synanon,Betty Argiros,Synanon,married,people,False
Tony Argiros,Synanon,"Emmanuel ""Mike"" Argiros",Synanon,son,people,False
Tony Argiros,Synanon,Rita Argiros,Synanon,daughter,people,False
Tony Argiros,Synanon,Family Foundation School,Synanon,cofounder,people,False
Trails Carolina,FHW,Tasir El- Souessi,FHW,therapist,people,False
Trails Carolina,FHW,Jeniveve Rollins,FHW,clinical director,people,False
Trails Momentum,FHW,Momentum,FHW,rebrand,corporate,False
Tranquility Bay,WWASPS,Jay Kay,WWASPS,director,people,False
Tranquility Bay,WWASPS,Eugenia Collins,WWASPS,academic coordinator,people,False
Trina Packard,Wilderness,Youth Care of Utah,Wilderness,CEO,people,False
Trinity Hunt Partners,FHW,Family Help & Wellness,FHW,owner,corporate,False
Triple Divide Lodge,Embark,Anthony Geraci,Embark,cofunder/admissions director,people,False
TrueCore Behavioral Solutions,Vivant,Lake Academy,Vivant,,unlabelled,False
TrueCore Behavioral Solutions,Vivant,Polk Halfway House,Vivant,,unlabelled,False
TrueCore Behavioral Solutions,Vivant,G4s Youth Services LLC,Vivant,rebrand,corporate,False
TrueCore Behavioral Solutions,Vivant,Orlando Intensive Youth Academy,Vivant,,unlabelled,False
TrueCore Behavioral Solutions,Vivant,Les Peters Academy,Vivant,,unlabelled,False
TrueCore Behavioral Solutions,Vivant,Columbus Youth Academy,Vivant,owner,corporate,False
TrueCore Behavioral Solutions,Vivant,Highlands Youth Academy,Vivant,,unlabelled,False
Turning Winds Academic Institute,Asst. (north),Gordon Newell,Asst. (north),program director,people,False
Uinta Academy,Eckerd,Jeff Simpson,Eckerd,founder,people,False
Universal Health Services,UHS,Alabama Clinical Schools,UHS,acquired,corporate,False
Universal Health Services,UHS,Hill Crest Behavioral Health,UHS,acquired,corporate,False
Universal Health Services,UHS,Laurel Hills Behavioral Health,UHS,acquired,corporate,False
Universal Health Services,UHS,Ascent Wilderness Therapy,UHS,acquired,corporate,False
Universal Health Services,UHS,Okaloosa Youth Academy,UHS,,unlabelled,False
Utah Girls' Village,Eckerd,Lila Bjorklund,Eckerd,founder,people,False
Utah Youth Village,Eckerd,Alpine Academy,Eckerd,owner,corporate,False
Utah Youth Village,Eckerd,Utah Girls' Village,Eckerd,rebrand,corporate,False
Vantage Point,Aspiro,ThreePeaks Ascent RTC,Aspiro,rebrand,corporate,False
Victory Christian Academy,Roloff,Lighthouse of Northwest Florida,Roloff,rebrand,corporate,False
VisionQuest,UHS,Larry Blakey,UHS,?,other,False
Vista Treatment Centers,HOPE Group,Vista Magna RTC,HOPE Group,,unlabelled,False
Vivant Behavioral Healthcare,Vivant,Oak Grove Academy,Vivant,,unlabelled,False
Vivant Behavioral Healthcare,Vivant,Columbus Youth Academy,Vivant,acquired,corporate,False
Vivant Behavioral Healthcare,Vivant,Alachua Academy,Vivant,acquired,corporate,False
Vivant Behavioral Healthcare,Vivant,Marion Youth Academy,Vivant,acquired,corporate,False
Vivant Behavioral Healthcare,Vivant,Duval Academy,Vivant,acquired,corporate,False
WIllow Huffine,UHS,J. Huffine,UHS,married,people,False
WWASPS,WWASPS,New Hope Academy,WWASPS,,people,False
WWASPS,WWASPS,Horizon Academy,WWASPS,,people,False
WWASPS,WWASPS,Brent Facer,WWASPS,trustee,corporate,False
WWASPS,WWASPS,Cross Creek Programs,WWASPS,,unlabelled,False
WWASPS,WWASPS,Tranquility Bay,WWASPS,,people,False
WWASPS,WWASPS,High Impact,WWASPS,,people,False
WWASPS,WWASPS,Bethel Boys Academy,WWASPS,,people,False
WWASPS,WWASPS,Majestic Ranch Academy,WWASPS,,people,False
WWASPS,WWASPS,Eagle Point Christian Academy,WWASPS,,people,False
WWASPS,WWASPS,Casa by the Sea,WWASPS,,people,False
WWASPS,WWASPS,Darrington Academy,WWASPS,,people,False
WWASPS,WWASPS,Robert B. Lichfield,WWASPS,founder/owner,corporate,False
WWASPS,WWASPS,Academy at Ivy Ridge,WWASPS,,people,False
WWASPS,WWASPS,Carolina Springs Academy,WWASPS,,people,False
WWASPS,WWASPS,Academy at Dundee Ranch,WWASPS,,people,False
WWASPS,WWASPS,Teen Help LLC,WWASPS,,people,False
WWASPS,WWASPS,Karr Farnsworth,WWASPS,president,people,False
WWASPS,WWASPS,Ken Kay,WWASPS,president,people,False
WWASPS,WWASPS,Joe F Akins,WWASPS,prepared tax guides for WWASP websites,people,False
Waco Center for Youth,Brown Schools/CEDU,Lakshmi Kaza,Brown Schools/CEDU,medical director,people,False
Walkabout Therapeutic Expeditions,Aspen,Outback Therapeutic Expeditions,Aspen,rebrand,corporate,False
Wayne Lippold,UHS,Westwood Program,UHS,cofounder,people,False
Wayne Lippold,UHS,Janet Lippold,UHS,married,people,False
Wayne Stinson,Altior,Ironwood Maine,Altior,cofounder/intake manager,people,False
West Ridge Academy,HOPE Group,Utah Boys Ranch,HOPE Group,rebrand,corporate,False
West Ridge Academy,HOPE Group,Ken Huey,HOPE Group,clinical director,people,False
West Ridge Academy,HOPE Group,Randy Oakley,HOPE Group,program director,people,False
Western Youth,YSI,Youth Services International,YSI,,unlabelled,False
Westwood Boys Ranch,UHS,Meridell Achievement Center,UHS,,unlabelled,False
Westwood Boys Ranch,UHS,Westwood Program,UHS,rebrand,corporate,False
Westwood Boys Ranch,UHS,Wayne Lippold,UHS,cofounder,people,False
Whetstone Academy,Aspen,Maple Hall Academy,Aspen,rebrand,corporate,False
Whetstone Academy,Aspen,Bryan Tomes,Aspen,cofounder/business director,people,False
William Marshall,Roloff,Circle of Hope Girls' Ranch,Roloff,Board of Directors,people,False
William Marshall,Roloff,Riverside Baptist Church,Roloff,pastor,people,False
William Penn Patrick,Synanon,Holiday Magic,Synanon,owner,corporate,False
William Penn Patrick,Synanon,Leadership Dynamics,Synanon,owner,corporate,False
William Penn Patrick,Synanon,Mind Dynamics,Synanon,owner,corporate,False
Willow Springs Center,UHS,Universal Health Services,UHS,,unlabelled,False
WinGate Wilderness Therapy,FHW,Sheri Gallagher,FHW,cofounder/operations director,people,False
WinGate Wilderness Therapy,FHW,Paula Riggs,FHW,admissions,other,False
Woodward Academy,YSI,Georgia Military School,YSI,rebrand,corporate,False
Xela Goodman,Embark,New Summit Academy,Embark,clinical director,people,False
Xela Goodman,Embark,Arivaca Boys Ranch,Embark,therapist,people,False
Youth Center at Beloit,YSI,Beloit Juvenile Correctional Facility,YSI,rebrand,corporate,False
Youth Foundation Success Academy,WWASPS,Three Points Center,WWASPS,rebrand,corporate,False
Youth Intervention Transport,Evolve,"Phillip ""Dr Phil"" McGraw",Evolve,referrals,people,False
Youth Intervention Transport,Evolve,Next Step Youth Transport Services,Evolve,,unlabelled,False
Youth Opportunity Investments,YOI,Mansfield Juvenile Treatment Center,YOI,,unlabelled,False
Youth Opportunity Investments,YOI,Crestview Youth Academy,YOI,,unlabelled,False
Youth Opportunity Investments,YOI,Deep Creek Youth Academy,YOI,,unlabelled,False
Youth Opportunity Investments,YOI,Everglades Youth Academy,YOI,,unlabelled,False
Youth Opportunity Investments,YOI,Kissimmee Youth Academy,YOI,,unlabelled,False
Youth Opportunity Investments,YOI,St Augustine Youth Academy,YOI,,unlabelled,False
Youth Opportunity Investments,YOI,Rosewood Youth Academy,YOI,,unlabelled,False
Youth Opportunity Investments,YOI,Youth Opportunity Foundation,YOI,,people,False
Zion HIlls Academy,HOPE Group,Havenwood North,HOPE Group,,unlabelled,False
blueFire Wilderness Therapy,FHW,Family Help & Wellness,FHW,,unlabelled,False
