state,unique_name,facility_name
ALABAMA,Alabama Baptist Children’s Homes - Calhoun,Alabama Baptist Children’s Homes - Calhoun
ALABAMA,Alabama Baptist Children's Homes - Morgan,Alabama Baptist Children's Homes - Morgan
ALABAMA,Alabama Clinical Schools,Alabama Clinical Schools
ALABAMA,Alabama Department of Youth Services - Autauga Campus,Alabama Department of Youth Services - Autauga Campus
ALABAMA,Alabama Department of Youth Services - Mt. Meigs,Alabama Department of Youth Services - Mt. Meigs
ALABAMA,Alabama Department of Youth Services - Vacca Facility,Alabama Department of Youth Services - Vacca Facility
ALABAMA,AltaPointe - Adolescent Independence Program-Three Notch Rd,AltaPointe - Adolescent Independence Program-Three Notch Rd
ALABAMA,AltaPointe Health Systems - Baypointe,AltaPointe Health Systems - Baypointe
ALABAMA,Baldwin County Regional Juvenile Detention Center,Baldwin County Regional Juvenile Detention Center
ALABAMA,Beacon Children's Hospital,Beacon Children's Hospital
ALABAMA,Beacon House/Concerned Citizens for Our Youth,Beacon House/Concerned Citizens for Our Youth
ALABAMA,Blessed Hope Boys Academy,Blessed Hope Boys Academy
ALABAMA,Boys & Girls Ranches of AL,Boys & Girls Ranches of AL
ALABAMA,Brewer Porch Children's Center,Brewer Porch Children's Center
ALABAMA,Brewer Porch-STTEP Program,Brewer Porch-STTEP Program
ALABAMA,Brighter Path Courtland,Brighter Path Courtland
ALABAMA,Brighter Path Montgomery,Brighter Path Montgomery
ALABAMA,Brighter Path Tuskegee,Brighter Path Tuskegee
ALABAMA,Burts Place Home for Boys,Burts Place Home for Boys
ALABAMA,Columbus Girls Academy,Columbus Girls Academy
ALABAMA,Coosa Valley Regional Juvenile Detention Center,Coosa Valley Regional Juvenile Detention Center
ALABAMA,Enrestoration Inc,Enrestoration Inc
ALABAMA,Freewill Baptist Home,Freewill Baptist Home
ALABAMA,Jemison Group Home,Jemison Group Home
ALABAMA,Kids to Love Foundation - Davidson Farms,Kids to Love Foundation - Davidson Farms
ALABAMA,Magnolia Creek Treatment Center for Eating Disorders,Magnolia Creek Treatment Center for Eating Disorders
ALABAMA,Moriah Christian Children’s Home,Moriah Christian Children’s Home
ALABAMA,"Pathway, Inc.","Pathway, Inc."
ALABAMA,Pathway of Madison County,Pathway of Madison County
ALABAMA,Pearls of Promise Girls Academy,Pearls of Promise Girls Academy
ALABAMA,Rachel Academy for Girls,Rachel Academy for Girls
ALABAMA,Reclamation Ranch,Reclamation Ranch
ALABAMA,Restoration Youth Academy,Restoration Youth Academy
ALABAMA,Saving Youth Foundation,Saving Youth Foundation
ALABAMA,Sequel TSI Paint Rock Valley,Sequel TSI Paint Rock Valley
ALABAMA,Shelby County Regional Juvenile Detention Facility,Shelby County Regional Juvenile Detention Facility
ALABAMA,Solid Rock Ministries,Solid Rock Ministries
ALABAMA,Southeast Alabama Youth Leadership Academy,Southeast Alabama Youth Leadership Academy
ALABAMA,Southern Preparatory Academy,Southern Preparatory Academy
ALABAMA,Southern Oaks Center,Southern Oaks Center
ALABAMA,Team Achievers Discipline Academy,Team Achievers Discipline Academy
ALABAMA,The Pinnacle Schools,The Pinnacle Schools
ALABAMA,The START Program,The START Program
ALABAMA,Three Springs New Direction,Three Springs New Direction
ALABAMA,Tri-Wil,Tri-Wil
ALABAMA,Tuscaloosa County Juvenile Detention Center,Tuscaloosa County Juvenile Detention Center
ALABAMA,United Methodist Children's Home - Mobile Group Home,United Methodist Children's Home - Mobile Group Home
ALABAMA,United Methodist Children's Home - The Settlement,United Methodist Children's Home - The Settlement
ALABAMA,United Methodist Children's Home -Tuscaloosa ‘,United Methodist Children's Home -Tuscaloosa ‘
ALABAMA,United Methodist Children’s Home - Wiregrass,United Methodist Children’s Home - Wiregrass
ALABAMA,Westwood Residential Treatment Center,Westwood Residential Treatment Center
ALABAMA,Wiregrass Children's Home,Wiregrass Children's Home
ALASKA,AK Child & Family - Jesse Lee Campus,AK Child & Family - Jesse Lee Campus
ALASKA,AK Child & Family - Maplewood Campus,AK Child & Family - Maplewood Campus
ALASKA,Alaska Crossings,Alaska Crossings
ALASKA,Alaska Wilderness Institute,Alaska Wilderness Institute
ALASKA,Bethel Youth Facility,Bethel Youth Facility
ALASKA,Birchwood,Birchwood
ALASKA,Boys and Girls Home of Alaska,Boys and Girls Home of Alaska
ALASKA,Fairbanks Youth Facility,Fairbanks Youth Facility
ALASKA,Johnson Youth Center,Johnson Youth Center
ALASKA,Kenai Peninsula Youth Facility,Kenai Peninsula Youth Facility
ALASKA,Mat-Su Youth Facility,Mat-Su Youth Facility
ALASKA,McLaughlin Youth Center,McLaughlin Youth Center
ALASKA,North Star Behavioral Health DeBarr RTC for Girls,North Star Behavioral Health DeBarr RTC for Girls
ALASKA,North Star Behavioral Health Palmer RTC for Boys,North Star Behavioral Health Palmer RTC for Boys
ALASKA,Presbyterian Hospitality House - Bias Home,Presbyterian Hospitality House - Bias Home
ALASKA,Presbyterian Hospitality House - Chena Hot Springs Rd Farm,Presbyterian Hospitality House - Chena Hot Springs Rd Farm
ALASKA,Presbyterian Hospitality House - Dawn Lake,Presbyterian Hospitality House - Dawn Lake
ALASKA,Presbyterian Hospitality House - Hood Court,Presbyterian Hospitality House - Hood Court
ALASKA,Presbyterian Hospitality House - ILL Learning Lab,Presbyterian Hospitality House - ILL Learning Lab
ALASKA,Presbyterian Hospitality House - Silverberry House,Presbyterian Hospitality House - Silverberry House
ALASKA,Providence Residential Treatment Program,Providence Residential Treatment Program
ALASKA,SEARHC Raven’s Way Lighthouse Program,SEARHC Raven’s Way Lighthouse Program
ALASKA,VOA Alaska Adolescent Residential Center for Help [ARCH],VOA Alaska Adolescent Residential Center for Help [ARCH]
ARIZONA,A Caring Community LLC,A Caring Community LLC
ARIZONA,A Dream Called Hope LLC,A Dream Called Hope LLC
ARIZONA,"A New Leaf, Inc. - Alice Peterson Residence","A New Leaf, Inc. - Alice Peterson Residence"
ARIZONA,"A New Leaf, Inc. - Dorothy Mitchell Residence","A New Leaf, Inc. - Dorothy Mitchell Residence"
ARIZONA,"A New Leaf, Inc. - Larry Simmons Residence","A New Leaf, Inc. - Larry Simmons Residence"
UTAH,Academy of Eastern Arizona,Academy of Eastern Arizona
ARIZONA,Adobe Mountain School,Adobe Mountain School
ARIZONA,"All Minds Crave Success, LLC","All Minds Crave Success, LLC"
ARIZONA,Amazing G LLC,Amazing G LLC
ARIZONA,America’s Buffalo Soldiers Boot Camp,America’s Buffalo Soldiers Boot Camp
ARIZONA,"American Eagle Boys Ranch, LLC","American Eagle Boys Ranch, LLC"
ARIZONA,Anasazi Foundation,Anasazi Foundation
ARIZONA,Angel Kids Academy,Angel Kids Academy
ARIZONA,"Angel’s Safe Haven, LLC","Angel’s Safe Haven, LLC"
ARIZONA,"Animals Facilitating Adolescents and Children Therapeutically, Inc.","Animals Facilitating Adolescents and Children Therapeutically, Inc."
ARIZONA,Arivaca Boys Ranch,Arivaca Boys Ranch
ARIZONA,Arizona Children’s Group LLC,Arizona Children’s Group LLC
ARIZONA,Arizona Community First,Arizona Community First
ARIZONA,Ascending Roots,Ascending Roots
ARIZONA,Avery’s House,Avery’s House
ARIZONA,AZ Lavender Behavioral Health Services LLC Residential,AZ Lavender Behavioral Health Services LLC Residential
ARIZONA,"Back to Life, Inc - Sunset House","Back to Life, Inc - Sunset House"
ARIZONA,"Beautiful Beginnings Residential Homes, LLC","Beautiful Beginnings Residential Homes, LLC"
ARIZONA,Best Care Behavioral Homes,Best Care Behavioral Homes
ARIZONA,Black Canyon Juvenile Rehabilitation Center,Black Canyon Juvenile Rehabilitation Center
ARIZONA,Blue Hills Academy,Blue Hills Academy
ARIZONA,Blue Ridge Manor,Blue Ridge Manor
ARIZONA,Boj Residential Homes,Boj Residential Homes
ARIZONA,Camelback Kids,Camelback Kids
ARIZONA,Canyon State Academy,Canyon State Academy
ARIZONA,Casa Amanecer,Casa Amanecer
ARIZONA,Casa de Fortaleza,Casa de Fortaleza
ARIZONA,Casa de Sonrisa,Casa de Sonrisa
ARIZONA,Casa de Tucson LLC,Casa de Tucson LLC
ARIZONA,Casa Grande Academy,Casa Grande Academy
ARIZONA,Catalina Mountain School,Catalina Mountain School
ARIZONA,Coconino Juvenile Detention Center,Coconino Juvenile Detention Center
ARIZONA,"Colpayne Care, LLC","Colpayne Care, LLC"
ARIZONA,Copa’s Caring Hands,Copa’s Caring Hands
ARIZONA,Cottonwood Tucson,Cottonwood Tucson
ARIZONA,Dalia Homecare LLC - Children’s Residential Facility,Dalia Homecare LLC - Children’s Residential Facility
ARIZONA,"Day Starz Group Home, Inc.","Day Starz Group Home, Inc."
ARIZONA,"Desert Angels Behavioral Health Services, LLC","Desert Angels Behavioral Health Services, LLC"
ARIZONA,Destiny Behavioral Health Residential Care LLC,Destiny Behavioral Health Residential Care LLC
ARIZONA,Devereux Arizona - AIC,Devereux Arizona - AIC
ARIZONA,Devereux Arizona RTC,Devereux Arizona RTC
ARIZONA,Devereux Arizona - Broadway Campus,Devereux Arizona - Broadway Campus
ARIZONA,Devereux Arizona - Casa Amistad,Devereux Arizona - Casa Amistad
ARIZONA,Devereux Arizona - Casa Ensueno,Devereux Arizona - Casa Ensueno
ARIZONA,Devereux Arizona - Casa Sol,Devereux Arizona - Casa Sol
ARIZONA,Devereux Arizona - Casa Valor,Devereux Arizona - Casa Valor
ARIZONA,Dream Builders,Dream Builders
ARIZONA,Eagle's Nest Residential - Euclid,Eagle's Nest Residential - Euclid
ARIZONA,Eagles Nest Boys & Girls Residential Agency,Eagles Nest Boys & Girls Residential Agency
ARIZONA,"Elevate Residential Behavioral Health Facilities, LLC","Elevate Residential Behavioral Health Facilities, LLC"
ARIZONA,Empire Group Home LLC,Empire Group Home LLC
ARIZONA,Empowered Care Homes LLC,Empowered Care Homes LLC
ARIZONA,"Empowerment Family Care, Inc.","Empowerment Family Care, Inc."
ARIZONA,Estrella Vista Ranch,Estrella Vista Ranch
ARIZONA,Family Solutions Foundation,Family Solutions Foundation
ARIZONA,"Fay’s House 1, 2, 3","Fay’s House 1, 2, 3"
ARIZONA,First Step Behavioral Health,First Step Behavioral Health
ARIZONA,"Florence Crittenton Services Of Arizona, Inc.","Florence Crittenton Services Of Arizona, Inc."
ARIZONA,Forward In Life,Forward In Life
ARIZONA,Forward In Life II,Forward In Life II
ARIZONA,Generations Group Home,Generations Group Home
ARIZONA,Grace of Serenity Living,Grace of Serenity Living
ARIZONA,"Heart of Gold Group Home, LLC","Heart of Gold Group Home, LLC"
ARIZONA,Hope And Peace LLC,Hope And Peace LLC
ARIZONA,Horizon Recovery - Arrowhead,Horizon Recovery - Arrowhead
ARIZONA,Horizon Recovery - Buckeye,Horizon Recovery - Buckeye
ARIZONA,Horizon Recovery - Deer Valley,Horizon Recovery - Deer Valley
ARIZONA,House Of Joy,House Of Joy
ARIZONA,In Balance Ranch Academy,In Balance Ranch Academy
ARIZONA,KidsQuest Wagon Train,KidsQuest Wagon Train
ARIZONA,L’Amour Group Home,L’Amour Group Home
ARIZONA,La Paloma Family Services - Diamondback Group Home for Girls,La Paloma Family Services - Diamondback Group Home for Girls
ARIZONA,La Paloma Family Services - McKinley Group Home,La Paloma Family Services - McKinley Group Home
ARIZONA,La Paloma Family Services - Menninger House,La Paloma Family Services - Menninger House
ARIZONA,La Paloma Family Services - Timrod Group Home,La Paloma Family Services - Timrod Group Home
ARIZONA,La Paloma Family Services - Victoria House,La Paloma Family Services - Victoria House
ARIZONA,Life Change Family Services Inc.,Life Change Family Services Inc.
ARIZONA,Life Is A Circle LLC,Life Is A Circle LLC
ARIZONA,Mingus Mountain Academy,Mingus Mountain Academy
ARIZONA,"Mingus Mountain Estate Residential Center, Inc.","Mingus Mountain Estate Residential Center, Inc."
ARIZONA,"Mingus Mountain Estate Residential Center, Inc. - Amber Hills","Mingus Mountain Estate Residential Center, Inc. - Amber Hills"
ARIZONA,"Mingus Mountain Estate Residential Center, Inc. - Emily House","Mingus Mountain Estate Residential Center, Inc. - Emily House"
ARIZONA,"Mingus Mountain Estate Residential Center, Inc. - Farrington House","Mingus Mountain Estate Residential Center, Inc. - Farrington House"
ARIZONA,Modern Recovery Services,Modern Recovery Services
ARIZONA,"Mohave Mental Health Clinic, Inc. - Diamond House","Mohave Mental Health Clinic, Inc. - Diamond House"
ARIZONA,"Mon Ami 2 Group Home, LLC","Mon Ami 2 Group Home, LLC"
ARIZONA,Mountain View,Mountain View
ARIZONA,Native Youth Development Services LLC,Native Youth Development Services LLC
ARIZONA,Navajo County Juvenile Restoration Services,Navajo County Juvenile Restoration Services
ARIZONA,New Age Horizon Residential,New Age Horizon Residential
ARIZONA,"Next Generation Youth And Family Services, Inc.","Next Generation Youth And Family Services, Inc."
ARIZONA,Oak Creek Ranch School,Oak Creek Ranch School
ARIZONA,Our House Residentials,Our House Residentials
ARIZONA,P.O.W.E.R. House Youth Facility,P.O.W.E.R. House Youth Facility
ARIZONA,Palo Verde Behavioral Health Unit,Palo Verde Behavioral Health Unit
ARIZONA,Pascua Yaqui Tribe Yoeme Kari Group Home,Pascua Yaqui Tribe Yoeme Kari Group Home
ARIZONA,Pinal County Juvenile Detention Center,Pinal County Juvenile Detention Center
PENNSYLVANIA,Prescott House,Prescott House
ARIZONA,Progressive Health Alliance,Progressive Health Alliance
ARIZONA,Re-Creation Retreat,Re-Creation Retreat
ARIZONA,Red Hawk Academy for Girls,Red Hawk Academy for Girls
ARIZONA,Rey Ash Residential Facility LLC,Rey Ash Residential Facility LLC
ARIZONA,RMBHS - Arvada House,RMBHS - Arvada House
ARIZONA,RMBHS - Cogdell House,RMBHS - Cogdell House
ARIZONA,RMBHS - Lakeview House,RMBHS - Lakeview House
ARIZONA,RMBHS - Opal House,RMBHS - Opal House
ARIZONA,RMBHS - Plata House,RMBHS - Plata House
ARIZONA,RMBHS - Posada House,RMBHS - Posada House
ARIZONA,RMBHS - Renata House,RMBHS - Renata House
ARIZONA,RMBHS - Somerset House,RMBHS - Somerset House
ARIZONA,RMBHS - Vincent House,RMBHS - Vincent House
ARIZONA,Rosewood Ranch,Rosewood Ranch
ARIZONA,"Saharan Oasis, LLC","Saharan Oasis, LLC"
ARIZONA,Sedona Sky Academy,Sedona Sky Academy
ARIZONA,San Tan Behavioral Health Services LLC,San Tan Behavioral Health Services LLC
ARIZONA,Second Chance Behavioral Health,Second Chance Behavioral Health
ARIZONA,Sequel TSI Sierra Vista,Sequel TSI Sierra Vista
ARIZONA,Serenity Preferred LLC,Serenity Preferred LLC
ARIZONA,Shining Hearts Residential Treatment Center,Shining Hearts Residential Treatment Center
NEVADA,Silver State Academy,Silver State Academy
ARIZONA,Smoki Trail,Smoki Trail
ARIZONA,"Southwest Key Programs, Inc - Campbell","Southwest Key Programs, Inc - Campbell"
ARIZONA,Spring Ridge Academy,Spring Ridge Academy
ARIZONA,St. Paul’s Preparatory Academy,St. Paul’s Preparatory Academy
ARIZONA,"Star House BHRF, LLC","Star House BHRF, LLC"
ARIZONA,"Start Living Behavioral Health Center, LLC","Start Living Behavioral Health Center, LLC"
ARIZONA,Starks Homes LLC,Starks Homes LLC
ARIZONA,StreetLightUSA,StreetLightUSA
ARIZONA,Sunflower Living LLC,Sunflower Living LLC
ARIZONA,Sunny Side Group Home,Sunny Side Group Home
ARIZONA,Teen Reach,Teen Reach
ARIZONA,The Meadows Adolescent Center,The Meadows Adolescent Center
ARIZONA,The Meadows Ranch,The Meadows Ranch
ARIZONA,The U-Turn Foundation,The U-Turn Foundation
ARIZONA,The U-Turn Foundation - Keep Right,The U-Turn Foundation - Keep Right
ARIZONA,The Wick Home for Emotional Growth and Recovery,The Wick Home for Emotional Growth and Recovery
ARIZONA,Thy Grace Care LLC,Thy Grace Care LLC
ARIZONA,Tree Of Life Arizona,Tree Of Life Arizona
ARIZONA,Trinity Recovery Home,Trinity Recovery Home
ARIZONA,Twin Hearts LLC,Twin Hearts LLC
ARIZONA,Victory Behavioral Healthcare PLLC,Victory Behavioral Healthcare PLLC
ARIZONA,Vision Quest - 7 Directions,Vision Quest - 7 Directions
ARIZONA,Yavapai Juvenile Justice Center,Yavapai Juvenile Justice Center
ARIZONA,Youth Development Institute,Youth Development Institute
ARIZONA,Youth Development Institute - Portland House,Youth Development Institute - Portland House
ARIZONA,"Youth Transition Services, Inc.","Youth Transition Services, Inc."
ARIZONA,Zarephath Inc.,Zarephath Inc.
ARIZONA,Zarephath Inc. - Apache House,Zarephath Inc. - Apache House
ARIZONA,Zarephath Inc. - Chaparral House,Zarephath Inc. - Chaparral House
ARIZONA,Zarephath Inc. - Yuma House,Zarephath Inc. - Yuma House
ARKANSAS,Alexander Youth Services Center,Alexander Youth Services Center
ARKANSAS,Arkansas County Juvenile Center,Arkansas County Juvenile Center
ARKANSAS,Basic Life Principles Training Center,Basic Life Principles Training Center
ARKANSAS,Benton County Juvenile Detention,Benton County Juvenile Detention
ARKANSAS,"Children’s Homes, Inc.","Children’s Homes, Inc."
ARKANSAS,Craighead County Detention Center,Craighead County Detention Center
ARKANSAS,Crittenden County Juvenile Detention Center,Crittenden County Juvenile Detention Center
ARKANSAS,Faulkner County Juvenile Detention Center,Faulkner County Juvenile Detention Center
KENTUCKY,Florence Crittenton Home,Florence Crittenton Home
ARKANSAS,Garland County Juvenile Detention,Garland County Juvenile Detention
ARKANSAS,Glenhaven Youth Ranch,Glenhaven Youth Ranch
ARKANSAS,Hillcrest Children’s Home,Hillcrest Children’s Home
ARKANSAS,Jack Jones Juvenile Detention Center,Jack Jones Juvenile Detention Center
ARKANSAS,Lantz Lurry Juvenile Detention Center,Lantz Lurry Juvenile Detention Center
ARKANSAS,Lewisville Juvenile Treatment Center,Lewisville Juvenile Treatment Center
ARKANSAS,Pinnacle Pointe Sub-Acute Inpatient Treatment,Pinnacle Pointe Sub-Acute Inpatient Treatment
ARKANSAS,Pulaski County Juvenile Detention,Pulaski County Juvenile Detention
ARKANSAS,Rivendell of Arkansas,Rivendell of Arkansas
ARKANSAS,"Searcy Children’s Home, Inc.","Searcy Children’s Home, Inc."
ARKANSAS,Sebastian County Juvenile Detention Center,Sebastian County Juvenile Detention Center
ARKANSAS,Southeast Arkansas Residential Treatment Facility,Southeast Arkansas Residential Treatment Facility
ARKANSAS,The Lord’s Ranch,The Lord’s Ranch
ARKANSAS,Vantage Point Behavioral Health RTP,Vantage Point Behavioral Health RTP
ARKANSAS,Washington County Juvenile Detention Center,Washington County Juvenile Detention Center
ARKANSAS,White River Juvenile Detention Center,White River Juvenile Detention Center
ARKANSAS,Yell County Juvenile Detention Center,Yell County Juvenile Detention Center
CALIFORNIA,"2nd Home, Inc - San Jose","2nd Home, Inc - San Jose"
CALIFORNIA,"2nd Home, Inc - Tenaya House","2nd Home, Inc - Tenaya House"
CALIFORNIA,Aaron's Boys Home,Aaron's Boys Home
CALIFORNIA,About Face Cadet Corps,About Face Cadet Corps
CALIFORNIA,Achieve Residential Center,Achieve Residential Center
CALIFORNIA,Adeona Healthcare,Adeona Healthcare
CALIFORNIA,Adolescent Growth,Adolescent Growth
CALIFORNIA,Advent Group Ministries - Summit Ranch,Advent Group Ministries - Summit Ranch
CALIFORNIA,Agape Homes Orcutt,Agape Homes Orcutt
CALIFORNIA,Agoura Hills RTC,Agoura Hills RTC
CALIFORNIA,Alan M. Crogan Youth Treatment/Educational Center,Alan M. Crogan Youth Treatment/Educational Center
CALIFORNIA,Alana's House,Alana's House
CALIFORNIA,Alpha Connection Youth & Family Services,Alpha Connection Youth & Family Services
CALIFORNIA,Alameda County Juvenile Justice Facility,Alameda County Juvenile Justice Facility
CALIFORNIA,Amali,Amali
CALIFORNIA,Angel Gate Academy,Angel Gate Academy
CALIFORNIA,Arden Oaks RTC,Arden Oaks RTC
CALIFORNIA,"Argent Ventures, Inc.","Argent Ventures, Inc."
CALIFORNIA,Arise for Girls Los Angeles,Arise for Girls Los Angeles
CALIFORNIA,Ascend – Canyons,Ascend – Canyons
CALIFORNIA,Ascend – Empress House,Ascend – Empress House
CALIFORNIA,Ascend – Haven House,Ascend – Haven House
CALIFORNIA,Ascend – Kallos House,Ascend – Kallos House
CALIFORNIA,Ascend – Magnolia House,Ascend – Magnolia House
CALIFORNIA,Ascend – Oaks House,Ascend – Oaks House
CALIFORNIA,Ashlan House,Ashlan House
CALIFORNIA,Atkinson Family Services,Atkinson Family Services
CALIFORNIA,Aura RTC,Aura RTC
CALIFORNIA,Barry J. Nidorf Juvenile Hall SYTF,Barry J. Nidorf Juvenile Hall SYTF
CALIFORNIA,Barstow House,Barstow House
CALIFORNIA,Bauer Residential Santa Maria 3 Group Home,Bauer Residential Santa Maria 3 Group Home
CALIFORNIA,Bayfront Youth and Family Services - Residential Treatment Program,Bayfront Youth and Family Services - Residential Treatment Program
CALIFORNIA,Bea's Youth Treatment Home for Girls,Bea's Youth Treatment Home for Girls
CALIFORNIA,Beachside Teen Treatment,Beachside Teen Treatment
CALIFORNIA,Bear Creek Academy Youth Camp,Bear Creek Academy Youth Camp
CALIFORNIA,Bella Vista @ Taylor,Bella Vista @ Taylor
CALIFORNIA,Bella Vista @ Wyoming,Bella Vista @ Wyoming
CALIFORNIA,Bell Academy,Bell Academy
CALIFORNIA,Berhe Group Home Inc.,Berhe Group Home Inc.
CALIFORNIA,Berkeley Cottage,Berkeley Cottage
CALIFORNIA,Berkeley Lodge,Berkeley Lodge
CALIFORNIA,Betty's House of Care,Betty's House of Care
CALIFORNIA,Blissful Living Group Home,Blissful Living Group Home
CALIFORNIA,Blue Mountain Wilderness Program,Blue Mountain Wilderness Program
CALIFORNIA,Blume Behavioral Health RTC,Blume Behavioral Health RTC
CALIFORNIA,BNI Teen Treatment Centers - Agoura,BNI Teen Treatment Centers - Agoura
CALIFORNIA,BNI Teen Treatment Centers - Calabasas,BNI Teen Treatment Centers - Calabasas
CALIFORNIA,Born for Nia Maternity Home,Born for Nia Maternity Home
CALIFORNIA,Bourne Family Services,Bourne Family Services
CALIFORNIA,Boys Hope Girls Hope of Southern California,Boys Hope Girls Hope of Southern California
CALIFORNIA,Boys Republic,Boys Republic
CALIFORNIA,Boys Republic Graves Cottage STRTP,Boys Republic Graves Cottage STRTP
CALIFORNIA,Boys Republic McCormick STRTP,Boys Republic McCormick STRTP
CALIFORNIA,Boys Republic Monrovia Residence,Boys Republic Monrovia Residence
CALIFORNIA,Boys Republic Pomona Residence,Boys Republic Pomona Residence
CALIFORNIA,Boys Republic Silverlake Residence,Boys Republic Silverlake Residence
CALIFORNIA,Breaking the Cycle Treatment Program,Breaking the Cycle Treatment Program
CALIFORNIA,Brighter Horizon Treatment Center,Brighter Horizon Treatment Center
CALIFORNIA,Building Unique Youth Alternatives,Building Unique Youth Alternatives
CALIFORNIA,Bruce & Nelson Residential Facility,Bruce & Nelson Residential Facility
CALIFORNIA,Build Bright Care Group,Build Bright Care Group
CALIFORNIA,Burt Children's Center,Burt Children's Center
CALIFORNIA,Butte County Camp Condor,Butte County Camp Condor
CALIFORNIA,Butte County Juvenile Hall,Butte County Juvenile Hall
CALIFORNIA,Calabasas RTC,Calabasas RTC
CALIFORNIA,California Family Life Center - Hemet House,California Family Life Center - Hemet House
CALIFORNIA,California Family Life Center - Hemet Ranch,California Family Life Center - Hemet Ranch
CALIFORNIA,California Family Life Center - Sunset House,California Family Life Center - Sunset House
CALIFORNIA,"Cameron Youth Home Facilities, Inc.","Cameron Youth Home Facilities, Inc."
CALIFORNIA,Camp Erwin Owen,Camp Erwin Owen
CALIFORNIA,Camp Joseph Scott,Camp Joseph Scott
CALIFORNIA,Camp O'Neal,Camp O'Neal
CALIFORNIA,Camp Resnick,Camp Resnick
CALIFORNIA,Camp Wilmont Sweeney,Camp Wilmont Sweeney
CALIFORNIA,Campus Kilpatrick SYTF,Campus Kilpatrick SYTF
CALIFORNIA,Camry Group Home,Camry Group Home
CALIFORNIA,Canyon Oaks Youth Center,Canyon Oaks Youth Center
CALIFORNIA,Capistrano-By-the-Sea,Capistrano-By-the-Sea
CALIFORNIA,Casa de Amparo - Casa Kids Campus STRTP,Casa de Amparo - Casa Kids Campus STRTP
CALIFORNIA,Casa Esperanza STRTP - Chino,Casa Esperanza STRTP - Chino
CALIFORNIA,Casa Esperanza STRTP - Pomona,Casa Esperanza STRTP - Pomona
CALIFORNIA,Casa Pacifica STRTP,Casa Pacifica STRTP
CALIFORNIA,Cascade School,Cascade School
CALIFORNIA,Center for Reuniting Families,Center for Reuniting Families
CALIFORNIA,Center for ReUniting Families at Camp Osceola,Center for ReUniting Families at Camp Osceola
CALIFORNIA,Core Conditions Inc. - Oak,Core Conditions Inc. - Oak
CALIFORNIA,Core Conditions Inc. - Brawley,Core Conditions Inc. - Brawley
CALIFORNIA,Core Conditions Inc. - Dakota,Core Conditions Inc. - Dakota
CALIFORNIA,CCJ - Heart to Heart,CCJ - Heart to Heart
CALIFORNIA,CEDU Middle School,CEDU Middle School
CALIFORNIA,Celeste House,Celeste House
CALIFORNIA,Central Valley Juvenile Detention & Assessment Center,Central Valley Juvenile Detention & Assessment Center
CALIFORNIA,Chamberlain's Youth Services,Chamberlain's Youth Services
CALIFORNIA,"Changing Faces, Inc","Changing Faces, Inc"
CALIFORNIA,Charis Youth Center,Charis Youth Center
CALIFORNIA,Childhelp - Joann,Childhelp - Joann
CALIFORNIA,Childhelp - Johnson,Childhelp - Johnson
CALIFORNIA,Childhelp - Merv Griffin Village,Childhelp - Merv Griffin Village
CALIFORNIA,Children's Home of Stockton - Alpine Cottage,Children's Home of Stockton - Alpine Cottage
CALIFORNIA,Children's Home of Stockton - Aspen Cottage,Children's Home of Stockton - Aspen Cottage
CALIFORNIA,Children's Home of Stockton - Cypress Cottage,Children's Home of Stockton - Cypress Cottage
CALIFORNIA,Children's Home of Stockton - Delta Cottage,Children's Home of Stockton - Delta Cottage
CALIFORNIA,Children's Home of Stockton - Oak Cottage,Children's Home of Stockton - Oak Cottage
CALIFORNIA,Children's Home of Stockton - Redwood Cottage,Children's Home of Stockton - Redwood Cottage
CALIFORNIA,Children's Home of Stockton - Triplex Cottages,Children's Home of Stockton - Triplex Cottages
CALIFORNIA,Children's Hope Group Home,Children's Hope Group Home
CALIFORNIA,Children's Legacy Center,Children's Legacy Center
CALIFORNIA,Children's Receiving Home of Sacramento RTP,Children's Receiving Home of Sacramento RTP
CALIFORNIA,Circle C Ranch,Circle C Ranch
CALIFORNIA,Coastal Valley Academy,Coastal Valley Academy
CALIFORNIA,Cole Ranch RTC,Cole Ranch RTC
CALIFORNIA,Contra Costa Juvenile Hall,Contra Costa Juvenile Hall
CALIFORNIA,Corinthians Helping Hand Group Home,Corinthians Helping Hand Group Home
CALIFORNIA,Courage to Change,Courage to Change
CALIFORNIA,Creekside STRP,Creekside STRP
CALIFORNIA,Crittenton Services for Children and Families STRTP,Crittenton Services for Children and Families STRTP
CALIFORNIA,Danville RTC,Danville RTC
CALIFORNIA,Daniel and Nancy Marble Casa De Ninos,Daniel and Nancy Marble Casa De Ninos
CALIFORNIA,Daughter Project Girls Home,Daughter Project Girls Home
CALIFORNIA,David and Margaret Youth and Family Services STRTP,David and Margaret Youth and Family Services STRTP
CALIFORNIA,Desert Sage Youth Wellness Center,Desert Sage Youth Wellness Center
CALIFORNIA,Dignity STRTP,Dignity STRTP
FLORIDA,Discovery Mood & Anxiety Program,Discovery Mood & Anxiety Program
CALIFORNIA,DN Associates - Blythe,DN Associates - Blythe
CALIFORNIA,DN Associates - Polk,DN Associates - Polk
CALIFORNIA,Door to Hope - Santa Lucia,Door to Hope - Santa Lucia
CALIFORNIA,Dorothy Kirby Center SYTF,Dorothy Kirby Center SYTF
CALIFORNIA,Dove Song RTC,Dove Song RTC
CALIFORNIA,Downs & Martin Children Services,Downs & Martin Children Services
CALIFORNIA,EA Nighthawk STRTP,EA Nighthawk STRTP
CALIFORNIA,Eagle Eye - Horizons,Eagle Eye - Horizons
CALIFORNIA,Eagle Eye - Vista,Eagle Eye - Vista
CALIFORNIA,Eagle's Wings Ranch,Eagle's Wings Ranch
CALIFORNIA,East Mesa Juvenile Detention Facility,East Mesa Juvenile Detention Facility
CALIFORNIA,Echo Malibu Youth Treatment Center,Echo Malibu Youth Treatment Center
CALIFORNIA,Edgewood Center for Children and Families STRTP,Edgewood Center for Children and Families STRTP
CALIFORNIA,Eggleston - Ontario STRTP,Eggleston - Ontario STRTP
CALIFORNIA,Eggleston Upland Group Home,Eggleston Upland Group Home
CALIFORNIA,Eggleston West Covina Group Home,Eggleston West Covina Group Home
CALIFORNIA,Eggleston Youth Center,Eggleston Youth Center
CALIFORNIA,El Dorado Juvenile Treatment Center,El Dorado Juvenile Treatment Center
CALIFORNIA,Elite Family Systems Inc. - Banyan Home,Elite Family Systems Inc. - Banyan Home
CALIFORNIA,Elite Family Systems Inc. - Blaker Home,Elite Family Systems Inc. - Blaker Home
CALIFORNIA,Elite Family Systems Inc. - Leslie Home,Elite Family Systems Inc. - Leslie Home
CALIFORNIA,Elite Family Systems Inc. - Scoffield Home,Elite Family Systems Inc. - Scoffield Home
CALIFORNIA,Elysian STRTP,Elysian STRTP
PENNSYLVANIA,Embark Behavioral Health RTC,Embark Behavioral Health RTC
CALIFORNIA,Embolden Youth Services - Iris House,Embolden Youth Services - Iris House
CALIFORNIA,Ettie Lee Homes - Fontana Home,Ettie Lee Homes - Fontana Home
CALIFORNIA,Ettie Lee Homes - Robertson Memorial Home,Ettie Lee Homes - Robertson Memorial Home
CALIFORNIA,Faith Home Teen Ranch,Faith Home Teen Ranch
CALIFORNIA,Family First Growth Camp,Family First Growth Camp
CALIFORNIA,Family Life Center,Family Life Center
CALIFORNIA,Family of Programs STRTP,Family of Programs STRTP
CALIFORNIA,Father's Heart Ranch,Father's Heart Ranch
CALIFORNIA,Ferree's Group Home,Ferree's Group Home
CALIFORNIA,"First Chance at Success Children's Home, Inc.","First Chance at Success Children's Home, Inc."
CALIFORNIA,First Step Treatment Home,First Step Treatment Home
CALIFORNIA,Five Acres - Solita Home,Five Acres - Solita Home
CALIFORNIA,Five Acres STRTP - Colby,Five Acres STRTP - Colby
CALIFORNIA,Forest Farms,Forest Farms
CALIFORNIA,Fred C. Nelles Youth Correctional Facility,Fred C. Nelles Youth Correctional Facility
CALIFORNIA,Fred D. Jones Youth Center,Fred D. Jones Youth Center
CALIFORNIA,Fred Finch Youth & Family Services - New Yosemite,Fred Finch Youth & Family Services - New Yosemite
CALIFORNIA,Fred Finch Youth & Family Services - San Diego Dual Diagnosis,Fred Finch Youth & Family Services - San Diego Dual Diagnosis
CALIFORNIA,Fresno Youth for Christ,Fresno Youth for Christ
CALIFORNIA,Future Stars Youth Center,Future Stars Youth Center
CALIFORNIA,Gateway Residential Program - Fair Oaks House,Gateway Residential Program - Fair Oaks House
CALIFORNIA,Gateway Residential Programs - Gingerblossom House,Gateway Residential Programs - Gingerblossom House
CALIFORNIA,Gateway Residential Programs - Hickory House,Gateway Residential Programs - Hickory House
CALIFORNIA,Gateway Residential Programs - Palm House,Gateway Residential Programs - Palm House
CALIFORNIA,Gateway Residential Programs - Winding House,Gateway Residential Programs - Winding House
CALIFORNIA,Gentle Spirit Ranch,Gentle Spirit Ranch
CALIFORNIA,Girls Republic,Girls Republic
CALIFORNIA,Greater New Beginnings - Filbert House,Greater New Beginnings - Filbert House
CALIFORNIA,Greenway Orchard,Greenway Orchard
CALIFORNIA,Guiding Hands School,Guiding Hands School
CALIFORNIA,Gym TD,Gym TD
CALIFORNIA,Hanna Boys Center STRTP,Hanna Boys Center STRTP
CALIFORNIA,"Harbor Youth Facility, Inc.","Harbor Youth Facility, Inc."
CALIFORNIA,Hart Community Homes,Hart Community Homes
CALIFORNIA,Harvest Safe Haven for Boys,Harvest Safe Haven for Boys
CALIFORNIA,Hathaway-Sycamores Child and Family Services,Hathaway-Sycamores Child and Family Services
CALIFORNIA,Haven of Hope - Abeona House,Haven of Hope - Abeona House
CALIFORNIA,Haven of Hope - Halcyon House,Haven of Hope - Halcyon House
CALIFORNIA,Haynes House STRTP,Haynes House STRTP
CALIFORNIA,Hazel House,Hazel House
CALIFORNIA,Heart of Worship Community Church Group Home,Heart of Worship Community Church Group Home
CALIFORNIA,Helen E. Cowell Children's Center,Helen E. Cowell Children's Center
CALIFORNIA,Helping Hands Home for Children,Helping Hands Home for Children
CALIFORNIA,High Desert JDAC,High Desert JDAC
CALIFORNIA,Hillcrest Adolescent Treatment Center,Hillcrest Adolescent Treatment Center
CALIFORNIA,Hillcrest Juvenile Hall,Hillcrest Juvenile Hall
CALIFORNIA,Hillside Horizon for Teens - Juanita Facility,Hillside Horizon for Teens - Juanita Facility
CALIFORNIA,Hillside Horizon for Teens - Richard Facility,Hillside Horizon for Teens - Richard Facility
CALIFORNIA,Hillside Horizon for Teens - Ridgeview Facility,Hillside Horizon for Teens - Ridgeview Facility
CALIFORNIA,HillsidesCares RTP,HillsidesCares RTP
CALIFORNIA,Home of Excellence,Home of Excellence
CALIFORNIA,Hope for Youth Inc. - Bain House,Hope for Youth Inc. - Bain House
CALIFORNIA,House of Sulaiman Children's Home,House of Sulaiman Children's Home
CALIFORNIA,Humboldt County Juvenile Hall,Humboldt County Juvenile Hall
CALIFORNIA,Imperial County Juvenile Hall,Imperial County Juvenile Hall
CALIFORNIA,Indio Juvenile Hall,Indio Juvenile Hall
CALIFORNIA,Inspiring Pathways,Inspiring Pathways
CALIFORNIA,Iris Garrett Juvenile Justice Correctional Complex,Iris Garrett Juvenile Justice Correctional Complex
CALIFORNIA,James G. Bowles Juvenile Hall,James G. Bowles Juvenile Hall
CALIFORNIA,James Penny House Inc.,James Penny House Inc.
CALIFORNIA,John & Dorothy Almklov House,John & Dorothy Almklov House
CALIFORNIA,Jordan House of Umoja,Jordan House of Umoja
CALIFORNIA,Juvenile Commitment Facility,Juvenile Commitment Facility
CALIFORNIA,Juvenile Justice Campus,Juvenile Justice Campus
CALIFORNIA,Kearny Mesa Juvenile Detention Facility,Kearny Mesa Juvenile Detention Facility
CALIFORNIA,Kern County Crossroads - Larry J. Rhoades Facility,Kern County Crossroads - Larry J. Rhoades Facility
CALIFORNIA,Key Healthcare Adolescent RTC,Key Healthcare Adolescent RTC
CALIFORNIA,Kings County Juvenile Center,Kings County Juvenile Center
CALIFORNIA,Koinonia BHP - Auburn,Koinonia BHP - Auburn
CALIFORNIA,Koinonia BHP - Loomis Homes for Teens,Koinonia BHP - Loomis Homes for Teens
CALIFORNIA,Koinonia BHP - Rocklin,Koinonia BHP - Rocklin
CALIFORNIA,LA Camp Afflerbaugh,LA Camp Afflerbaugh
CALIFORNIA,LA Camp Glenn Rockey,LA Camp Glenn Rockey
CALIFORNIA,LA Camp Joseph Paige,LA Camp Joseph Paige
CALIFORNIA,LA Central Juvenile Hall,LA Central Juvenile Hall
CALIFORNIA,La Cheim STRTP,La Cheim STRTP
CALIFORNIA,Lafayette RTC,Lafayette RTC
CALIFORNIA,Leadership Empowerment and Discipline Boot Camp,Leadership Empowerment and Discipline Boot Camp
CALIFORNIA,LGTC - Cambrian Park,LGTC - Cambrian Park
CALIFORNIA,LGTC - Willow Glen Residential,LGTC - Willow Glen Residential
CALIFORNIA,Lift Your Head Up STRTP,Lift Your Head Up STRTP
CALIFORNIA,Lightfully Encinitas Teen RTC,Lightfully Encinitas Teen RTC
CALIFORNIA,Lighthouse Mentoring Center,Lighthouse Mentoring Center
CALIFORNIA,Los Padrinos Juvenile Hall SYTF,Los Padrinos Juvenile Hall SYTF
CALIFORNIA,Los Prietos Boys Camp,Los Prietos Boys Camp
CALIFORNIA,Madera Correctional Academy,Madera Correctional Academy
CALIFORNIA,"Manuc,h Inc. - Aspen House","Manuc,h Inc. - Aspen House"
CALIFORNIA,"Manuch, Inc. - Inspiration Peak","Manuch, Inc. - Inspiration Peak"
CALIFORNIA,"Manuch, Inc. - Riverpine","Manuch, Inc. - Riverpine"
CALIFORNIA,Marin County Juvenile Hall,Marin County Juvenile Hall
CALIFORNIA,Mariposa Special Purpose Juvenile Hall,Mariposa Special Purpose Juvenile Hall
CALIFORNIA,Mary's Shelter STRTP,Mary's Shelter STRTP
CALIFORNIA,Maxine Singer Youth Guidance Center,Maxine Singer Youth Guidance Center
CALIFORNIA,Maywright Boys Home,Maywright Boys Home
CALIFORNIA,McAlister Institute Group Home East,McAlister Institute Group Home East
CALIFORNIA,McAlister Institute Group Home South,McAlister Institute Group Home South
CALIFORNIA,"McKinley Children's Center, Inc. STRTP","McKinley Children's Center, Inc. STRTP"
CALIFORNIA,Mended Fences,Mended Fences
CALIFORNIA,Mendocino County Juvenile Hall,Mendocino County Juvenile Hall
CALIFORNIA,Merced Ranch,Merced Ranch
CALIFORNIA,Michael's Youth Treatment Home for Boys,Michael's Youth Treatment Home for Boys
CALIFORNIA,Michigan House,Michigan House
CALIFORNIA,Mid-Valley Youth Center,Mid-Valley Youth Center
CALIFORNIA,Milestone House,Milestone House
CALIFORNIA,Millie's Youth Services,Millie's Youth Services
CALIFORNIA,Mindful Growth Foundation,Mindful Growth Foundation
CALIFORNIA,Ministerial Christian Academy,Ministerial Christian Academy
CALIFORNIA,Mission Prep Adolescent RTC,Mission Prep Adolescent RTC
CALIFORNIA,Mollie's House,Mollie's House
CALIFORNIA,Monterey County Youth Center,Monterey County Youth Center
CALIFORNIA,Mount Helix RTC,Mount Helix RTC
CALIFORNIA,Mountain House Academy,Mountain House Academy
CALIFORNIA,Mountain Valley Child and Family - Bar Du,Mountain Valley Child and Family - Bar Du
CALIFORNIA,Mountain Valley Child and Family - Bradshaw,Mountain Valley Child and Family - Bradshaw
CALIFORNIA,Mountain Valley Child and Family - Gerber,Mountain Valley Child and Family - Gerber
CALIFORNIA,Mountain Valley Child and Family - Nevada City Ranch,Mountain Valley Child and Family - Nevada City Ranch
CALIFORNIA,Mt. Lassen Treatment Center,Mt. Lassen Treatment Center
CALIFORNIA,Muir Wood Teen Treatment Centers - Auberry Road,Muir Wood Teen Treatment Centers - Auberry Road
CALIFORNIA,Muir Wood Teen Treatment Centers - Auberry South,Muir Wood Teen Treatment Centers - Auberry South
CALIFORNIA,Muir Wood Teen Treatment Centers - Auberry West,Muir Wood Teen Treatment Centers - Auberry West
CALIFORNIA,Muir Wood Teen Treatment Centers - Da Vinci,Muir Wood Teen Treatment Centers - Da Vinci
CALIFORNIA,Muir Wood Teen Treatment Centers - Edgewild,Muir Wood Teen Treatment Centers - Edgewild
CALIFORNIA,Muir Wood Teen Treatment Centers - Hannan Ranch,Muir Wood Teen Treatment Centers - Hannan Ranch
CALIFORNIA,Muir Wood Teen Treatment Centers - Haverfield,Muir Wood Teen Treatment Centers - Haverfield
CALIFORNIA,Muir Wood Teen Treatment Centers - I Street,Muir Wood Teen Treatment Centers - I Street
CALIFORNIA,Muir Wood Teen Treatment Centers - Lohrman North & South Campuses,Muir Wood Teen Treatment Centers - Lohrman North & South Campuses
CALIFORNIA,Muir Wood Teen Treatment Centers - Magnolia Campus,Muir Wood Teen Treatment Centers - Magnolia Campus
CALIFORNIA,Muir Wood Teen Treatment Centers - Makena House Campus,Muir Wood Teen Treatment Centers - Makena House Campus
CALIFORNIA,Muir Wood Teen Treatment Centers - Penngrove North & South Campuses,Muir Wood Teen Treatment Centers - Penngrove North & South Campuses
CALIFORNIA,Muir Wood Teen Treatment Centers - Rebecca Campus,Muir Wood Teen Treatment Centers - Rebecca Campus
CALIFORNIA,Muir Wood Teen Treatment Centers - Skillman East,Muir Wood Teen Treatment Centers - Skillman East
CALIFORNIA,Muir Wood Teen Treatment Centers - Skillman North,Muir Wood Teen Treatment Centers - Skillman North
CALIFORNIA,Muir Wood Teen Treatment Centers - Skillman South,Muir Wood Teen Treatment Centers - Skillman South
CALIFORNIA,Muir Wood Teen Treatment Centers - Sonoma Mountain,Muir Wood Teen Treatment Centers - Sonoma Mountain
CALIFORNIA,Muir Wood Teen Treatment Centers - Thompson Ranch,Muir Wood Teen Treatment Centers - Thompson Ranch
CALIFORNIA,Napa County Juvenile Hall,Napa County Juvenile Hall
CALIFORNIA,NAWA Academy,NAWA Academy
CALIFORNIA,"New Alternatives, Inc. - San Pasqual Academy","New Alternatives, Inc. - San Pasqual Academy"
CALIFORNIA,New Beginnings Residential Treatment Facilities - Raja,New Beginnings Residential Treatment Facilities - Raja
CALIFORNIA,New Dawn Treatment Centers,New Dawn Treatment Centers
CALIFORNIA,New Destiny Youth Facility,New Destiny Youth Facility
CALIFORNIA,New Horizons School,New Horizons School
CALIFORNIA,New Start Youth Facility,New Start Youth Facility
CALIFORNIA,New Way Group Home,New Way Group Home
CALIFORNIA,Newport Academy – Acre,Newport Academy – Acre
CALIFORNIA,Newport Academy – Alberca,Newport Academy – Alberca
CALIFORNIA,Newport Academy – Applewood,Newport Academy – Applewood
CALIFORNIA,Newport Academy – Aracena,Newport Academy – Aracena
CALIFORNIA,Newport Academy – Arena,Newport Academy – Arena
CALIFORNIA,Newport Academy – Autumn,Newport Academy – Autumn
CALIFORNIA,Newport Academy – Avocado,Newport Academy – Avocado
CALIFORNIA,Newport Academy – Chandler,Newport Academy – Chandler
CALIFORNIA,Newport Academy – Chariot,Newport Academy – Chariot
CALIFORNIA,Newport Academy – Crestview,Newport Academy – Crestview
CALIFORNIA,Newport Academy – Del Cerro,Newport Academy – Del Cerro
CALIFORNIA,Newport Academy – Flores,Newport Academy – Flores
CALIFORNIA,Newport Academy – French Creek,Newport Academy – French Creek
CALIFORNIA,Newport Academy – Golden,Newport Academy – Golden
CALIFORNIA,Newport Academy – Happy Valley,Newport Academy – Happy Valley
CALIFORNIA,Newport Academy – Highcliff,Newport Academy – Highcliff
CALIFORNIA,Newport Academy – Hill,Newport Academy – Hill
CALIFORNIA,Newport Academy – Hillside,Newport Academy – Hillside
CALIFORNIA,Newport Academy – Maoli,Newport Academy – Maoli
CALIFORNIA,Newport Academy – Morada,Newport Academy – Morada
CALIFORNIA,Newport Academy – Oasis,Newport Academy – Oasis
CALIFORNIA,Newport Academy – Nicasio,Newport Academy – Nicasio
CALIFORNIA,Newport Academy – Palm Hills,Newport Academy – Palm Hills
CALIFORNIA,Newport Academy – Paloma,Newport Academy – Paloma
CALIFORNIA,Newport Academy – Ranch,Newport Academy – Ranch
CALIFORNIA,Newport Academy – Redwood,Newport Academy – Redwood
CALIFORNIA,Newport Academy – Ridgeview,Newport Academy – Ridgeview
CALIFORNIA,Newport Academy – Rodeo,Newport Academy – Rodeo
CALIFORNIA,Newport Academy – Rogers,Newport Academy – Rogers
CALIFORNIA,Newport Academy – Rush Creek,Newport Academy – Rush Creek
CALIFORNIA,Newport Academy – Sundance,Newport Academy – Sundance
CALIFORNIA,Newport Academy – Tanglewood,Newport Academy – Tanglewood
CALIFORNIA,Newport Academy – Valley Vista,Newport Academy – Valley Vista
CALIFORNIA,Newport Academy – Willow Hill,Newport Academy – Willow Hill
CALIFORNIA,Oak Grove Center,Oak Grove Center
CALIFORNIA,Oakendell,Oakendell
CALIFORNIA,Oakridge Home at Le Conte,Oakridge Home at Le Conte
CALIFORNIA,OH Close Youth Correctional Facilitiy,OH Close Youth Correctional Facilitiy
CALIFORNIA,Ojai RTC,Ojai RTC
CALIFORNIA,Olive Crest - Hope Refuge,Olive Crest - Hope Refuge
CALIFORNIA,Olive Crest - Malena,Olive Crest - Malena
CALIFORNIA,Olive Crest - Saylor,Olive Crest - Saylor
CALIFORNIA,Olive Crest - Wheeler,Olive Crest - Wheeler
CALIFORNIA,Operation Safehouse,Operation Safehouse
CALIFORNIA,Optimist Boys Home & Ranch,Optimist Boys Home & Ranch
CALIFORNIA,Optimist Carson,Optimist Carson
CALIFORNIA,Optimist Eagle Rock,Optimist Eagle Rock
CALIFORNIA,Optimist Mission Hills,Optimist Mission Hills
CALIFORNIA,Optimist Van Nuys,Optimist Van Nuys
CALIFORNIA,Optimum Performance Institute,Optimum Performance Institute
CALIFORNIA,Orange County Juvenile Hall,Orange County Juvenile Hall
CALIFORNIA,Orin Allen Youth Rehabilitation Facility,Orin Allen Youth Rehabilitation Facility
CALIFORNIA,Our Healing Center,Our Healing Center
CALIFORNIA,"Our Safehaven, Inc.","Our Safehaven, Inc."
CALIFORNIA,Pacific Lodge Campus,Pacific Lodge Campus
CALIFORNIA,Pacific Teen Treatment,Pacific Teen Treatment
CALIFORNIA,Palo Verde House,Palo Verde House
CALIFORNIA,Paradigm Treatment Centers – Malibu – Birdview,Paradigm Treatment Centers – Malibu – Birdview
CALIFORNIA,Paradigm Treatment Centers – Malibu – Cavalleri,Paradigm Treatment Centers – Malibu – Cavalleri
CALIFORNIA,Paradigm Treatment Centers – Malibu – Via Escondido,Paradigm Treatment Centers – Malibu – Via Escondido
CALIFORNIA,Paradigm Treatment Centers – Mailibu – Point Dume,Paradigm Treatment Centers – Mailibu – Point Dume
CALIFORNIA,Paradigm Treatment Centers – San Francisco – Seaview House,Paradigm Treatment Centers – San Francisco – Seaview House
CALIFORNIA,Paradigm Treatment Centers – San Francisco – Terrace House,Paradigm Treatment Centers – San Francisco – Terrace House
CALIFORNIA,Paradise Adolescent Home Inc.,Paradise Adolescent Home Inc.
CALIFORNIA,Paradise Oaks - Antelope Facility,Paradise Oaks - Antelope Facility
CALIFORNIA,Paradise Oaks - Hazel,Paradise Oaks - Hazel
CALIFORNIA,Paradise Oaks - Hickory,Paradise Oaks - Hickory
CALIFORNIA,Paradise Oaks - Linda Creek,Paradise Oaks - Linda Creek
CALIFORNIA,Paradise Oaks - Madison,Paradise Oaks - Madison
CALIFORNIA,Paradise Oaks - Mariposa,Paradise Oaks - Mariposa
CALIFORNIA,Paradise Oaks - Old Auburn,Paradise Oaks - Old Auburn
CALIFORNIA,Paradise Oaks - Olivine,Paradise Oaks - Olivine
CALIFORNIA,Paradise Oaks - Rosa Vista,Paradise Oaks - Rosa Vista
CALIFORNIA,Paradise Oaks - Sunset,Paradise Oaks - Sunset
CALIFORNIA,Paradise Oaks Youth Services,Paradise Oaks Youth Services
CALIFORNIA,"Pathway Family Services, Inc.","Pathway Family Services, Inc."
CALIFORNIA,"Pennacle Foundation, Inc.","Pennacle Foundation, Inc."
CALIFORNIA,Penny Lane Centers,Penny Lane Centers
CALIFORNIA,"PHILOS Adolescent Treatment Centers, Inc.","PHILOS Adolescent Treatment Centers, Inc."
CALIFORNIA,Phoenix House California,Phoenix House California
CALIFORNIA,Pine Grove Youth Conservation Camp,Pine Grove Youth Conservation Camp
CALIFORNIA,Pine Meadows School,Pine Meadows School
CALIFORNIA,Placer Juvenile Detention Facility,Placer Juvenile Detention Facility
CALIFORNIA,Plan-It Life Temecula House,Plan-It Life Temecula House
CALIFORNIA,Plumfield Academy,Plumfield Academy
CALIFORNIA,Polaris Teen Center - Otis Location,Polaris Teen Center - Otis Location
CALIFORNIA,Polaris Teen Center - Tarzana East Location,Polaris Teen Center - Tarzana East Location
CALIFORNIA,Preston Youth Correctional Facility,Preston Youth Correctional Facility
CALIFORNIA,Progress Ranch,Progress Ranch
CALIFORNIA,Project 14:14 Inc,Project 14:14 Inc
CALIFORNIA,Project Destiny Home of Hope,Project Destiny Home of Hope
CALIFORNIA,Promesa - Barstow House,Promesa - Barstow House
CALIFORNIA,Promesa - Madera House,Promesa - Madera House
CALIFORNIA,Promesa - Millbrook House,Promesa - Millbrook House
CALIFORNIA,Promesa - Spruce House,Promesa - Spruce House
CALIFORNIA,Promesa - Van Ness,Promesa - Van Ness
CALIFORNIA,Quality Family Services - Belmont House,Quality Family Services - Belmont House
CALIFORNIA,Quality Family Services - Cambridge House,Quality Family Services - Cambridge House
CALIFORNIA,Quality Family Services - Clinton House,Quality Family Services - Clinton House
CALIFORNIA,Quality Family Services - Gettysburg House,Quality Family Services - Gettysburg House
CALIFORNIA,Quality Family Services - Millbrook House,Quality Family Services - Millbrook House
CALIFORNIA,Quality Family Services - Perrin House,Quality Family Services - Perrin House
CALIFORNIA,Quality Family Services - Rialto House,Quality Family Services - Rialto House
CALIFORNIA,Quality Family Services - Sample House,Quality Family Services - Sample House
CALIFORNIA,Quality Family Services - Warner House,Quality Family Services - Warner House
CALIFORNIA,Quality Family Services - Yale House,Quality Family Services - Yale House
CALIFORNIA,Quest,Quest
CALIFORNIA,Rainbow Valley Merced,Rainbow Valley Merced
CALIFORNIA,Rancho San Antonio - Brother John's House,Rancho San Antonio - Brother John's House
CALIFORNIA,Reach to Win Youth Home Facility,Reach to Win Youth Home Facility
CALIFORNIA,"Redwood Community Services, Inc - Birch House","Redwood Community Services, Inc - Birch House"
CALIFORNIA,"Redwood Community Services, Inc - Sequoia House","Redwood Community Services, Inc - Sequoia House"
CALIFORNIA,Remi Vista - Porta Dego Home,Remi Vista - Porta Dego Home
CALIFORNIA,Remi Vista - Ranch School,Remi Vista - Ranch School
CALIFORNIA,Remi Vista - Shasta,Remi Vista - Shasta
CALIFORNIA,"River Stones Child and Adolescent Treatment, Inc. - Mountain View","River Stones Child and Adolescent Treatment, Inc. - Mountain View"
CALIFORNIA,"River Stones Child & Adolescent Treatment, Inc. - Whisper Canyon","River Stones Child & Adolescent Treatment, Inc. - Whisper Canyon"
TEXAS,River View Christian Academy,River View Christian Academy
CALIFORNIA,Rivers Edge Academy,Rivers Edge Academy
CALIFORNIA,Riverside County - Southwest Juvenile Hall,Riverside County - Southwest Juvenile Hall
CALIFORNIA,Riverside Juvenile Hall,Riverside Juvenile Hall
CALIFORNIA,ROP ATCS Baker House,ROP ATCS Baker House
CALIFORNIA,ROP ATCS Joann House,ROP ATCS Joann House
CALIFORNIA,ROP ATCS Johnson House,ROP ATCS Johnson House
CALIFORNIA,ROP ATCS Sierra Ridge Treatment Center,ROP ATCS Sierra Ridge Treatment Center
CALIFORNIA,ROP Emancipation Home,ROP Emancipation Home
CALIFORNIA,ROP Harbor City Home,ROP Harbor City Home
CALIFORNIA,ROP Livingston House,ROP Livingston House
CALIFORNIA,ROP Paragon House,ROP Paragon House
CALIFORNIA,Ruby's Place Youth Village,Ruby's Place Youth Village
CALIFORNIA,Sacramento Children's Home STRTP,Sacramento Children's Home STRTP
CALIFORNIA,Sacramento County Youth Detention Facility,Sacramento County Youth Detention Facility
CALIFORNIA,Sacred Oaks Healing Center,Sacred Oaks Healing Center
CALIFORNIA,San Bernardino Central Detention - Juvenile Detention Center,San Bernardino Central Detention - Juvenile Detention Center
CALIFORNIA,San Benito County Juvenile Hall,San Benito County Juvenile Hall
CALIFORNIA,San Diego Center for Children RTC,San Diego Center for Children RTC
CALIFORNIA,San Francisco Boys and Girls Home - Euclid House,San Francisco Boys and Girls Home - Euclid House
CALIFORNIA,San Gabriel Children's Center - Enid Home,San Gabriel Children's Center - Enid Home
CALIFORNIA,San Gabriel Children's Center - Homerest Home,San Gabriel Children's Center - Homerest Home
CALIFORNIA,San Joaquin Juvenile Hall,San Joaquin Juvenile Hall
CALIFORNIA,Sanctuary Recovery Center for Teens,Sanctuary Recovery Center for Teens
CALIFORNIA,Santa Clara Juvenile Hall,Santa Clara Juvenile Hall
CALIFORNIA,Santa Cruz Juvenile Hall,Santa Cruz Juvenile Hall
CALIFORNIA,Santa Maria Home,Santa Maria Home
CALIFORNIA,Santa Maria Juvenile Hall - Susan J. Gionfriddo Juvenile Justice Center,Santa Maria Juvenile Hall - Susan J. Gionfriddo Juvenile Justice Center
CALIFORNIA,"Saving Another Manchild Services, Inc.","Saving Another Manchild Services, Inc."
CALIFORNIA,Scott's Youth Facility,Scott's Youth Facility
CALIFORNIA,Shimber Beris School Community,Shimber Beris School Community
CALIFORNIA,Silence Aloud - Search Light Center for Healing,Silence Aloud - Search Light Center for Healing
CALIFORNIA,Seneca Aspire - Oakland,Seneca Aspire - Oakland
CALIFORNIA,Seneca Aspire - SF,Seneca Aspire - SF
CALIFORNIA,Seneca Center,Seneca Center
CALIFORNIA,Seneca Compass - Petaluma,Seneca Compass - Petaluma
CALIFORNIA,Seneca Compass - Ventura,Seneca Compass - Ventura
CALIFORNIA,Shasta County Juvenile Rehabilitation Facility,Shasta County Juvenile Rehabilitation Facility
CALIFORNIA,Shepherd's Ranch Christian Academy,Shepherd's Ranch Christian Academy
CALIFORNIA,Sierra Quest Boys Academy,Sierra Quest Boys Academy
CALIFORNIA,Sierra Quest Girls Academy,Sierra Quest Girls Academy
CALIFORNIA,Sierra Vista STRTP,Sierra Vista STRTP
CALIFORNIA,SLO County Juvenile Hall,SLO County Juvenile Hall
CALIFORNIA,Sojourner's Haven Group Home STRTP,Sojourner's Haven Group Home STRTP
CALIFORNIA,Solano County Juvenile Hall,Solano County Juvenile Hall
CALIFORNIA,Sonoma County Juvenile Institute,Sonoma County Juvenile Institute
CALIFORNIA,Sonoma County Probation Camp,Sonoma County Probation Camp
CALIFORNIA,South Coast Children's Society - Caladium,South Coast Children's Society - Caladium
CALIFORNIA,South Coast Children's Society - Dahlia,South Coast Children's Society - Dahlia
CALIFORNIA,South Coast Children's Society - San Rafael,South Coast Children's Society - San Rafael
CALIFORNIA,Southwood Psychiatric Center RTC,Southwood Psychiatric Center RTC
CALIFORNIA,Squaw Valley Academy,Squaw Valley Academy
CALIFORNIA,St. Anne's STRTP,St. Anne's STRTP
CALIFORNIA,St. Vincent's School for Boys STRTP,St. Vincent's School for Boys STRTP
CALIFORNIA,Stanilaus County Juvenile Hall,Stanilaus County Juvenile Hall
CALIFORNIA,Star View Community Treatment Facility,Star View Community Treatment Facility
CALIFORNIA,Starshine Treatment Center,Starshine Treatment Center
CALIFORNIA,Stella Maris Growth Center for Girls,Stella Maris Growth Center for Girls
CALIFORNIA,Straight – Yorba Linda,Straight – Yorba Linda
CALIFORNIA,Success in Recovery,Success in Recovery
CALIFORNIA,Summit Estate Recovery Center,Summit Estate Recovery Center
CALIFORNIA,Summitview Child & Family Services,Summitview Child & Family Services
CALIFORNIA,Sunol Hills - Casa Fremont,Sunol Hills - Casa Fremont
CALIFORNIA,Sunol Hills at Oakview,Sunol Hills at Oakview
CALIFORNIA,Sycamores STRTP South Campus,Sycamores STRTP South Campus
CALIFORNIA,Synanon Punk Squad,Synanon Punk Squad
CALIFORNIA,"T&T House of Champions, Inc.","T&T House of Champions, Inc."
CALIFORNIA,Tayler Group Home,Tayler Group Home
CALIFORNIA,Teen C.A.R.E. Camp,Teen C.A.R.E. Camp
CALIFORNIA,Teen Challenge Southern California,Teen Challenge Southern California
CALIFORNIA,Tehama County Juvenile Detention Facility,Tehama County Juvenile Detention Facility
CALIFORNIA,The Arrow House,The Arrow House
CALIFORNIA,The Camp Recovery Center,The Camp Recovery Center
CALIFORNIA,The Light Keepers,The Light Keepers
CALIFORNIA,Theo Lacy Juvenile Facility,Theo Lacy Juvenile Facility
CALIFORNIA,Thunder Road Chemical Dependency Recovery Center,Thunder Road Chemical Dependency Recovery Center
CALIFORNIA,Tiffany's Place,Tiffany's Place
CALIFORNIA,TMHA - Youth Treatment Program,TMHA - Youth Treatment Program
CALIFORNIA,Tobinworld,Tobinworld
CALIFORNIA,Touchstones,Touchstones
CALIFORNIA,Tranquil Waters Guidance Center,Tranquil Waters Guidance Center
CALIFORNIA,"Tree House Youth Homes, Inc.","Tree House Youth Homes, Inc."
CALIFORNIA,Trinity - Apple Valley,Trinity - Apple Valley
CALIFORNIA,Trinity - El Monte,Trinity - El Monte
CALIFORNIA,Trinity - Yucaipa,Trinity - Yucaipa
CALIFORNIA,Tulare County Juvenile Detention Facility,Tulare County Juvenile Detention Facility
CALIFORNIA,Tuolumne County Motherlode Regional Juvenile Detention Facility,Tuolumne County Motherlode Regional Juvenile Detention Facility
CALIFORNIA,Tuolumne Inn,Tuolumne Inn
CALIFORNIA,Turning Point - Journey On,Turning Point - Journey On
CALIFORNIA,Turning Point - La Serenata,Turning Point - La Serenata
CALIFORNIA,Turning Point - Lake House,Turning Point - Lake House
CALIFORNIA,Turning Point - Prairie House,Turning Point - Prairie House
CALIFORNIA,San Diego County Urban Camp,San Diego County Urban Camp
CALIFORNIA,Valley of the Moon STRTP,Valley of the Moon STRTP
CALIFORNIA,Valley Teen Ranch,Valley Teen Ranch
CALIFORNIA,Vanalden RTC,Vanalden RTC
CALIFORNIA,Ve & Daughters Happy Home,Ve & Daughters Happy Home
CALIFORNIA,Ventury County Juvenile Hall Facility,Ventury County Juvenile Hall Facility
CALIFORNIA,Victor Treatment Center - 500 House,Victor Treatment Center - 500 House
CALIFORNIA,Victor Treatment Center - Bonnie House,Victor Treatment Center - Bonnie House
CALIFORNIA,Victor Treatment Center - Clover House,Victor Treatment Center - Clover House
CALIFORNIA,Victor Treatment Center - Country Club House,Victor Treatment Center - Country Club House
CALIFORNIA,Victor Treatment Center - Green House,Victor Treatment Center - Green House
CALIFORNIA,Victor Treatment Center - Irwin House,Victor Treatment Center - Irwin House
CALIFORNIA,Victor Treatment Center - Juniper House,Victor Treatment Center - Juniper House
CALIFORNIA,Victor Treatment Center - Lane House,Victor Treatment Center - Lane House
CALIFORNIA,Victor Treatment Center - Logan House,Victor Treatment Center - Logan House
CALIFORNIA,Victor Treatment Center - Pasadena,Victor Treatment Center - Pasadena
CALIFORNIA,Victor Treatment Center - The Cottage,Victor Treatment Center - The Cottage
CALIFORNIA,Victor Treatment Center - Wright House,Victor Treatment Center - Wright House
CALIFORNIA,Victor Youth Services - Alta Mesa House,Victor Youth Services - Alta Mesa House
CALIFORNIA,Victor Youth Services - Clairvaux House,Victor Youth Services - Clairvaux House
CALIFORNIA,Victor Youth Services - Kings Way House,Victor Youth Services - Kings Way House
CALIFORNIA,Victor Youth Services - Oasis House,Victor Youth Services - Oasis House
CALIFORNIA,Victory Christian Academy,Victory Christian Academy
CALIFORNIA,VisionQuest,VisionQuest
CALIFORNIA,Wake Forest,Wake Forest
CALIFORNIA,Walnut Creek RTC,Walnut Creek RTC
CALIFORNIA,Walt's Home for Young Men,Walt's Home for Young Men
CALIFORNIA,Warner Mountain School at Bar B Ranch,Warner Mountain School at Bar B Ranch
CALIFORNIA,Wellspring Academies,Wellspring Academies
CALIFORNIA,Wilderness Recovery Center,Wilderness Recovery Center
CALIFORNIA,William F. James Boys Ranch,William F. James Boys Ranch
CALIFORNIA,Willow Hills Wellness for Teens LLC,Willow Hills Wellness for Teens LLC
CALIFORNIA,Woodland Hills RTC,Woodland Hills RTC
CALIFORNIA,Wellspring Camp La Jolla,Wellspring Camp La Jolla
CALIFORNIA,Yolo County Juvenile Hall,Yolo County Juvenile Hall
CALIFORNIA,Yosemite Treatment Center,Yosemite Treatment Center
CALIFORNIA,Your First Step - Advent Group Ministries Gateway Home,Your First Step - Advent Group Ministries Gateway Home
CALIFORNIA,Your House South,Your House South
CALIFORNIA,Youth Quest Inc.,Youth Quest Inc.
CALIFORNIA,Youth Quest Inc. for Girls,Youth Quest Inc. for Girls
CALIFORNIA,Yuba County Juvenile Hall,Yuba County Juvenile Hall
CALIFORNIA,Zoe Home for Youth,Zoe Home for Youth
COLORADO,Adolescent and Family Institute of Colorado,Adolescent and Family Institute of Colorado
MONTANA,Alternative Youth Adventures,Alternative Youth Adventures
COLORADO,Aspire Youth Services Center,Aspire Youth Services Center
COLORADO,Betty K. Marler Youth Services Center,Betty K. Marler Youth Services Center
COLORADO,Axios Youth Community,Axios Youth Community
COLORADO,Bridgeway Group Home,Bridgeway Group Home
COLORADO,Cheyenne Mesa,Cheyenne Mesa
COLORADO,Clear Creek Youth Services Center,Clear Creek Youth Services Center
COLORADO,Colorado Boys Ranch,Colorado Boys Ranch
COLORADO,Crossroads Turning Points Recovery Center,Crossroads Turning Points Recovery Center
COLORADO,Daisy Center,Daisy Center
COLORADO,Denver Children’s Home/The Bansbach Academy,Denver Children’s Home/The Bansbach Academy
COLORADO,Eating Recovery Center,Eating Recovery Center
COLORADO,El Pueblo Boys and Girls Ranch,El Pueblo Boys and Girls Ranch
UTAH,Embark Behavioral Health,Embark Behavioral Health
COLORADO,Emily Griffith Center,Emily Griffith Center
COLORADO,Fire Mountain RTC,Fire Mountain RTC
COLORADO,Forest Heights Lodge,Forest Heights Lodge
COLORADO,Gilliam Youth Services Center,Gilliam Youth Services Center
COLORADO,Golden Peak Youth Services Center,Golden Peak Youth Services Center
COLORADO,Grand Mesa Youth Services Center,Grand Mesa Youth Services Center
COLORADO,Griffith Centers for Children,Griffith Centers for Children
COLORADO,Jefferson Center,Jefferson Center
COLORADO,The Link School,The Link School
COLORADO,Lookout Mountain Youth Services,Lookout Mountain Youth Services
COLORADO,Marvin W. Foote Youth Services Center,Marvin W. Foote Youth Services Center
COLORADO,Morrison Home,Morrison Home
COLORADO,Mount Saint Vincent QRTP,Mount Saint Vincent QRTP
UTAH,Mountain Homes Youth Ranch,Mountain Homes Youth Ranch
COLORADO,Open Sky Wilderness Therapy,Open Sky Wilderness Therapy
COLORADO,Pathfinders Wilderness Program,Pathfinders Wilderness Program
COLORADO,Platte Valley Youth Services Center,Platte Valley Youth Services Center
COLORADO,Prairie Vista Youth Services Center,Prairie Vista Youth Services Center
COLORADO,Pueblo Youth Services Center,Pueblo Youth Services Center
COLORADO,Red Mountain Colorado,Red Mountain Colorado
COLORADO,Reflections for Youth,Reflections for Youth
COLORADO,Ridge View Academy,Ridge View Academy
COLORADO,Robert E. DeNier Youth Service Center,Robert E. DeNier Youth Service Center
COLORADO,Rocky Mountain Youth Services Center,Rocky Mountain Youth Services Center
COLORADO,Royal Gorge Academy,Royal Gorge Academy
COLORADO,San Juan Wilderness Therapy,San Juan Wilderness Therapy
COLORADO,Seeds Wilderness Therapy,Seeds Wilderness Therapy
COLORADO,Spring Creek Youth Services Center,Spring Creek Youth Services Center
COLORADO,Summit Youth Services Center,Summit Youth Services Center
COLORADO,Tennyson Center for Children,Tennyson Center for Children
COLORADO,Trailhead Wilderness School,Trailhead Wilderness School
COLORADO,Wilderness Opportunities,Wilderness Opportunities
COLORADO,Willow Point Youth Services Center,Willow Point Youth Services Center
COLORADO,Zebulon Pike Youth Services Center,Zebulon Pike Youth Services Center
FLORIDA,Center for Discovery,Center for Discovery
CONNECTICUT,Connecticut Juvenile Training School,Connecticut Juvenile Training School
MASSACHUSETTS,Eagle Hill School,Eagle Hill School
CONNECTICUT,Elmcrest Psychiatric Hospital,Elmcrest Psychiatric Hospital
CONNECTICUT,Forman School,Forman School
CONNECTICUT,Franklin Academy,Franklin Academy
CONNECTICUT,Grove School,Grove School
MAINE,Hyde School,Hyde School
CONNECTICUT,Newport Academy – Double Hill,Newport Academy – Double Hill
CONNECTICUT,Newport Academy – Todd Hill,Newport Academy – Todd Hill
CONNECTICUT,Silver Hill Hospital Klingenstein House,Silver Hill Hospital Klingenstein House
CONNECTICUT,The Woodhall School,The Woodhall School
CONNECTICUT,Turnbridge,Turnbridge
CONNECTICUT,Wellspring,Wellspring
DELAWARE,AdvoServ,AdvoServ
DELAWARE,Cedars Academy,Cedars Academy
DELAWARE,Ferris School,Ferris School
DELAWARE,Grace Cottage,Grace Cottage
DELAWARE,New Castle Detention Center,New Castle Detention Center
DELAWARE,Rockford Center,Rockford Center
DELAWARE,Silver Lake Treatment Consortium,Silver Lake Treatment Consortium
DELAWARE,Snowden Cottage,Snowden Cottage
DELAWARE,Stevenson House Detention Center,Stevenson House Detention Center
DELAWARE,Sun Behavioral Delaware Adolescent Inpatient,Sun Behavioral Delaware Adolescent Inpatient
DELAWARE,Terry Children’s Center,Terry Children’s Center
FLORIDA,7 Arrows Academy,7 Arrows Academy
FLORIDA,Alachua Academy,Alachua Academy
FLORIDA,AMIkids Big Cypress Wilderness Institute,AMIkids Big Cypress Wilderness Institute
FLORIDA,AMIkids Pinellas,AMIkids Pinellas
FLORIDA,AMIkids Polk Inc.,AMIkids Polk Inc.
FLORIDA,Apalachicola Forest Youth Camp,Apalachicola Forest Youth Camp
FLORIDA,Arthur G. Dozier School for Boys,Arthur G. Dozier School for Boys
GEORGIA,Anneewakee School,Anneewakee School
FLORIDA,Back to Basics Military Academy,Back to Basics Military Academy
FLORIDA,Bay County Sheriff’s Boot Camp,Bay County Sheriff’s Boot Camp
FLORIDA,Bay Point Schools,Bay Point Schools
FLORIDA,Brevard Juvenile Detention Center,Brevard Juvenile Detention Center
FLORIDA,Bristol Youth Academy,Bristol Youth Academy
FLORIDA,Britt Technical Youth Academy,Britt Technical Youth Academy
FLORIDA,Brooksville Youth Academy,Brooksville Youth Academy
FLORIDA,Broward Youth Treatment Center,Broward Youth Treatment Center
FLORIDA,Camelot Care Center,Camelot Care Center
FLORIDA,Camp E-Kel-Etu,Camp E-Kel-Etu
FLORIDA,Camp E-Ma-Chamee,Camp E-Ma-Chamee
FLORIDA,Camp E-Tu-Makee,Camp E-Tu-Makee
FLORIDA,Camp Tracey Children’s Home,Camp Tracey Children’s Home
FLORIDA,Carlton Manor,Carlton Manor
FLORIDA,Carlton Palms Educational Center,Carlton Palms Educational Center
FLORIDA,Center for Success and Independence – Ocala,Center for Success and Independence – Ocala
FLORIDA,Central Florida Behavioral Hospital Adolescent Inpatient Program,Central Florida Behavioral Hospital Adolescent Inpatient Program
FLORIDA,Central Pasco Girls Academy,Central Pasco Girls Academy
FLORIDA,Charity Haven Christian Academy,Charity Haven Christian Academy
FLORIDA,Columbus Youth Academy,Columbus Youth Academy
FLORIDA,Crestview Youth Academy,Crestview Youth Academy
FLORIDA,Cypress Creek Treatment Center,Cypress Creek Treatment Center
FLORIDA,Daniel SIPP,Daniel SIPP
FLORIDA,Daytona Juvenile Residential Facility,Daytona Juvenile Residential Facility
FLORIDA,Deep Creek Youth Academy,Deep Creek Youth Academy
FLORIDA,DeSisto at Howey School,DeSisto at Howey School
FLORIDA,Devereux Florida I/DD Program,Devereux Florida I/DD Program
FLORIDA,Devereux Florida IRTC,Devereux Florida IRTC
FLORIDA,DOVE Academy,DOVE Academy
FLORIDA,Duval Academy,Duval Academy
UTAH,Eagle Academy,Eagle Academy
FLORIDA,Eckerd Comprehensive Youth Treatment Program,Eckerd Comprehensive Youth Treatment Program
FLORIDA,Eckerd Connects E-Nini-Hassee,Eckerd Connects E-Nini-Hassee
FLORIDA,Eckerd Intensive Halfway House,Eckerd Intensive Halfway House
FLORIDA,Eckerd Treatment Program for Girls,Eckerd Treatment Program for Girls
FLORIDA,Eckerd Youth Academy,Eckerd Youth Academy
FLORIDA,Edgewood Children's Ranch,Edgewood Children's Ranch
FLORIDA,Escambia Boys Base,Escambia Boys Base
FLORIDA,Everglades Youth Academy,Everglades Youth Academy
FLORIDA,Family Center for Recovery Teen Addiction Treatment & Rehab Center,Family Center for Recovery Teen Addiction Treatment & Rehab Center
FLORIDA,Family First Adolescent Services,Family First Adolescent Services
FLORIDA,Florida Palms Academy,Florida Palms Academy
FLORIDA,Florida Sheriffs Youth Ranches Boys Ranch,Florida Sheriffs Youth Ranches Boys Ranch
FLORIDA,Florida Sheriffs Youth Ranch in Safety Harbor,Florida Sheriffs Youth Ranch in Safety Harbor
FLORIDA,Florida United Methodist Children’s Home,Florida United Methodist Children’s Home
FLORIDA,Fort Myers Academy,Fort Myers Academy
FLORIDA,Gateway Boys Academy,Gateway Boys Academy
FLORIDA,Gator Wilderness Camp School,Gator Wilderness Camp School
FLORIDA,Global Medical and Behavioral Health,Global Medical and Behavioral Health
FLORIDA,Greenville Hills Academy,Greenville Hills Academy
FLORIDA,Gulf Coast Treatment Center,Gulf Coast Treatment Center
FLORIDA,Heritage Boys Academy,Heritage Boys Academy
FLORIDA,Highland Youth Academy,Highland Youth Academy
FLORIDA,Hillsborough Girls Academy,Hillsborough Girls Academy
FLORIDA,Honey Lake Clinic,Honey Lake Clinic
FLORIDA,Inspirations for Youth and Families,Inspirations for Youth and Families
FLORIDA,Jacksonville Youth Academy,Jacksonville Youth Academy
FLORIDA,JoAnn Bridges Academy,JoAnn Bridges Academy
FLORIDA,Juvenile Unit for Specialized Treatment – JUST,Juvenile Unit for Specialized Treatment – JUST
FLORIDA,Kanner Academy,Kanner Academy
FLORIDA,Kissimmee Youth Academy,Kissimmee Youth Academy
FLORIDA,Kurt Emmanuel Haire Center for Children,Kurt Emmanuel Haire Center for Children
FLORIDA,La Amistad Behavioral Health Services Teen Residential Treatment,La Amistad Behavioral Health Services Teen Residential Treatment
FLORIDA,Lake Academy,Lake Academy
FLORIDA,Lakeland Girls Academy,Lakeland Girls Academy
FLORIDA,Les Peters Academy,Les Peters Academy
FLORIDA,LIFE – Life Is For Everyone,LIFE – Life Is For Everyone
FLORIDA,Lifestream Youth and Recovery Care Center,Lifestream Youth and Recovery Care Center
MISSOURI,Lighthouse Christian Academy,Lighthouse Christian Academy
FLORIDA,Lippman Youth Shelter,Lippman Youth Shelter
FLORIDA,Lotus Behavioral Health Teen RTC,Lotus Behavioral Health Teen RTC
FLORIDA,Madalyn Program at Warrington Ranch,Madalyn Program at Warrington Ranch
FLORIDA,Manatee Palms Group Homes,Manatee Palms Group Homes
FLORIDA,Marion Youth Academy,Marion Youth Academy
FLORIDA,Martin Girls Academy,Martin Girls Academy
FLORIDA,Marvelous Grace Girls Academy,Marvelous Grace Girls Academy
FLORIDA,Melbourne Center for Personal Growth,Melbourne Center for Personal Growth
FLORIDA,Miami Dade Regional Juvenile Detention Center,Miami Dade Regional Juvenile Detention Center
FLORIDA,Miami Youth Academy,Miami Youth Academy
FLORIDA,Milton Girls Residential Facility,Milton Girls Residential Facility
FLORIDA,National Deaf Academy,National Deaf Academy
FLORIDA,NIA Residential Treatment Center for Children and Adolescents,NIA Residential Treatment Center for Children and Adolescents
FLORIDA,Oak Grove Academy,Oak Grove Academy
FLORIDA,Okaloosa Youth Academy,Okaloosa Youth Academy
FLORIDA,Okeechobee Youth Development Center,Okeechobee Youth Development Center
FLORIDA,Orange Youth Academy,Orange Youth Academy
FLORIDA,Orlando Intensive Youth Academy,Orlando Intensive Youth Academy
FLORIDA,Our Father’s House,Our Father’s House
FLORIDA,Palm Beach Juvenile Detention Center,Palm Beach Juvenile Detention Center
FLORIDA,Palm Beach Youth Academy,Palm Beach Youth Academy
FLORIDA,Palm Shores Behavioral Health Center,Palm Shores Behavioral Health Center
FLORIDA,Palmetto Youth Academy,Palmetto Youth Academy
FLORIDA,Personal Enrichment Through Mental Health Services,Personal Enrichment Through Mental Health Services
FLORIDA,Polk County Juvenile Boot Camp,Polk County Juvenile Boot Camp
FLORIDA,Pompano Youth Treatment Center,Pompano Youth Treatment Center
FLORIDA,Potter’s House Girls Home,Potter’s House Girls Home
FLORIDA,Providence Pass,Providence Pass
FLORIDA,Refresh Canopy Cove Eating Disorder Treatment Center,Refresh Canopy Cove Eating Disorder Treatment Center
FLORIDA,Residing Hope Madison Youth Ranch,Residing Hope Madison Youth Ranch
FLORIDA,Right Way Academy at 7 Arrows,Right Way Academy at 7 Arrows
FLORIDA,SandyPines RTC,SandyPines RTC
FLORIDA,Santa Rosa Juvenile Residential Facility,Santa Rosa Juvenile Residential Facility
FLORIDA,Sequel TSI Kissimmee,Sequel TSI Kissimmee
FLORIDA,Sister Soldier Military Academy,Sister Soldier Military Academy
FLORIDA,South Florida Youth Academy,South Florida Youth Academy
FLORIDA,Southeastern Military Academy,Southeastern Military Academy
FLORIDA,St. Augustine Youth Academy,St. Augustine Youth Academy
FLORIDA,Straight – Sarasota,Straight – Sarasota
FLORIDA,Straight – Tampa Bay,Straight – Tampa Bay
FLORIDA,"Step, Inc.","Step, Inc."
FLORIDA,Steppin’ Stone Farm,Steppin’ Stone Farm
FLORIDA,Stewart Marchman Residential Adolescent Program,Stewart Marchman Residential Adolescent Program
FLORIDA,Stonesoup School,Stonesoup School
FLORIDA,Substance Abuse - Family Education,Substance Abuse - Family Education
FLORIDA,Suncoast Behavioral Health Center RTP,Suncoast Behavioral Health Center RTP
FLORIDA,Tampa Marine Institute,Tampa Marine Institute
FLORIDA,Tampa Residential Facility,Tampa Residential Facility
FLORIDA,The Children’s Home Society of Florida RTC,The Children’s Home Society of Florida RTC
FLORIDA,The Children’s Place at Home Safe,The Children’s Place at Home Safe
FLORIDA,The Meridian,The Meridian
FLORIDA,The Parent Help Center Summer Success Camp,The Parent Help Center Summer Success Camp
FLORIDA,The Seed,The Seed
FLORIDA,The Vines PRTF,The Vines PRTF
FLORIDA,Thompson Academy,Thompson Academy
FLORIDA,Twin Oaks Academy II,Twin Oaks Academy II
FLORIDA,Union Juvenile Residential Facility,Union Juvenile Residential Facility
FLORIDA,University Behavioral Center,University Behavioral Center
FLORIDA,Volusia County Regional Juvenile Detention Facility,Volusia County Regional Juvenile Detention Facility
FLORIDA,Volusia Halfway House,Volusia Halfway House
FLORIDA,Walton Academy for Growth and Change,Walton Academy for Growth and Change
FLORIDA,Wellspring Camps Florida,Wellspring Camps Florida
FLORIDA,Wimauma Academy,Wimauma Academy
GEORGIA,Advancing Youth’s Academy,Advancing Youth’s Academy
GEORGIA,Agape Behavioral Healthcare,Agape Behavioral Healthcare
GEORGIA,Alpine Program,Alpine Program
GEORGIA,Anne Elizabeth Shepherd Home,Anne Elizabeth Shepherd Home
GEORGIA,Atlanta YDC,Atlanta YDC
GEORGIA,Augusta YDC,Augusta YDC
GEORGIA,Bald Ridge Lodge,Bald Ridge Lodge
GEORGIA,Blue Ridge Therapeutic Wilderness,Blue Ridge Therapeutic Wilderness
GEORGIA,Boyz to Men Residential Facility,Boyz to Men Residential Facility
GEORGIA,Bradfield Center – Ault Academy,Bradfield Center – Ault Academy
GEORGIA,Breakthrough Recovery Outreach,Breakthrough Recovery Outreach
GEORGIA,Broken Shackle Ranch,Broken Shackle Ranch
GEORGIA,Broken Shackle Ranch - Joseph House,Broken Shackle Ranch - Joseph House
GEORGIA,Broken Shackle Ranch - Omega House,Broken Shackle Ranch - Omega House
GEORGIA,Camp David Vision of Hope,Camp David Vision of Hope
GEORGIA,Camp E-Ma-Laku,Camp E-Ma-Laku
GEORGIA,Camp E-Tu-Nake,Camp E-Tu-Nake
GEORGIA,Carpenter Way Ranch,Carpenter Way Ranch
GEORGIA,Clementine by Monte Nido Atlanta,Clementine by Monte Nido Atlanta
GEORGIA,Clementine II by Monte Nido Atlanta,Clementine II by Monte Nido Atlanta
GEORGIA,Cloister Creek,Cloister Creek
GEORGIA,Coastal Harbor Treatment Center,Coastal Harbor Treatment Center
GEORGIA,Columbus Teen Challenge,Columbus Teen Challenge
GEORGIA,Darrington Academy,Darrington Academy
GEORGIA,Devereux Georgia Intensive Residential Treatment – Ackerman Academy,Devereux Georgia Intensive Residential Treatment – Ackerman Academy
GEORGIA,Eagle Ranch,Eagle Ranch
GEORGIA,Eastman YDC,Eastman YDC
GEORGIA,First Light Wilderness Therapy,First Light Wilderness Therapy
GEORGIA,Gentle Loving Care Center Residential Treatment Program,Gentle Loving Care Center Residential Treatment Program
GEORGIA,George W. Hartmann Center,George W. Hartmann Center
GEORGIA,Georgia Baptist Children’s Homes – Angel’s House,Georgia Baptist Children’s Homes – Angel’s House
GEORGIA,Georgia Baptist Children’s Homes – Baxley,Georgia Baptist Children’s Homes – Baxley
GEORGIA,Georgia Baptist Children’s Homes – Camp Hawkins & Matthew’s Time,Georgia Baptist Children’s Homes – Camp Hawkins & Matthew’s Time
GEORGIA,Georgia Baptist Children’s Homes – Meansville Campus,Georgia Baptist Children’s Homes – Meansville Campus
GEORGIA,Georgia Baptist Children’s Homes – Palmetto,Georgia Baptist Children’s Homes – Palmetto
GEORGIA,Georgia Industrial Children’s Home,Georgia Industrial Children’s Home
GEORGIA,Georgia Sheriffs’ Boys Ranch,Georgia Sheriffs’ Boys Ranch
GEORGIA,Georgia Sheriffs’ Cherokee Estate,Georgia Sheriffs’ Cherokee Estate
GEORGIA,Georgia Sheriffs’ Herrington Homestead,Georgia Sheriffs’ Herrington Homestead
GEORGIA,Georgia Sheriffs’ MountainView,Georgia Sheriffs’ MountainView
GEORGIA,Georgia Sheriffs’ Pineland/Camp Pioneer,Georgia Sheriffs’ Pineland/Camp Pioneer
GEORGIA,Goshen Valley Boys Ranch,Goshen Valley Boys Ranch
GEORGIA,Hidden Lake Academy,Hidden Lake Academy
GEORGIA,Hillside Atlanta – Conant School,Hillside Atlanta – Conant School
GEORGIA,Joy House,Joy House
GEORGIA,Kenneth B. Walker Residential Home,Kenneth B. Walker Residential Home
GEORGIA,KidsPeace Georgia Bowdon Campus,KidsPeace Georgia Bowdon Campus
GEORGIA,Laurel Heights Hospital Residential Treatment,Laurel Heights Hospital Residential Treatment
GEORGIA,Lighthouse Care Center of Augusta Psychiatric RTP,Lighthouse Care Center of Augusta Psychiatric RTP
GEORGIA,Macon YDC,Macon YDC
GEORGIA,Milledgeville YDC,Milledgeville YDC
GEORGIA,Morningstar Residential Campus,Morningstar Residential Campus
GEORGIA,Mountain Top Boys Home,Mountain Top Boys Home
GEORGIA,Murphy-Harpst Residential Care,Murphy-Harpst Residential Care
GEORGIA,Muscogee YDC,Muscogee YDC
GEORGIA,Pathways Center,Pathways Center
GEORGIA,Pine Mountain Boys Academy,Pine Mountain Boys Academy
GEORGIA,R.I.T.E. Youth Development Program,R.I.T.E. Youth Development Program
GEORGIA,Ruth Home of Compassion,Ruth Home of Compassion
GEORGIA,Shepherd’s Hill Academy,Shepherd’s Hill Academy
GEORGIA,Straight – Atlanta,Straight – Atlanta
GEORGIA,The Methodist Home for Children & Youth – Macon,The Methodist Home for Children & Youth – Macon
GEORGIA,Three Springs of Blue Ridge,Three Springs of Blue Ridge
GEORGIA,Twin Cedars Youth & Family Services,Twin Cedars Youth & Family Services
GEORGIA,Wellspring Georgia,Wellspring Georgia
GEORGIA,Wellspring Living Girls Residential,Wellspring Living Girls Residential
GEORGIA,Wolf Creek Wilderness School,Wolf Creek Wilderness School
GEORGIA,Youth Villages – Inner Harbour Campus,Youth Villages – Inner Harbour Campus
HAWAII,Hawaii Youth Correctional Facility,Hawaii Youth Correctional Facility
HAWAII,Pearl Haven,Pearl Haven
HAWAII,The Queen’s Medical Center – Kahi Mohala,The Queen’s Medical Center – Kahi Mohala
HAWAII,Waiale’e Industrial School for Boys,Waiale’e Industrial School for Boys
IDAHO,3B Detention,3B Detention
IDAHO,Ada County Juvenile Detention,Ada County Juvenile Detention
IDAHO,Ascent Wilderness Program,Ascent Wilderness Program
IDAHO,Bannock County Juvenile Detention,Bannock County Juvenile Detention
IDAHO,BlueFire Wilderness Therapy,BlueFire Wilderness Therapy
IDAHO,Boise Girls Academy,Boise Girls Academy
IDAHO,Bonner County Juvenile Detention,Bonner County Juvenile Detention
IDAHO,Boulder Creek Academy,Boulder Creek Academy
IDAHO,Cherry Gulch,Cherry Gulch
IDAHO,Christian Children’s Ranch,Christian Children’s Ranch
MONTANA,Clearview Horizon,Clearview Horizon
IDAHO,Cornerstone Cottage,Cornerstone Cottage
IDAHO,"Daybreak Canyon, LLC","Daybreak Canyon, LLC"
IDAHO,Eagle Mountain Outpost,Eagle Mountain Outpost
IDAHO,Elk Mountain Academy,Elk Mountain Academy
IDAHO,Five County Treatment & Youth Rehabilitation Center,Five County Treatment & Youth Rehabilitation Center
IDAHO,Glacier Mountain Expeditions,Glacier Mountain Expeditions
IDAHO,Gustafson House,Gustafson House
IDAHO,Hawk’s Landing Therapeutic Home for Boys,Hawk’s Landing Therapeutic Home for Boys
IDAHO,Homelines,Homelines
TEXAS,Hope House,Hope House
IDAHO,Idaho Youth Ranch - Hays House,Idaho Youth Ranch - Hays House
IDAHO,Intermountain Hospital,Intermountain Hospital
IDAHO,Jackson House,Jackson House
IDAHO,JCC - Lewiston,JCC - Lewiston
IDAHO,JCC - Nampa,JCC - Nampa
IDAHO,JCC - St. Anthony,JCC - St. Anthony
IDAHO,Kootenai Juvenile Detention,Kootenai Juvenile Detention
IDAHO,Lemhi County Juvenile Detention,Lemhi County Juvenile Detention
IDAHO,Living Water Youth Ranch,Living Water Youth Ranch
IDAHO,Madsen Alternatives,Madsen Alternatives
IDAHO,Mini-Cassia Juvenile Detention,Mini-Cassia Juvenile Detention
IDAHO,Mountain Home Academy,Mountain Home Academy
IDAHO,Nez Perce Juvenile Detention,Nez Perce Juvenile Detention
IDAHO,Northwest Children’s Home,Northwest Children’s Home
IDAHO,Novitas Academy,Novitas Academy
IDAHO,Project PATCH,Project PATCH
IDAHO,Rainbow Hill,Rainbow Hill
IDAHO,Snake River Juvenile Detention Center,Snake River Juvenile Detention Center
IDAHO,Southwest Idaho Juvenile Detention Center,Southwest Idaho Juvenile Detention Center
IDAHO,Spirit Mountain Treatment Center,Spirit Mountain Treatment Center
IDAHO,SquareOne,SquareOne
IDAHO,Summit Youth Center,Summit Youth Center
IDAHO,SUWS Idaho,SUWS Idaho
IDAHO,Timber Ridge Preparatory School for Girls,Timber Ridge Preparatory School for Girls
IDAHO,Turning Winds,Turning Winds
IDAHO,Whiteley Meadows,Whiteley Meadows
ILLINOIS,Abraxas Alliance Woodridge Interventions,Abraxas Alliance Woodridge Interventions
ILLINOIS,Adams County Juvenile Detention,Adams County Juvenile Detention
ILLINOIS,Alternative Behavior Treatment Center,Alternative Behavior Treatment Center
ILLINOIS,Baptist Children’s Home,Baptist Children’s Home
ILLINOIS,Brehm Preparatory School,Brehm Preparatory School
ILLINOIS,Brightpoint Rice Child and Family Center,Brightpoint Rice Child and Family Center
ILLINOIS,Catholic Children’s Home,Catholic Children’s Home
ILLINOIS,Central East Alcoholism and Drug Council Adolescent Residential Program,Central East Alcoholism and Drug Council Adolescent Residential Program
ILLINOIS,Chaddock,Chaddock
ILLINOIS,CHAIL Youth Farm,CHAIL Youth Farm
ILLINOIS,Champaign County Detention,Champaign County Detention
ILLINOIS,Chicago Lakeshore Hospital,Chicago Lakeshore Hospital
ILLINOIS,Children’s Home Association of Illinois,Children’s Home Association of Illinois
ILLINOIS,Children's Home - Columbia,Children's Home - Columbia
ILLINOIS,Children's Home - Sommer,Children's Home - Sommer
ILLINOIS,Childserv,Childserv
ILLINOIS,Cook County Juvenile Detention Center,Cook County Juvenile Detention Center
ILLINOIS,Cunningham - Girls Group Home,Cunningham - Girls Group Home
ILLINOIS,Cunningham - Kendall Gill Boys Group Home,Cunningham - Kendall Gill Boys Group Home
ILLINOIS,Franklin County Juvenile Detention Center,Franklin County Juvenile Detention Center
ILLINOIS,Goldie B. Floberg Center Residential Children’s Program,Goldie B. Floberg Center Residential Children’s Program
ILLINOIS,Guardian Angel Home,Guardian Angel Home
ILLINOIS,Hartgrove Hospital,Hartgrove Hospital
ILLINOIS,Hephzibah Children’s Association Residential Program,Hephzibah Children’s Association Residential Program
ILLINOIS,Hope Institute - Belhaven,Hope Institute - Belhaven
ILLINOIS,Hope Institute- Bluestem,Hope Institute- Bluestem
ILLINOIS,Hope Institute - Buford,Hope Institute - Buford
ILLINOIS,Hope Institute - Claremont,Hope Institute - Claremont
ILLINOIS,Hope Institute - Cormorant,Hope Institute - Cormorant
ILLINOIS,Hope Institute - Delano,Hope Institute - Delano
ILLINOIS,Hope Institute - Halifax,Hope Institute - Halifax
ILLINOIS,Hope Institute - Hazel,Hope Institute - Hazel
ILLINOIS,Hope Institute - Heather Mill,Hope Institute - Heather Mill
ILLINOIS,Hope Institute - James,Hope Institute - James
ILLINOIS,Hope Institute - Lindbergh,Hope Institute - Lindbergh
ILLINOIS,Hope Institute - Nyre,Hope Institute - Nyre
ILLINOIS,Hope Institute - Red Oak,Hope Institute - Red Oak
ILLINOIS,Hope Institute - Springwood,Hope Institute - Springwood
ILLINOIS,Hope Institute - Stockton,Hope Institute - Stockton
ILLINOIS,"Hoyleton Youth And Family Services - Cottages A, B, C, D, F","Hoyleton Youth And Family Services - Cottages A, B, C, D, F"
ILLINOIS,Hoyleton Youth And Family Services - Schippel House,Hoyleton Youth And Family Services - Schippel House
ILLINOIS,Hulse Detention Center,Hulse Detention Center
ILLINOIS,IYC Chicago,IYC Chicago
ILLINOIS,IYC Harrisburg,IYC Harrisburg
ILLINOIS,IYC Pere Marquette,IYC Pere Marquette
ILLINOIS,IYC Warrenville,IYC Warrenville
ILLINOIS,JTC JUMP Program,JTC JUMP Program
ILLINOIS,Kane County Juvenile Detention Center,Kane County Juvenile Detention Center
ILLINOIS,Kemmerer Village,Kemmerer Village
ILLINOIS,LaSalle County Detention Home,LaSalle County Detention Home
ILLINOIS,Lawrence Hall - Ashland,Lawrence Hall - Ashland
ILLINOIS,Little Friends Center For Autism,Little Friends Center For Autism
ILLINOIS,Little City ChildBridge Center for Group-Home Living,Little City ChildBridge Center for Group-Home Living
ILLINOIS,Madison County Detention,Madison County Detention
ILLINOIS,Maryville Academy,Maryville Academy
ILLINOIS,McClean County Detention,McClean County Detention
ILLINOIS,Montrose Behavioral Health Hospital,Montrose Behavioral Health Hospital
ILLINOIS,NeuroRestorative Academy Cardinals House,NeuroRestorative Academy Cardinals House
ILLINOIS,NeuroRestorative Bears House,NeuroRestorative Bears House
ILLINOIS,NeuroRestorative Berkshire House,NeuroRestorative Berkshire House
ILLINOIS,NeuroRestorative Birch House,NeuroRestorative Birch House
ILLINOIS,NeuroRestorative Blackhawks House,NeuroRestorative Blackhawks House
ILLINOIS,NeuroRestorative Bonsai House,NeuroRestorative Bonsai House
ILLINOIS,NeuroRestorative Bridge House,NeuroRestorative Bridge House
ILLINOIS,NeuroRestorative Cubs House,NeuroRestorative Cubs House
ILLINOIS,NeuroRestorative Cypress House,NeuroRestorative Cypress House
ILLINOIS,NeuroRestorative Deer House,NeuroRestorative Deer House
ILLINOIS,NeuroRestorative Helen House,NeuroRestorative Helen House
ILLINOIS,NeuroRestorative Mount Prospect House,NeuroRestorative Mount Prospect House
ILLINOIS,NeuroRestorative Willow House,NeuroRestorative Willow House
ILLINOIS,NeuroRestorative Woodlake House,NeuroRestorative Woodlake House
ILLINOIS,Norman C Sleezer Youth Home,Norman C Sleezer Youth Home
ILLINOIS,Nexus Indian Oaks Family Healing,Nexus Indian Oaks Family Healing
ILLINOIS,Nexus Onarga Family Healing,Nexus Onarga Family Healing
ILLINOIS,Northern Illinois Academy,Northern Illinois Academy
ILLINOIS,PACTT - Oak Park,PACTT - Oak Park
ILLINOIS,Pavilion Behavioral Health System Adolescent RTC,Pavilion Behavioral Health System Adolescent RTC
ILLINOIS,Peoria County Detention Center,Peoria County Detention Center
ILLINOIS,River Valley Justice Center,River Valley Justice Center
ILLINOIS,Riveredge Hospital Adolescent Treatment Program,Riveredge Hospital Adolescent Treatment Program
ILLINOIS,Rock River Academy,Rock River Academy
ILLINOIS,Rosecrance Behavioral Health,Rosecrance Behavioral Health
ILLINOIS,Salem4youth,Salem4youth
ILLINOIS,Spero Family Services - Residential,Spero Family Services - Residential
ILLINOIS,St Clair County Detention,St Clair County Detention
ILLINOIS,Swann Special Care Center,Swann Special Care Center
ILLINOIS,The Sonia Shankman Orthogenic School,The Sonia Shankman Orthogenic School
ILLINOIS,Timberline Knolls RTC,Timberline Knolls RTC
ILLINOIS,Vermilion County Juvenile Detention Center,Vermilion County Juvenile Detention Center
ILLINOIS,Winnebago County Juvenile Detention Center,Winnebago County Juvenile Detention Center
INDIANA,Allen County Youth Services Center,Allen County Youth Services Center
INDIANA,Alternative House,Alternative House
INDIANA,Bartholomew County Youth Services Center,Bartholomew County Youth Services Center
INDIANA,Bashor Children’s Home,Bashor Children’s Home
INDIANA,Beacon Medical Group Behavioral Health,Beacon Medical Group Behavioral Health
INDIANA,Binkley House,Binkley House
INDIANA,Campagna Academy,Campagna Academy
INDIANA,Cardinal Point,Cardinal Point
INDIANA,"Childplace, Inc. - Bales Cottage for Girls","Childplace, Inc. - Bales Cottage for Girls"
INDIANA,"Childplace, Inc. - Horizons II","Childplace, Inc. - Horizons II"
INDIANA,Children's Bureau Inc - Family Support Center,Children's Bureau Inc - Family Support Center
INDIANA,Clark County Youth Shelter,Clark County Youth Shelter
INDIANA,Columbus Behavioral Center,Columbus Behavioral Center
INDIANA,Crossroad Child & Family Services,Crossroad Child & Family Services
INDIANA,Damar Services - Group Home North,Damar Services - Group Home North
INDIANA,Damar Services - Longwell Group Home,Damar Services - Longwell Group Home
INDIANA,Damar Services - Orchard Grove Home,Damar Services - Orchard Grove Home
INDIANA,Damar Services - Pass Group Home,Damar Services - Pass Group Home
INDIANA,Damar Services - Sweet River Home,Damar Services - Sweet River Home
INDIANA,Damar Services - Tenrab Group Home,Damar Services - Tenrab Group Home
INDIANA,DePaul Academy,DePaul Academy
INDIANA,Dorothy Crowley Juvenile Services Center,Dorothy Crowley Juvenile Services Center
INDIANA,Franciscan St. Francis Center,Franciscan St. Francis Center
INDIANA,Gateway Woods Family Services,Gateway Woods Family Services
INDIANA,Gibault Children’s Services,Gibault Children’s Services
INDIANA,Hephzibah House,Hephzibah House
INDIANA,Hillcrest Youth Services,Hillcrest Youth Services
INDIANA,Indiana Center for Recovery Adolescents,Indiana Center for Recovery Adolescents
INDIANA,Indiana Developmental Training Center,Indiana Developmental Training Center
INDIANA,Indiana United Methodist Children’s Home - Coons Cottage,Indiana United Methodist Children’s Home - Coons Cottage
INDIANA,Indiana United Methodist Children’s Home - Godwin Cottage,Indiana United Methodist Children’s Home - Godwin Cottage
INDIANA,Indiana United Methodist Children’s Home - Temple Cottage,Indiana United Methodist Children’s Home - Temple Cottage
INDIANA,Indiana United Methodist Children’s Home - Wesley Cottage,Indiana United Methodist Children’s Home - Wesley Cottage
INDIANA,Indiana United Methodist Children’s Home - Cottage #5,Indiana United Methodist Children’s Home - Cottage #5
INDIANA,Indiana United Methodist Children’s Home - Cottage #6,Indiana United Methodist Children’s Home - Cottage #6
INDIANA,Jessie Levering Cary Home for Children,Jessie Levering Cary Home for Children
INDIANA,Judge Robert Brown Jackson Juvenile Home,Judge Robert Brown Jackson Juvenile Home
INDIANA,Kids Place,Kids Place
INDIANA,Lutheran Child and Family Services,Lutheran Child and Family Services
INDIANA,Lutherwood Residential Treatment - StopGap Group Home,Lutherwood Residential Treatment - StopGap Group Home
INDIANA,Lutherwood Residential Treatment - Trinity House Group Home,Lutherwood Residential Treatment - Trinity House Group Home
INDIANA,Michiana Behavioral Health,Michiana Behavioral Health
INDIANA,Midwest Center for Youth and Families,Midwest Center for Youth and Families
INDIANA,Neighborhood Mentoring Academy - Catherine's Place,Neighborhood Mentoring Academy - Catherine's Place
INDIANA,Neighborhood Mentoring Academy - Union House I,Neighborhood Mentoring Academy - Union House I
INDIANA,Neighborhood Mentoring Academy - Union House II,Neighborhood Mentoring Academy - Union House II
INDIANA,Oaklawn,Oaklawn
INDIANA,Open Arms Christian Ministries,Open Arms Christian Ministries
INDIANA,Open Door Youth Services,Open Door Youth Services
INDIANA,Paddock View Residential Center,Paddock View Residential Center
INDIANA,Pierceton Woods Academy,Pierceton Woods Academy
INDIANA,Pierceton Woods Academy - Spencer Home,Pierceton Woods Academy - Spencer Home
INDIANA,Resource Treatment Center - Carina Group Home,Resource Treatment Center - Carina Group Home
INDIANA,Resource Treatment Center - Polaris Group Home,Resource Treatment Center - Polaris Group Home
INDIANA,Resource Treatment Center - Wind Rose Home for Girls,Resource Treatment Center - Wind Rose Home for Girls
INDIANA,Robert J. Kinsey Youth Center,Robert J. Kinsey Youth Center
INDIANA,SAE Response - Thrive Group Home,SAE Response - Thrive Group Home
INDIANA,Safe Passage Indiana,Safe Passage Indiana
INDIANA,Scholer Home,Scholer Home
INDIANA,Shults-Lewis Child and Family Services,Shults-Lewis Child and Family Services
INDIANA,St. Vincent Anderson Regional Hospital,St. Vincent Anderson Regional Hospital
INDIANA,The Refuge Girls Academy,The Refuge Girls Academy
INDIANA,Transitions Academy,Transitions Academy
INDIANA,United Methodist Youth Home - Holder Home Program,United Methodist Youth Home - Holder Home Program
INDIANA,United Methodist Youth Home - New Beginnings,United Methodist Youth Home - New Beginnings
INDIANA,United Methodist Youth Home - Pathways Program,United Methodist Youth Home - Pathways Program
INDIANA,Valle Vista Health System,Valle Vista Health System
INDIANA,Vigo County Homes for Children - Carpenter Home,Vigo County Homes for Children - Carpenter Home
INDIANA,Vigo County Homes for Children - Glenn House,Vigo County Homes for Children - Glenn House
INDIANA,Wellstone Regional Hospital,Wellstone Regional Hospital
INDIANA,White’s Residential and Family Services,White’s Residential and Family Services
INDIANA,Woodburn Christian Children's Home,Woodburn Christian Children's Home
INDIANA,Woodford Home,Woodford Home
INDIANA,Youth Encouragement Services,Youth Encouragement Services
INDIANA,Youth Opportunity Center,Youth Opportunity Center
INDIANA,Youth Service Bureau of Jay County,Youth Service Bureau of Jay County
INDIANA,Youth Service Bureau Safe Station,Youth Service Bureau Safe Station
INDIANA,Compass Rose Academy,Compass Rose Academy
INDIANA,Indiana Sheriffs' Youth Ranch,Indiana Sheriffs' Youth Ranch
INDIANA,Lexington Academy,Lexington Academy
INDIANA,New Horizons Youth Ministries,New Horizons Youth Ministries
INDIANA,Options Behavioral Health System,Options Behavioral Health System
OHIO,Pathway Family Center,Pathway Family Center
INDIANA,"St. Joseph Home for Boys, Inc.","St. Joseph Home for Boys, Inc."
INDIANA,Success ACQ Corp,Success ACQ Corp
INDIANA,Wernle Youth & Family Treatment Center,Wernle Youth & Family Treatment Center
INDIANA,Wheatfield Academy,Wheatfield Academy
INDIANA,Willowglen Academy - Indiana,Willowglen Academy - Indiana
IOWA,Anchor Character Training Center,Anchor Character Training Center
IOWA,Beloit RTC,Beloit RTC
IOWA,Boys and Girls Home Residential Treatment,Boys and Girls Home Residential Treatment
IOWA,Central Iowa Juvenile Detention Center,Central Iowa Juvenile Detention Center
IOWA,Children’s Square USA PMIC,Children’s Square USA PMIC
IOWA,Christamore Family Treatment Center,Christamore Family Treatment Center
IOWA,Clarinda Academy,Clarinda Academy
IOWA,Eldora Boys State Training School,Eldora Boys State Training School
IOWA,Ellipsis Ross Campus RTC,Ellipsis Ross Campus RTC
IOWA,Forest Ridge Youth Services,Forest Ridge Youth Services
IOWA,Four Oaks Family & Children’s Services,Four Oaks Family & Children’s Services
IOWA,Gerard Treatment Programs,Gerard Treatment Programs
IOWA,Glenwood Resource Center,Glenwood Resource Center
IOWA,Graybell Academy Youth Services,Graybell Academy Youth Services
IOWA,Hillcrest Family Services Adolescent Residential,Hillcrest Family Services Adolescent Residential
IOWA,Iowa Juvenile Home,Iowa Juvenile Home
IOWA,Jerry Rabiner Memorial Boys’ Ranch,Jerry Rabiner Memorial Boys’ Ranch
IOWA,Linn County Juvenile Detention,Linn County Juvenile Detention
IOWA,LSI Bremwood,LSI Bremwood
IOWA,Midwest Academy,Midwest Academy
IOWA,Midwest Christian Services,Midwest Christian Services
IOWA,North Iowa Juvenile Detention Center,North Iowa Juvenile Detention Center
IOWA,Northwest Iowa YES Center,Northwest Iowa YES Center
IOWA,Polk County Juvenile Detention,Polk County Juvenile Detention
IOWA,Scott County Juvenile Detention,Scott County Juvenile Detention
IOWA,Southwest Iowa Juvenile Detention,Southwest Iowa Juvenile Detention
IOWA,SUMMIT Program,SUMMIT Program
IOWA,Wittenmyer Youth Center,Wittenmyer Youth Center
IOWA,Woodbury County Juvenile Detention,Woodbury County Juvenile Detention
IOWA,Woodward Academy,Woodward Academy
IOWA,YSS Ember Recovery,YSS Ember Recovery
KANSAS,Discovery Mood & Anxiety,Discovery Mood & Anxiety
KANSAS,Emberhope Youthville,Emberhope Youthville
KANSAS,Florence Crittenton Services of Topeka,Florence Crittenton Services of Topeka
KANSAS,Heartspring Residential School,Heartspring Residential School
KANSAS,House of Hope Kansas City,House of Hope Kansas City
KANSAS,Johnson County Adolescent Center for Treatment,Johnson County Adolescent Center for Treatment
KANSAS,Kansas Juvenile Correctional Complex,Kansas Juvenile Correctional Complex
KANSAS,Kansas Renewal Institute,Kansas Renewal Institute
KANSAS,KidsTLC PRTF,KidsTLC PRTF
KANSAS,King’s Achievement Center,King’s Achievement Center
KANSAS,Lakemary Center,Lakemary Center
KANSAS,Lakeside Academy of Kansas,Lakeside Academy of Kansas
KANSAS,Main Place Youth,Main Place Youth
KANSAS,New Hope Heartland,New Hope Heartland
KANSAS,Pathways Family Services - The Wright Place,Pathways Family Services - The Wright Place
KANSAS,Prairie View Turning Point PRTF,Prairie View Turning Point PRTF
KANSAS,Riverside Academy,Riverside Academy
KANSAS,St. John’s Military School,St. John’s Military School
KANSAS,Tipton Academy,Tipton Academy
KANSAS,Trego County Secure Care Center,Trego County Secure Care Center
KANSAS,Victory House Teen Challenge,Victory House Teen Challenge
KANSAS,White Rock Academy,White Rock Academy
KENTUCKY,Beulah Mountain Christian Academy,Beulah Mountain Christian Academy
KENTUCKY,Campbell Lodge Boys Home,Campbell Lodge Boys Home
KENTUCKY,Corner of Hope Recovery Center,Corner of Hope Recovery Center
KENTUCKY,Heartland Boys Academy,Heartland Boys Academy
KENTUCKY,Kentucky River Academy,Kentucky River Academy
KENTUCKY,Lincoln Trail Behavioral Health System,Lincoln Trail Behavioral Health System
KENTUCKY,Oneida Baptist Institute,Oneida Baptist Institute
KENTUCKY,Outwood,Outwood
KENTUCKY,Pilgrims Rest Ministry of Reconciliation,Pilgrims Rest Ministry of Reconciliation
KENTUCKY,Possibilities Unlimited,Possibilities Unlimited
KENTUCKY,Spectrum Care Academy,Spectrum Care Academy
KENTUCKY,The Cleveland Home,The Cleveland Home
LOUISIANA,Bossier Parish Juvenile Center,Bossier Parish Juvenile Center
LOUISIANA,Bridge City Center for Youth,Bridge City Center for Youth
LOUISIANA,Central LA Juvenile Justice,Central LA Juvenile Justice
LOUISIANA,Crossroads Youth Ranch,Crossroads Youth Ranch
LOUISIANA,Evangelhouse Christian Academy,Evangelhouse Christian Academy
LOUISIANA,Grace Christian Home and Academy,Grace Christian Home and Academy
LOUISIANA,Hope Youth Ranch,Hope Youth Ranch
LOUISIANA,Louis Jetson Center for Youth,Louis Jetson Center for Youth
LOUISIANA,Louisiana Baptist Children’s Home,Louisiana Baptist Children’s Home
LOUISIANA,Metanoia Manor,Metanoia Manor
LOUISIANA,Methodist Home of New Orleans,Methodist Home of New Orleans
LOUISIANA,New Bethany Home for Girls,New Bethany Home for Girls
LOUISIANA,New Orleans Youth Study Center,New Orleans Youth Study Center
LOUISIANA,Red River Academy,Red River Academy
LOUISIANA,Swanson Center for Youth - Columbia,Swanson Center for Youth - Columbia
LOUISIANA,Swanson Center for Youth - Monroe,Swanson Center for Youth - Monroe
MAINE,Beacon House,Beacon House
MAINE,Becket House at Belgrade,Becket House at Belgrade
MAINE,Bridge Crossing,Bridge Crossing
MAINE,Calais Children’s Residential,Calais Children’s Residential
MAINE,Connections for Kids - Park Place Gorham,Connections for Kids - Park Place Gorham
MAINE,Dirigo Place,Dirigo Place
MAINE,Elizabeth Levinson Center,Elizabeth Levinson Center
MAINE,Harbor Family Services,Harbor Family Services
MAINE,KidsPeace Graham Lake,KidsPeace Graham Lake
MAINE,Long Creek Youth Development Center,Long Creek Youth Development Center
MAINE,New Horizons for Young Women,New Horizons for Young Women
MAINE,Oliver Place,Oliver Place
MAINE,Opportunity Farm,Opportunity Farm
MAINE,Ridge RTC Maine,Ridge RTC Maine
MAINE,Sidney Riverbend,Sidney Riverbend
MAINE,Stetson Ranch,Stetson Ranch
MAINE,Summit Achievement,Summit Achievement
MAINE,Summit View,Summit View
MAINE,Weymouth House,Weymouth House
MARYLAND,Alfred D. Noyes Children’s Center,Alfred D. Noyes Children’s Center
MARYLAND,Backbone Mountain Youth Center,Backbone Mountain Youth Center
MARYLAND,Bowling Brook Preparatory School,Bowling Brook Preparatory School
MARYLAND,"Charles H. Hickey, Jr. School","Charles H. Hickey, Jr. School"
MARYLAND,Edgemeade-Raymond A. Rogers Jr. School,Edgemeade-Raymond A. Rogers Jr. School
MARYLAND,Forest Haven,Forest Haven
MARYLAND,Haven of Hope Girls Academy,Haven of Hope Girls Academy
MARYLAND,Maryland Youth Residence Center,Maryland Youth Residence Center
MARYLAND,Mountain Manor Treatment Center,Mountain Manor Treatment Center
MARYLAND,New Dominion School of Maryland,New Dominion School of Maryland
MARYLAND,O’Farrell Youth Center,O’Farrell Youth Center
MARYLAND,RICA-Baltimore,RICA-Baltimore
MARYLAND,RICA-Rockville,RICA-Rockville
MARYLAND,Savage Mountain Youth Center,Savage Mountain Youth Center
MARYLAND,Sheppard Pratt School and RTC,Sheppard Pratt School and RTC
MARYLAND,Straight – Columbia,Straight – Columbia
MARYLAND,Taylor Manor Hospital Long-Term Adolescent Unit,Taylor Manor Hospital Long-Term Adolescent Unit
MARYLAND,Victor Cullen Center,Victor Cullen Center
MASSACHUSETTS,Academy at Swift River,Academy at Swift River
MASSACHUSETTS,Ashby Academy,Ashby Academy
MASSACHUSETTS,Berkshire Meadows School,Berkshire Meadows School
MASSACHUSETTS,Bridge Campus - Walden Street School,Bridge Campus - Walden Street School
MASSACHUSETTS,Case House,Case House
MASSACHUSETTS,Chamberlain International School,Chamberlain International School
MASSACHUSETTS,Cutchins Programs for Children & Families Pomeroy Terrace,Cutchins Programs for Children & Families Pomeroy Terrace
MASSACHUSETTS,Cutchins Programs for Children & Families Three Rivers CIRT,Cutchins Programs for Children & Families Three Rivers CIRT
MASSACHUSETTS,DeSisto School,DeSisto School
MASSACHUSETTS,Devereux Advanced Behavioral Health Massachusetts & Rhode Island,Devereux Advanced Behavioral Health Massachusetts & Rhode Island
MASSACHUSETTS,Devereux Cathy House,Devereux Cathy House
MASSACHUSETTS,Devereux Devon House,Devereux Devon House
MASSACHUSETTS,Devereux Eastmeadow,Devereux Eastmeadow
MASSACHUSETTS,Devereux Fentress House,Devereux Fentress House
MASSACHUSETTS,Devereux Gate House,Devereux Gate House
MASSACHUSETTS,Devereux Hillcrest,Devereux Hillcrest
MASSACHUSETTS,Devereux Hillside,Devereux Hillside
MASSACHUSETTS,Devereux Massachusetts Boys’ Residential Program,Devereux Massachusetts Boys’ Residential Program
MASSACHUSETTS,Devereux Massachusetts Girls’ Residential Program,Devereux Massachusetts Girls’ Residential Program
MASSACHUSETTS,Devereux Trafford House,Devereux Trafford House
MASSACHUSETTS,Doctor Franklin Perkins School,Doctor Franklin Perkins School
MASSACHUSETTS,Eagleton School,Eagleton School
MASSACHUSETTS,Eliot Atlantic House,Eliot Atlantic House
MASSACHUSETTS,Glenhaven Academy,Glenhaven Academy
MASSACHUSETTS,Hillcrest Educational Foundation ASD Residential Program,Hillcrest Educational Foundation ASD Residential Program
MASSACHUSETTS,Hillcrest Educational Foundation Brookside ITU,Hillcrest Educational Foundation Brookside ITU
MASSACHUSETTS,Hillcrest Educational Foundation Highpoint Campus,Hillcrest Educational Foundation Highpoint Campus
MASSACHUSETTS,John Dewey Academy,John Dewey Academy
MASSACHUSETTS,Judge Rotenberg Educational Center,Judge Rotenberg Educational Center
MASSACHUSETTS,Littleton Academy,Littleton Academy
MASSACHUSETTS,Meadowridge Academy,Meadowridge Academy
MASSACHUSETTS,McLean Hospital: 3East,McLean Hospital: 3East
MASSACHUSETTS,McLean Hospital: OCDI Jr.,McLean Hospital: OCDI Jr.
MASSACHUSETTS,Pelham Academy,Pelham Academy
MASSACHUSETTS,Riverview School,Riverview School
MASSACHUSETTS,Southcoast Behavioral Health Adolescent Inpatient Program,Southcoast Behavioral Health Adolescent Inpatient Program
MASSACHUSETTS,Straight – New England,Straight – New England
MASSACHUSETTS,Stetson School,Stetson School
MASSACHUSETTS,Swansea Wood School,Swansea Wood School
NORTH CAROLINA,The Grove,The Grove
MASSACHUSETTS,The New England Center for Children,The New England Center for Children
MASSACHUSETTS,Valley View School,Valley View School
MASSACHUSETTS,Walden Street School,Walden Street School
MASSACHUSETTS,Westwood Lodge,Westwood Lodge
MICHIGAN,A Place For Kids,A Place For Kids
MICHIGAN,Alpha House,Alpha House
MICHIGAN,Bay County Juvenile Home,Bay County Juvenile Home
MICHIGAN,Bay Pines Center,Bay Pines Center
MICHIGAN,Beacon Home at Coster,Beacon Home at Coster
MICHIGAN,Beacon Home at Sandhurst,Beacon Home at Sandhurst
MICHIGAN,Berrien County Juvenile Center,Berrien County Juvenile Center
MICHIGAN,Bethany Christian Services Residential Treatment,Bethany Christian Services Residential Treatment
MICHIGAN,Betsy’s Place Deckerville 1,Betsy’s Place Deckerville 1
MICHIGAN,Betsy’s Place Deckerville 2,Betsy’s Place Deckerville 2
MICHIGAN,Betsy’s Place LLC Caro,Betsy’s Place LLC Caro
MICHIGAN,Beverly House,Beverly House
MICHIGAN,Boys Hope/Girls Hope,Boys Hope/Girls Hope
MICHIGAN,Boys to Men Group Home,Boys to Men Group Home
MICHIGAN,Calhoun County Juvenile Home,Calhoun County Juvenile Home
MICHIGAN,Calumet RTC,Calumet RTC
MICHIGAN,Camp Oakland Achievement Center,Camp Oakland Achievement Center
MICHIGAN,Camp Oakland Girls Treatment Center,Camp Oakland Girls Treatment Center
MICHIGAN,Camp Oakland Life Preparation Center,Camp Oakland Life Preparation Center
MICHIGAN,CAO Home,CAO Home
MICHIGAN,Catholic Charities of West Michigan,Catholic Charities of West Michigan
MICHIGAN,Cedar Creek Teaching Family Home,Cedar Creek Teaching Family Home
MICHIGAN,Charles and Rose Kelley Open Arms,Charles and Rose Kelley Open Arms
MICHIGAN,Christ Child House,Christ Child House
MICHIGAN,Clarence Fischer Center,Clarence Fischer Center
MICHIGAN,Crossroads for Youth,Crossroads for Youth
MICHIGAN,DART,DART
MICHIGAN,Deleware Home,Deleware Home
MICHIGAN,Detroit Behavioral Institute,Detroit Behavioral Institute
MICHIGAN,Detroit Capstone Academy - North Campus,Detroit Capstone Academy - North Campus
MICHIGAN,Eagle Village Ashmun-Sherk,Eagle Village Ashmun-Sherk
MICHIGAN,Eagle Village Gerber-Putnam,Eagle Village Gerber-Putnam
MICHIGAN,Eagle Village Hainley House,Eagle Village Hainley House
MICHIGAN,Eaton County Youth Facility - Community Based Treatment,Eaton County Youth Facility - Community Based Treatment
MICHIGAN,Ennis Center for Children - Detroit,Ennis Center for Children - Detroit
MICHIGAN,Ennis Center for Children - Flint,Ennis Center for Children - Flint
MICHIGAN,Ennis Center for Children - Howell,Ennis Center for Children - Howell
MICHIGAN,Ennis Center for Children - Monroe,Ennis Center for Children - Monroe
MICHIGAN,Ennis Center for Children - Pontiac,Ennis Center for Children - Pontiac
MICHIGAN,Ennis Center for Children - Port Huron,Ennis Center for Children - Port Huron
MICHIGAN,Ennis Center for Children - Saginaw,Ennis Center for Children - Saginaw
MICHIGAN,FAFF Place,FAFF Place
MICHIGAN,Family Youth Interventions,Family Youth Interventions
MICHIGAN,Gail’s House,Gail’s House
MICHIGAN,Genesee County Juvenile Justice Center,Genesee County Juvenile Justice Center
MICHIGAN,Girlstown,Girlstown
MICHIGAN,Glen’s House,Glen’s House
MICHIGAN,Great Lakes Center for Autism - Elaine Ave.,Great Lakes Center for Autism - Elaine Ave.
MICHIGAN,Great Lakes Center for Autism Treatment & Research,Great Lakes Center for Autism Treatment & Research
MICHIGAN,Great Lakes Recovery Center for Youth,Great Lakes Recovery Center for Youth
MICHIGAN,Green Haven,Green Haven
MICHIGAN,Hacienda De Luz,Hacienda De Luz
MICHIGAN,Hanley House,Hanley House
MICHIGAN,Harbor Oaks Hospital,Harbor Oaks Hospital
MICHIGAN,Havenwyck Hospital Residential Impulse Disorder Program,Havenwyck Hospital Residential Impulse Disorder Program
MICHIGAN,Highfields,Highfields
MICHIGAN,Hillsdale County Youth Home,Hillsdale County Youth Home
MICHIGAN,Holy Cross Services - King House,Holy Cross Services - King House
MICHIGAN,Holy Cross Services - Bowman House,Holy Cross Services - Bowman House
MICHIGAN,Holy Cross Services - St. Vincent Home of Saginaw,Holy Cross Services - St. Vincent Home of Saginaw
MICHIGAN,House of Providence Boys,House of Providence Boys
MICHIGAN,House of Providence Girls,House of Providence Girls
MICHIGAN,Indian River Teaching Family Home,Indian River Teaching Family Home
MICHIGAN,Ingham County Youth Center,Ingham County Youth Center
MICHIGAN,Innerlink,Innerlink
MICHIGAN,Isabella County Non-Secure Detention Home,Isabella County Non-Secure Detention Home
MICHIGAN,Jackson County Youth Center,Jackson County Youth Center
MICHIGAN,Jamie’s House,Jamie’s House
MICHIGAN,Kalamazoo County Juvenile Home,Kalamazoo County Juvenile Home
MICHIGAN,Kent County Juvenile Detention Center,Kent County Juvenile Detention Center
MICHIGAN,Kevin Moody Youth Home,Kevin Moody Youth Home
MICHIGAN,Keweenaw Academy,Keweenaw Academy
MICHIGAN,Lakes Area Teaching Family Home,Lakes Area Teaching Family Home
UTAH,Lakeside Academy,Lakeside Academy
MICHIGAN,Let's Talk About It Girl's Home II,Let's Talk About It Girl's Home II
MICHIGAN,Let's Talk About It Girl's Home III,Let's Talk About It Girl's Home III
MICHIGAN,Let's Talk About It Home for Boys,Let's Talk About It Home for Boys
MICHIGAN,Lincoln RTC,Lincoln RTC
MICHIGAN,Macomb County Juvenile Justice Center,Macomb County Juvenile Justice Center
MICHIGAN,Maple Lodge,Maple Lodge
MICHIGAN,Maurice Spear Campus,Maurice Spear Campus
MICHIGAN,Methodist Children’s Home,Methodist Children’s Home
MICHIGAN,Midland County Juvenile Care Center,Midland County Juvenile Care Center
MICHIGAN,Missaukee Wilderness Youth Home,Missaukee Wilderness Youth Home
MICHIGAN,Monroe County Youth Center,Monroe County Youth Center
MICHIGAN,Mott Children's Residence,Mott Children's Residence
MICHIGAN,Muskegon Youth Home,Muskegon Youth Home
MICHIGAN,New Directions - Farmington Hills,New Directions - Farmington Hills
MICHIGAN,North Point Home,North Point Home
MICHIGAN,Oakland County Children’s Village,Oakland County Children’s Village
MICHIGAN,Optimist House,Optimist House
MICHIGAN,Ottawa County Juvenile Detention Center,Ottawa County Juvenile Detention Center
MICHIGAN,Pathway Youth Center,Pathway Youth Center
MICHIGAN,Paul Martin Home for Boys,Paul Martin Home for Boys
MICHIGAN,Peckham Inc. Youth Home,Peckham Inc. Youth Home
MICHIGAN,Penrickton Center for Blind Children,Penrickton Center for Blind Children
MICHIGAN,Pete’s Place,Pete’s Place
MICHIGAN,Pine Way Group North,Pine Way Group North
MICHIGAN,Pine Way Group South,Pine Way Group South
MICHIGAN,Pineview Homes,Pineview Homes
MICHIGAN,Pioneer Work and Learn Center,Pioneer Work and Learn Center
MICHIGAN,REACH,REACH
MICHIGAN,Resilient - Glenmuer,Resilient - Glenmuer
MICHIGAN,Roscommon County Juvenile Detention Center,Roscommon County Juvenile Detention Center
MICHIGAN,Rotary House,Rotary House
MICHIGAN,Samaritas - Bay,Samaritas - Bay
MICHIGAN,Samaritas - Mid Mi,Samaritas - Mid Mi
MICHIGAN,Samaritas - Oasis Home,Samaritas - Oasis Home
MICHIGAN,Samaritas - Southeast,Samaritas - Southeast
MICHIGAN,Samaritas - Southwest,Samaritas - Southwest
MICHIGAN,Samaritas Substance Use Disorder Services,Samaritas Substance Use Disorder Services
MICHIGAN,Samaritas - West,Samaritas - West
MICHIGAN,Samuel’s House,Samuel’s House
MICHIGAN,Sault Tribe Youth Facility,Sault Tribe Youth Facility
MICHIGAN,South Bluff Teaching Family Home,South Bluff Teaching Family Home
MICHIGAN,St. John’s Home Residential,St. John’s Home Residential
MICHIGAN,St. Vincent Catholic Charities,St. Vincent Catholic Charities
MICHIGAN,Starr Albion Prep,Starr Albion Prep
MICHIGAN,Starr Commonwealth,Starr Commonwealth
MICHIGAN,Straight - Detroit,Straight - Detroit
MICHIGAN,StoneCrest Center,StoneCrest Center
MICHIGAN,Sumpter House,Sumpter House
TEXAS,The Ark,The Ark
MICHIGAN,Vassar House,Vassar House
MICHIGAN,Vista Maria School for Girls,Vista Maria School for Girls
MICHIGAN,Washtenaw County Youth Center,Washtenaw County Youth Center
MICHIGAN,Wayne County Juvenile Detention Facility,Wayne County Juvenile Detention Facility
MICHIGAN,Wedgwood Christian Services East Campus,Wedgwood Christian Services East Campus
MICHIGAN,Wedgwood Christian Services Kentwood Campus,Wedgwood Christian Services Kentwood Campus
MICHIGAN,Wedgwood Christian Services West Campus,Wedgwood Christian Services West Campus
MICHIGAN,Wellspring Lutheran Services Gaylord,Wellspring Lutheran Services Gaylord
MICHIGAN,Wellspring Lutheran Services Kentwood,Wellspring Lutheran Services Kentwood
MICHIGAN,Wolverine Center,Wolverine Center
MICHIGAN,Wolverine Secure Treatment Center,Wolverine Secure Treatment Center
MICHIGAN,Youth Home Allegan County,Youth Home Allegan County
MICHIGAN,Zonta House,Zonta House
MINNESOTA,180 Degrees Inc.,180 Degrees Inc.
MINNESOTA,180 Degrees Inc. - Hope House,180 Degrees Inc. - Hope House
MINNESOTA,180 Degrees Inc. - St. Cloud,180 Degrees Inc. - St. Cloud
MINNESOTA,180 Degrees Inc. - VonWald Group Home,180 Degrees Inc. - VonWald Group Home
MINNESOTA,Adolescent Residential Substance Abuse Program,Adolescent Residential Substance Abuse Program
MINNESOTA,Ain Dah Yung Cener,Ain Dah Yung Cener
MINNESOTA,Anna Westin House Adolescent and Young Adult,Anna Westin House Adolescent and Young Adult
MINNESOTA,Anna Westin House West,Anna Westin House West
MINNESOTA,Anoka County Juvenile Center,Anoka County Juvenile Center
MINNESOTA,Anoka County Juvenile Center – Nonsecure,Anoka County Juvenile Center – Nonsecure
MINNESOTA,Anthony Louis Center North,Anthony Louis Center North
MINNESOTA,Arrowhead Juvenile Center,Arrowhead Juvenile Center
MINNESOTA,Avanti Center,Avanti Center
MINNESOTA,Bar None Haven & Pathways,Bar None Haven & Pathways
MINNESOTA,Beverly A Benjamin Youth Lodge,Beverly A Benjamin Youth Lodge
MINNESOTA,Boys Totem Town,Boys Totem Town
MINNESOTA,Bush Children’s Center,Bush Children’s Center
MINNESOTA,Cambia Hills of East Bethel,Cambia Hills of East Bethel
MINNESOTA,Cedar Heights,Cedar Heights
MINNESOTA,Children’s Residential Treatment Center,Children’s Residential Treatment Center
MINNESOTA,Divine Intervention,Divine Intervention
MINNESOTA,East Central Regional Juvenile Center,East Central Regional Juvenile Center
MINNESOTA,Elmore Academy,Elmore Academy
MINNESOTA,Fairview Deaconess Hospital,Fairview Deaconess Hospital
MINNESOTA,Go Forward Residential Group Home,Go Forward Residential Group Home
MINNESOTA,Grafton – Cold Spring,Grafton – Cold Spring
MINNESOTA,Hawkins Home,Hawkins Home
MINNESOTA,Hazelden Plymouth,Hazelden Plymouth
MINNESOTA,Heartland Ranch,Heartland Ranch
MINNESOTA,Hennepin County Home School,Hennepin County Home School
MINNESOTA,Hennepin County Juvenile Detention Center,Hennepin County Juvenile Detention Center
MINNESOTA,Holcomb House,Holcomb House
MINNESOTA,Hunters Place LLC,Hunters Place LLC
MINNESOTA,I.T.A.S.K.I.N. Juvenile Center,I.T.A.S.K.I.N. Juvenile Center
MINNESOTA,Jelani House,Jelani House
MINNESOTA,Kadiri House,Kadiri House
MINNESOTA,Leo A Hoffmann Center,Leo A Hoffmann Center
MINNESOTA,Little Sand East,Little Sand East
MINNESOTA,Little Sand Lakeside,Little Sand Lakeside
MINNESOTA,Little Sand West,Little Sand West
MINNESOTA,Maple Lake Recovery Center,Maple Lake Recovery Center
MINNESOTA,Mapletree Group Home,Mapletree Group Home
MINNESOTA,Mesabi Academy,Mesabi Academy
MINNESOTA,Minnesota Correctional Facility – Red Wing,Minnesota Correctional Facility – Red Wing
MINNESOTA,Minnesota Home School for Girls,Minnesota Home School for Girls
MINNESOTA,Naima House,Naima House
MINNESOTA,Newport Academy – St. Cloud,Newport Academy – St. Cloud
MINNESOTA,Nexus-East Bethel Family Healing,Nexus-East Bethel Family Healing
MINNESOTA,Nexus-Gerard Family Healing,Nexus-Gerard Family Healing
MINNESOTA,Nexus-Mille Lacs Family Healing,Nexus-Mille Lacs Family Healing
MINNESOTA,Nexus-Mille Lacs Family Healing Andover GH,Nexus-Mille Lacs Family Healing Andover GH
MINNESOTA,Nexus-Mille Lacs Family Healing New Trails GH,Nexus-Mille Lacs Family Healing New Trails GH
MINNESOTA,North Homes Boys Program,North Homes Boys Program
MINNESOTA,North Homes Boys TNT,North Homes Boys TNT
MINNESOTA,North Homes Cottage,North Homes Cottage
MINNESOTA,North Homes Teens in Transition Next Step,North Homes Teens in Transition Next Step
MINNESOTA,Northwestern Minnesota Juvenile Center,Northwestern Minnesota Juvenile Center
MINNESOTA,Northwood Children’s Services,Northwood Children’s Services
MINNESOTA,Northwood Children’s Services – West Campus,Northwood Children’s Services – West Campus
MINNESOTA,On-Belay House,On-Belay House
MINNESOTA,Park Nicollet Melrose Center,Park Nicollet Melrose Center
MINNESOTA,Passageways,Passageways
MINNESOTA,Phoenix Lake Crystal East,Phoenix Lake Crystal East
MINNESOTA,Phoenix Lake Crystal West,Phoenix Lake Crystal West
MINNESOTA,Phoenix Recovery Programs Inc - Maplewood,Phoenix Recovery Programs Inc - Maplewood
MINNESOTA,Phoenix Recovery Programs Inc - White Bear Lake,Phoenix Recovery Programs Inc - White Bear Lake
MINNESOTA,PORT Group Homes Boys,PORT Group Homes Boys
MINNESOTA,PORT Group Homes Girls,PORT Group Homes Girls
MINNESOTA,PrairieCare Residential Services,PrairieCare Residential Services
MINNESOTA,Prairie House Recovery,Prairie House Recovery
MINNESOTA,Prairie Lakes Juvenile Detention Center – Nonsecure,Prairie Lakes Juvenile Detention Center – Nonsecure
MINNESOTA,Prairie Lakes Juvenile Detention Center – Secure,Prairie Lakes Juvenile Detention Center – Secure
MINNESOTA,Prairie Lakes Youth Programs – Boys Group Home,Prairie Lakes Youth Programs – Boys Group Home
MINNESOTA,Prairie Lakes Youth Programs – Girls Group Home,Prairie Lakes Youth Programs – Girls Group Home
MINNESOTA,Ramsey County Juvenile Detention Center,Ramsey County Juvenile Detention Center
MINNESOTA,Rebound Inc. – Jordan House,Rebound Inc. – Jordan House
MINNESOTA,Red River Valley Juvenile Center,Red River Valley Juvenile Center
MINNESOTA,Scott County Juvenile Alternative Facility,Scott County Juvenile Alternative Facility
MINNESOTA,Second Chances,Second Chances
MINNESOTA,Sol House,Sol House
MINNESOTA,Soltreks,Soltreks
MINNESOTA,Southwestern Youth Services,Southwestern Youth Services
MINNESOTA,Spencer House,Spencer House
MINNESOTA,Spirit Valley Residence Program,Spirit Valley Residence Program
MINNESOTA,St. Cloud Children’s Home,St. Cloud Children’s Home
MINNESOTA,St. Croix Camp,St. Croix Camp
MINNESOTA,St. Joseph’s Home for Children,St. Joseph’s Home for Children
MINNESOTA,The Bridge for Youth,The Bridge for Youth
MINNESOTA,The Hills Youth and Family Services,The Hills Youth and Family Services
MINNESOTA,The Loft,The Loft
MINNESOTA,Valley – Lake Boys’ Home,Valley – Lake Boys’ Home
MINNESOTA,Village Ranch Girls Program,Village Ranch Girls Program
MINNESOTA,Village Ranch Hutchinson House,Village Ranch Hutchinson House
MINNESOTA,Village Ranch Residential Facility,Village Ranch Residential Facility
MINNESOTA,West Central Regional Juvenile Center,West Central Regional Juvenile Center
MINNESOTA,Wilson Center,Wilson Center
MINNESOTA,Wings,Wings
MISSISSIPPI,Adams County Juvenile Detention Center,Adams County Juvenile Detention Center
MISSISSIPPI,Alcorn County Juvenile Detention Center,Alcorn County Juvenile Detention Center
MISSISSIPPI,Bethel Academy,Bethel Academy
MISSISSIPPI,Bethel Girls Academy,Bethel Girls Academy
MISSISSIPPI,Bethesda Home for Girls,Bethesda Home for Girls
MISSISSIPPI,Capital City Alternative School,Capital City Alternative School
MISSISSIPPI,Christian Life Boarding Academy,Christian Life Boarding Academy
MISSISSIPPI,Columbia Training School,Columbia Training School
MISSISSIPPI,Desoto County Juvenile Detention Center,Desoto County Juvenile Detention Center
MISSISSIPPI,Diamond Grove Center for Children Psychiatric Program,Diamond Grove Center for Children Psychiatric Program
MISSISSIPPI,Forrest County Juvenile Detention Center,Forrest County Juvenile Detention Center
MISSISSIPPI,French Camp Academy,French Camp Academy
MISSISSIPPI,Harrison County Juvenile Detention Center,Harrison County Juvenile Detention Center
MISSISSIPPI,Henley-Young Juvenile Justice Center,Henley-Young Juvenile Justice Center
MISSISSIPPI,Happiness Hill Home,Happiness Hill Home
MISSISSIPPI,Homes of Hope for Children,Homes of Hope for Children
MISSISSIPPI,Hope Christian Home and Academy,Hope Christian Home and Academy
MISSISSIPPI,Jackson County Juvenile Detention Center,Jackson County Juvenile Detention Center
MISSISSIPPI,Jones County Juvenile Justice Center,Jones County Juvenile Justice Center
MISSISSIPPI,Lauderdale County Juvenile Center,Lauderdale County Juvenile Center
MISSISSIPPI,Lee County-Tupelo Juvenile Detention Center,Lee County-Tupelo Juvenile Detention Center
MISSISSIPPI,Leflore County Juvenile Justice Center,Leflore County Juvenile Justice Center
MISSISSIPPI,Lighthouse Children’s Home,Lighthouse Children’s Home
MISSISSIPPI,Lowndes County Juvenile Detention Center,Lowndes County Juvenile Detention Center
MISSISSIPPI,Magnolia Christian Center,Magnolia Christian Center
MISSISSIPPI,Methodist Children's Homes of Mississippi,Methodist Children's Homes of Mississippi
MISSISSIPPI,Millcreek of Magee Treatment Center,Millcreek of Magee Treatment Center
MISSISSIPPI,Mississippi Baptist Children’s Home,Mississippi Baptist Children’s Home
MISSISSIPPI,Natchez Children’s Home,Natchez Children’s Home
MISSISSIPPI,New Summit School,New Summit School
MISSISSIPPI,Oakley Training School,Oakley Training School
MISSISSIPPI,Palmer Home for Children,Palmer Home for Children
MISSISSIPPI,Pike County Juvenile Detention Center,Pike County Juvenile Detention Center
MISSISSIPPI,Pine Vale Children’s Home,Pine Vale Children’s Home
MISSISSIPPI,Rankin County Sheriff's Juvenile Detention Center,Rankin County Sheriff's Juvenile Detention Center
MISSISSIPPI,"Saint Joshua’s Therapeutic Group Home, Inc.","Saint Joshua’s Therapeutic Group Home, Inc."
MISSISSIPPI,Summit’s View,Summit’s View
MISSISSIPPI,Tupelo Children’s Mansion,Tupelo Children’s Mansion
MISSISSIPPI,Walnut Grove Youth Correctional Facility,Walnut Grove Youth Correctional Facility
MISSISSIPPI,Warren County Juvenile Justice Center,Warren County Juvenile Justice Center
MISSISSIPPI,Washington County Juvenile Justice Center,Washington County Juvenile Justice Center
MISSISSIPPI,Yazoo County Juvenile Justice Center,Yazoo County Juvenile Justice Center
MISSOURI,Adair County Bruce Normile Juvenile Justice Center,Adair County Bruce Normile Juvenile Justice Center
MISSOURI,Agape Baptist Academy,Agape Baptist Academy
MISSOURI,Alsana Castlewood Treatment Center,Alsana Castlewood Treatment Center
MISSOURI,Babler Lodge,Babler Lodge
MISSOURI,Building Bridges II Inc.,Building Bridges II Inc.
MISSOURI,Burrell - Milano House,Burrell - Milano House
MISSOURI,Butterfield Youth Services,Butterfield Youth Services
MISSOURI,Camp Avery Park,Camp Avery Park
MISSOURI,"Cayman’s House of Hope, Inc.","Cayman’s House of Hope, Inc."
MISSOURI,Challenge N Change,Challenge N Change
MISSOURI,Child Center Marygrove,Child Center Marygrove
MISSOURI,Child Center of Our Lady of Grace,Child Center of Our Lady of Grace
MISSOURI,Chillicothe Industrial Home for Girls,Chillicothe Industrial Home for Girls
MISSOURI,Circle of Hope Girls’ Ranch,Circle of Hope Girls’ Ranch
MISSOURI,Cornerstone Group Home,Cornerstone Group Home
MISSOURI,Cornerstones of Care Ozanam Campus,Cornerstones of Care Ozanam Campus
MISSOURI,Covenant House Missouri,Covenant House Missouri
MISSOURI,Delmina Woods,Delmina Woods
MISSOURI,Drumm Farm Center for Children,Drumm Farm Center for Children
MISSOURI,Eagle Summit,Eagle Summit
MISSOURI,Edgewood Children’s Center,Edgewood Children’s Center
MISSOURI,Edgewood Children’s Home,Edgewood Children’s Home
MISSOURI,Epworth Residential Services,Epworth Residential Services
MISSOURI,Every Child’s Hope,Every Child’s Hope
MISSOURI,Fair Haven Children’s Home,Fair Haven Children’s Home
MISSOURI,Faith Foundation Children’s Home - Grace House/Mercy House,Faith Foundation Children’s Home - Grace House/Mercy House
MISSOURI,Faith Foundation Children's Home - Hope House,Faith Foundation Children's Home - Hope House
MISSOURI,Faith Foundation Children's Home - Joy House,Faith Foundation Children's Home - Joy House
MISSOURI,Faith/Integrity House,Faith/Integrity House
MISSOURI,Family Matters2,Family Matters2
MISSOURI,Father Dunne’s Newsboys Home and Protectorate,Father Dunne’s Newsboys Home and Protectorate
MISSOURI,Fulton Treatment Center,Fulton Treatment Center
MISSOURI,Future Men,Future Men
MISSOURI,Gateways Boys and Girls Home Inc.,Gateways Boys and Girls Home Inc.
MISSOURI,Gentry Residential Treatment Center,Gentry Residential Treatment Center
MISSOURI,Good Samaritan Boys Ranch,Good Samaritan Boys Ranch
MISSOURI,Green Gables Lodge Treatment Center,Green Gables Lodge Treatment Center
MISSOURI,Heartland Behavioral Health Services RTF,Heartland Behavioral Health Services RTF
MISSOURI,Heartland Christian Academy,Heartland Christian Academy
MISSOURI,Heaven’s View Christian Boarding Academy,Heaven’s View Christian Boarding Academy
MISSOURI,Hillsboro Treatment Center,Hillsboro Treatment Center
MISSOURI,Hogan Street Regional Youth Center,Hogan Street Regional Youth Center
MISSOURI,Holland Residential,Holland Residential
MISSOURI,Home Court Advantage Inc II & III,Home Court Advantage Inc II & III
MISSOURI,Home Court Advantage Inc IV,Home Court Advantage Inc IV
MISSOURI,Home Court Advantage Inc V,Home Court Advantage Inc V
MISSOURI,Home Court Advantage Inc VI,Home Court Advantage Inc VI
MISSOURI,Hope Ranch of Missouri,Hope Ranch of Missouri
MISSOURI,House of Compassion,House of Compassion
MISSOURI,Kansas City Girls Academy,Kansas City Girls Academy
MISSOURI,Kemper Military Academy,Kemper Military Academy
MISSOURI,Lakeside RTC,Lakeside RTC
MISSOURI,Langsford House Youth Center,Langsford House Youth Center
MISSOURI,LUC Ranch,LUC Ranch
MISSOURI,Living Water Refuge,Living Water Refuge
MISSOURI,"Making a Difference Treatment, Inc.","Making a Difference Treatment, Inc."
MISSOURI,Master’s Ranch Christian Academy,Master’s Ranch Christian Academy
MISSOURI,Master’s Ranch Girls Academy,Master’s Ranch Girls Academy
MISSOURI,Master’s Ranch Junior High,Master’s Ranch Junior High
MISSOURI,MBCH Children and Family Ministries - Byrne Campus,MBCH Children and Family Ministries - Byrne Campus
MISSOURI,MCBH Children and Family Ministries - Hutchens Campus,MCBH Children and Family Ministries - Hutchens Campus
MISSOURI,MBCH Children and Family Ministries - Lowe-Frill Campus,MBCH Children and Family Ministries - Lowe-Frill Campus
MISSOURI,"Missouri Girls Town Foundation, Inc.","Missouri Girls Town Foundation, Inc."
MISSOURI,Missouri Hills Youth Center,Missouri Hills Youth Center
MISSOURI,Missouri Training School for Boys,Missouri Training School for Boys
MISSOURI,Missouri Training School for N*gro Girls,Missouri Training School for N*gro Girls
MISSOURI,Mount Vernon Treatment Center,Mount Vernon Treatment Center
MISSOURI,Mountain Park Baptist Boarding Academy,Mountain Park Baptist Boarding Academy
MISSOURI,New Beginnings Girls Academy,New Beginnings Girls Academy
MISSOURI,New Hope Residential Care Inc.,New Hope Residential Care Inc.
MISSOURI,New Madrid Bend Youth Center,New Madrid Bend Youth Center
MISSOURI,Northeast Community Treatment Center,Northeast Community Treatment Center
MISSOURI,Northwest Regional Youth Center,Northwest Regional Youth Center
MISSOURI,Noyes Home For Children,Noyes Home For Children
MISSOURI,Ozarks Teen Challenge,Ozarks Teen Challenge
MISSOURI,Ozark Trails Academy,Ozark Trails Academy
MISSOURI,Piney Ridge Center,Piney Ridge Center
MISSOURI,Prenger Juvenile Center,Prenger Juvenile Center
MISSOURI,Proverb Academy,Proverb Academy
MISSOURI,Renovo Boys Academy,Renovo Boys Academy
MISSOURI,Rich Hill Youth Development Center,Rich Hill Youth Development Center
MISSOURI,Riverbend Treatment Facility,Riverbend Treatment Facility
MISSOURI,Rocky Creek Youth Ranch,Rocky Creek Youth Ranch
MISSOURI,Rosa Parks Center,Rosa Parks Center
MISSOURI,Sharpe Farms and Heartland Community Center,Sharpe Farms and Heartland Community Center
MISSOURI,Sierra-Osage Treatment Center,Sierra-Osage Treatment Center
MISSOURI,SSM DePaul Health Center,SSM DePaul Health Center
MISSOURI,Thayer Learning Center,Thayer Learning Center
MISSOURI,The Greenhouse Children’s Treatment Center,The Greenhouse Children’s Treatment Center
MISSOURI,The Joshua Home,The Joshua Home
MISSOURI,The Legacy Ranch,The Legacy Ranch
MISSOURI,Turnaround Ranch,Turnaround Ranch
MISSOURI,Two Rivers Psychiatric Hospital,Two Rivers Psychiatric Hospital
MISSOURI,Valley Springs Youth Ranch,Valley Springs Youth Ranch
MISSOURI,Victory Boys Academy,Victory Boys Academy
MISSOURI,Victory Mountain Boys Ranch,Victory Mountain Boys Ranch
MISSOURI,W.E. Sears Youth Center,W.E. Sears Youth Center
MISSOURI,Watkins Mill Park Camp,Watkins Mill Park Camp
MISSOURI,Waverly Regional Youth Center,Waverly Regional Youth Center
MISSOURI,Whetstone Boys Ranch,Whetstone Boys Ranch
MISSOURI,Wilson’s Creek Youth Home,Wilson’s Creek Youth Home
MISSOURI,Wings of Faith Girls Academy,Wings of Faith Girls Academy
MISSOURI,Women of Unity,Women of Unity
MONTANA,Acadia Montana,Acadia Montana
MONTANA,Affinity Foundation,Affinity Foundation
MONTANA,Anchor Academy,Anchor Academy
MONTANA,Big Sky Academy,Big Sky Academy
MONTANA,Bitterroot Homestead,Bitterroot Homestead
MONTANA,Bootstrap Ranch High School,Bootstrap Ranch High School
MONTANA,Building Bridges Inc.,Building Bridges Inc.
MONTANA,Camas Ranch,Camas Ranch
MONTANA,Canaan’s Land Boys Ranch,Canaan’s Land Boys Ranch
MONTANA,Choteau Youth Ranch,Choteau Youth Ranch
MONTANA,Chrysalis Therapeutic Boarding School,Chrysalis Therapeutic Boarding School
MONTANA,Clearview Girls Academy,Clearview Girls Academy
MONTANA,Cougar Mountain Ranch,Cougar Mountain Ranch
MONTANA,Dancing Moon Ranch,Dancing Moon Ranch
MONTANA,Deep Springs Ranch for Kids,Deep Springs Ranch for Kids
MONTANA,Desert Mountain Youth Care Facility,Desert Mountain Youth Care Facility
MONTANA,Elk Creek Academy,Elk Creek Academy
MONTANA,Explorations Montana,Explorations Montana
MONTANA,Gateway Freedom Ranch,Gateway Freedom Ranch
MONTANA,Hope Ranch,Hope Ranch
MONTANA,Inner Roads Wilderness Program,Inner Roads Wilderness Program
MONTANA,Intermountain Deaconess Home,Intermountain Deaconess Home
MONTANA,Loveland Farms School,Loveland Farms School
MONTANA,Mission Mountain School,Mission Mountain School
MONTANA,Missoula Sunrise Children’s Home,Missoula Sunrise Children’s Home
MONTANA,Monarch School,Monarch School
MONTANA,Montana Academy,Montana Academy
MONTANA,New Horizons Youth Ranch,New Horizons Youth Ranch
MONTANA,Pathways Treatment Center,Pathways Treatment Center
MONTANA,Petty Creek Ranch,Petty Creek Ranch
MONTANA,Pine Hills Correctional Facility,Pine Hills Correctional Facility
MONTANA,Pinehaven Christian Children’s Ranch,Pinehaven Christian Children’s Ranch
MONTANA,Possibilities,Possibilities
MONTANA,Prosper Treatment,Prosper Treatment
MONTANA,Ranch for Kids,Ranch for Kids
MONTANA,Reflections Academy,Reflections Academy
MONTANA,Rising Peak Academy,Rising Peak Academy
MONTANA,Riverview Academy,Riverview Academy
MONTANA,Rocky Top Academy,Rocky Top Academy
MONTANA,Shodair RTC,Shodair RTC
MONTANA,Sparrows Nest of Northwest Montana,Sparrows Nest of Northwest Montana
MONTANA,Spring Creek Lodge Academy,Spring Creek Lodge Academy
MONTANA,Star Peak Crossing,Star Peak Crossing
MONTANA,Summit Preparatory School,Summit Preparatory School
MONTANA,Swan Valley Youth Academy,Swan Valley Youth Academy
MONTANA,Three Rivers Montana,Three Rivers Montana
MONTANA,Triple Divide Lodge,Triple Divide Lodge
MONTANA,Turning Point Behavioral Academy,Turning Point Behavioral Academy
MONTANA,Turning Winds Academic Institute,Turning Winds Academic Institute
MONTANA,Wilderness Ranch,Wilderness Ranch
MONTANA,Wilderness Treatment Center,Wilderness Treatment Center
MONTANA,Wood Creek Academy,Wood Creek Academy
MONTANA,Yellowstone Girls and Boys Ranch,Yellowstone Girls and Boys Ranch
MONTANA,Youth Dynamics,Youth Dynamics
MONTANA,Youth Homes,Youth Homes
NEBRASKA,Boys Town RTC,Boys Town RTC
NEBRASKA,RADIUS,RADIUS
NEBRASKA,Stand Fast In Freedom,Stand Fast In Freedom
NEBRASKA,Uta Halee Academy,Uta Halee Academy
NEVADA,Apple Grove Treatment Center,Apple Grove Treatment Center
NEVADA,Aurora Center for Healing,Aurora Center for Healing
NEVADA,Child Haven,Child Haven
NEVADA,Clark County Juvenile Detention Center,Clark County Juvenile Detention Center
NEVADA,Desert Willow Treatment Center,Desert Willow Treatment Center
NEVADA,Desert Winds Hospital,Desert Winds Hospital
NEVADA,Douglas County Juvenile Detention Center,Douglas County Juvenile Detention Center
NEVADA,Eagle Springs Teen Boys Center,Eagle Springs Teen Boys Center
NEVADA,Eden Treatment - Edna Ave,Eden Treatment - Edna Ave
NEVADA,Elko County Juvenile Home,Elko County Juvenile Home
NEVADA,Focal Point Academy,Focal Point Academy
NEVADA,Golla Home,Golla Home
NEVADA,Hand Up Homes for Youth Northern Nevada,Hand Up Homes for Youth Northern Nevada
NEVADA,Home on the Range Youth Ranch,Home on the Range Youth Ranch
UTAH,Horizon Academy,Horizon Academy
NEVADA,Jan Evans Juvenile Justice Center,Jan Evans Juvenile Justice Center
NEVADA,JC Family Services,JC Family Services
NEVADA,Kids First LLC,Kids First LLC
NEVADA,KW Legacy Ranch,KW Legacy Ranch
NEVADA,Leighton Hall,Leighton Hall
NEVADA,Levada House,Levada House
NEVADA,Nevada Homes for Youth Substance Abuse Program,Nevada Homes for Youth Substance Abuse Program
NEVADA,Never Give Up Youth Healing Services,Never Give Up Youth Healing Services
NEVADA,"Rite of Passage Adolescent Treatment Centers and Schools, Inc.","Rite of Passage Adolescent Treatment Centers and Schools, Inc."
NEVADA,Ruth’s Haven Teen Girls Center,Ruth’s Haven Teen Girls Center
NEVADA,Sierra Nevada Teen Ranch,Sierra Nevada Teen Ranch
NEVADA,Sierra Sage Treatment Center,Sierra Sage Treatment Center
NEVADA,Sky View Christian Academy,Sky View Christian Academy
NEVADA,Spring Mountain Youth Camp,Spring Mountain Youth Camp
NEVADA,Teurman Hall,Teurman Hall
NEVADA,Wellspring Adventure Lake Tahoe,Wellspring Adventure Lake Tahoe
NEVADA,Western Nevada Regional Youth Center,Western Nevada Regional Youth Center
NEVADA,Willow Springs Center,Willow Springs Center
NEW HAMPSHIRE,Boylston Home,Boylston Home
NEW HAMPSHIRE,Child & Family Services Group Home,Child & Family Services Group Home
NEW HAMPSHIRE,Crotched Mountain School & Village,Crotched Mountain School & Village
NEW HAMPSHIRE,Davenport School,Davenport School
NEW HAMPSHIRE,Dover Children's Home,Dover Children's Home
NEW HAMPSHIRE,Easterseals Gammon Academy at Krol House,Easterseals Gammon Academy at Krol House
NEW HAMPSHIRE,Easterseals Gammon Academy at Lancaster,Easterseals Gammon Academy at Lancaster
NEW HAMPSHIRE,Easterseals Gammon Academy at Mammoth Road,Easterseals Gammon Academy at Mammoth Road
NEW HAMPSHIRE,Easterseals Gammon Academy at Zachary Road,Easterseals Gammon Academy at Zachary Road
NEW HAMPSHIRE,Granite Pathways Youth Treatment Center,Granite Pathways Youth Treatment Center
NEW HAMPSHIRE,Hampshire Country School,Hampshire Country School
NEW HAMPSHIRE,Hampstead Hospital & RTC,Hampstead Hospital & RTC
NEW HAMPSHIRE,"Hannah House, Inc.","Hannah House, Inc."
NEW HAMPSHIRE,Hunter School,Hunter School
NEW HAMPSHIRE,John H. Sununu Youth Services Center,John H. Sununu Youth Services Center
NEW HAMPSHIRE,Legacy by Gersh,Legacy by Gersh
NEW HAMPSHIRE,"Lutheran Community Services of New Hampshire, Inc.","Lutheran Community Services of New Hampshire, Inc."
NEW HAMPSHIRE,Malley Farm Boys Home Inc.,Malley Farm Boys Home Inc.
NEW HAMPSHIRE,Midway Shelter,Midway Shelter
NEW HAMPSHIRE,Mount Prospect Academy,Mount Prospect Academy
NEW HAMPSHIRE,Mount Prospect Academy Adventure Based Treatment,Mount Prospect Academy Adventure Based Treatment
NEW HAMPSHIRE,Mount Prospect Academy CAST,Mount Prospect Academy CAST
NEW HAMPSHIRE,Mount Prospect Academy ERT,Mount Prospect Academy ERT
NEW HAMPSHIRE,Mount Prospect Academy Hall Farm,Mount Prospect Academy Hall Farm
NEW HAMPSHIRE,Mount Prospect Academy PSB,Mount Prospect Academy PSB
NEW HAMPSHIRE,Mount Prospect Academy STEP,Mount Prospect Academy STEP
NEW HAMPSHIRE,Mount Prospect Academy Sub-Acute Program,Mount Prospect Academy Sub-Acute Program
NEW HAMPSHIRE,New England Salem Children’s Trust,New England Salem Children’s Trust
NEW HAMPSHIRE,Northern New Hampshire Youth Services,Northern New Hampshire Youth Services
NEW HAMPSHIRE,Odyssey NH,Odyssey NH
NEW HAMPSHIRE,Oliverian School,Oliverian School
NEW HAMPSHIRE,Our House for Girls,Our House for Girls
NEW HAMPSHIRE,Philbrook,Philbrook
NEW HAMPSHIRE,Pine Haven Boys Center,Pine Haven Boys Center
NEW HAMPSHIRE,Ridge RTC - New Hampshire,Ridge RTC - New Hampshire
NEW HAMPSHIRE,Rolfe and Rumford Home,Rolfe and Rumford Home
NEW HAMPSHIRE,Spaulding Youth Center,Spaulding Youth Center
NEW HAMPSHIRE,St. Charles Children’s Home,St. Charles Children’s Home
NEW HAMPSHIRE,The Chase Home for Children,The Chase Home for Children
NEW HAMPSHIRE,The Doorway at Granite Pathways,The Doorway at Granite Pathways
NEW HAMPSHIRE,The Orion Group,The Orion Group
NEW HAMPSHIRE,Tobey School,Tobey School
NEW HAMPSHIRE,Webster House,Webster House
NEW HAMPSHIRE,Wediko Children’s Services,Wediko Children’s Services
NEW HAMPSHIRE,Wolfeboro Camp School,Wolfeboro Camp School
NEW JERSEY,Albert Elias Residential Community Home at Johnstone,Albert Elias Residential Community Home at Johnstone
NEW JERSEY,Arthur Brisbane Child Treatment Center,Arthur Brisbane Child Treatment Center
NEW JERSEY,Bergen County Juvenile Detention Center,Bergen County Juvenile Detention Center
NEW JERSEY,Camden County Youth Center,Camden County Youth Center
NEW JERSEY,Camden Residential Community Home,Camden Residential Community Home
NEW JERSEY,Campus Residential Community Home,Campus Residential Community Home
NEW JERSEY,Capital Academy,Capital Academy
NEW JERSEY,Chartwell Manor School,Chartwell Manor School
NEW JERSEY,Devereux – Morristown,Devereux – Morristown
NEW JERSEY,East Mountain Youth Lodge - Carrier Clinic,East Mountain Youth Lodge - Carrier Clinic
NEW JERSEY,Essex Residential Community Home,Essex Residential Community Home
NEW JERSEY,Fresh Start Residential Community Home,Fresh Start Residential Community Home
NEW JERSEY,Green Residential Community Home,Green Residential Community Home
NEW JERSEY,Harborfields Atlantic Youth Center,Harborfields Atlantic Youth Center
NEW JERSEY,Juvenile Medium Security Facility,Juvenile Medium Security Facility
NEW JERSEY,Legacy Treatment Services Children’s Home,Legacy Treatment Services Children’s Home
NEW JERSEY,Legacy Treatment Services Community Residences for Children,Legacy Treatment Services Community Residences for Children
NEW JERSEY,Middlesex County Youth Center,Middlesex County Youth Center
NEW JERSEY,Morris County Juvenile Detention Center,Morris County Juvenile Detention Center
NEW JERSEY,New Jersey Training School,New Jersey Training School
NEW JERSEY,Ocean County Juvenile Detention Center,Ocean County Juvenile Detention Center
NEW JERSEY,"Pinelands Residential Community Home,","Pinelands Residential Community Home,"
NEW JERSEY,Rutgers University Behavioral Health Care CAIS,Rutgers University Behavioral Health Care CAIS
NEW JERSEY,Southern Residential Community Home,Southern Residential Community Home
NEW JERSEY,The Capital Transition,The Capital Transition
NEW JERSEY,The Female Secure Care and Intake Facility,The Female Secure Care and Intake Facility
NEW JERSEY,Vineland Preparatory Academy,Vineland Preparatory Academy
NEW JERSEY,Voorhees Residential Community Home,Voorhees Residential Community Home
NEW JERSEY,Warren Residential Community Home,Warren Residential Community Home
NEW MEXICO,Albuquerque Girls Reintegration Center,Albuquerque Girls Reintegration Center
NEW MEXICO,AMIkids Sandoval,AMIkids Sandoval
NEW MEXICO,Bernalillo Academy,Bernalillo Academy
NEW MEXICO,Eagle Nest Reintegration Center,Eagle Nest Reintegration Center
NEW MEXICO,Albuquerque Boys Reintegration Center,Albuquerque Boys Reintegration Center
NEW MEXICO,Camino Nuevo Youth Center,Camino Nuevo Youth Center
NEW MEXICO,Desert Hills of New Mexico Sub-Acute Unit,Desert Hills of New Mexico Sub-Acute Unit
NEW MEXICO,John Paul Taylor Center,John Paul Taylor Center
NEW MEXICO,Mace-Kingsley Ranch School,Mace-Kingsley Ranch School
NEW MEXICO,New Mexico Behavioral Health Institute CARE Unit,New Mexico Behavioral Health Institute CARE Unit
NEW MEXICO,Rancho Valmora,Rancho Valmora
NEW MEXICO,San Cristobal Ranch Academy,San Cristobal Ranch Academy
NEW MEXICO,San Juan County Juvenile Services,San Juan County Juvenile Services
NEW MEXICO,Sandhill Child Development Center,Sandhill Child Development Center
NEW MEXICO,Sequoyah Adolescent Treatment Center,Sequoyah Adolescent Treatment Center
NEW MEXICO,Tierra Blanca Ranch,Tierra Blanca Ranch
NEW MEXICO,Wilderness Odyssey,Wilderness Odyssey
NEW MEXICO,Youth Diagnostic & Development Center,Youth Diagnostic & Development Center
NEW YORK,Abbott House Mt. Kisco Group Home,Abbott House Mt. Kisco Group Home
NEW YORK,Abbott House Pleasantville Community Residence,Abbott House Pleasantville Community Residence
NEW YORK,Abbott House Old Mamaroneck Rd Group Home,Abbott House Old Mamaroneck Rd Group Home
NEW YORK,Academy at Ivy Ridge,Academy at Ivy Ridge
NEW YORK,Academy of New Horizons,Academy of New Horizons
NEW YORK,Adirondack Leadership Expeditions,Adirondack Leadership Expeditions
NEW YORK,Allynwood Academy,Allynwood Academy
NEW YORK,August Aichhorn Center for Adolescent Care,August Aichhorn Center for Adolescent Care
NEW YORK,Aurora Concept Inc,Aurora Concept Inc
NEW YORK,Aurora House Children and Youth Community Residence,Aurora House Children and Youth Community Residence
NEW YORK,Bonding Links-Enlazos Familiares Community Residence,Bonding Links-Enlazos Familiares Community Residence
NEW YORK,Brentwood Residential Center for Girls,Brentwood Residential Center for Girls
NEW YORK,Brooklyn Teen Challenge,Brooklyn Teen Challenge
NEW YORK,Brookwood Secure Center for Youth,Brookwood Secure Center for Youth
NEW YORK,Brownsville CCR,Brownsville CCR
NEW YORK,Bruner Avenue Community Residence,Bruner Avenue Community Residence
NEW YORK,Camp Huntington,Camp Huntington
NEW YORK,Casa de la Salle,Casa de la Salle
NEW YORK,Catholic Charities - Boys of Courage Children & Youth CR,Catholic Charities - Boys of Courage Children & Youth CR
NEW YORK,Cattaraugus Rehabilitation Center,Cattaraugus Rehabilitation Center
NEW YORK,Charlton School,Charlton School
NEW YORK,Child and Family Services Conners Children's Center RTF,Child and Family Services Conners Children's Center RTF
NEW YORK,Child and Family Services Lee Randall Jones Community Residence,Child and Family Services Lee Randall Jones Community Residence
NEW YORK,Child and Family Services Morey House Group Home,Child and Family Services Morey House Group Home
NEW YORK,Children’s Home of Poughkeepsie Empower Program,Children’s Home of Poughkeepsie Empower Program
NEW YORK,Children’s Village Residential,Children’s Village Residential
NEW YORK,Citizen Advocates Adirondack Youth Lodge,Citizen Advocates Adirondack Youth Lodge
NEW YORK,Crossroads Juvenile Center,Crossroads Juvenile Center
NEW YORK,FCA Lakeview House,FCA Lakeview House
NEW YORK,Finger Lakes Residential Center,Finger Lakes Residential Center
NEW YORK,Freedom Village USA,Freedom Village USA
NEW YORK,Glove House Community Residence,Glove House Community Residence
NEW YORK,Goshen Secure Center,Goshen Secure Center
NEW YORK,Green Chimneys,Green Chimneys
NEW YORK,Hamptonburgh Community Residence for Adolescents,Hamptonburgh Community Residence for Adolescents
NEW YORK,Harriet Tubman Residential Center,Harriet Tubman Residential Center
NEW YORK,Hawthorne Cedar Knolls RTC,Hawthorne Cedar Knolls RTC
NEW YORK,Henry Ittleson Community Residence,Henry Ittleson Community Residence
NEW YORK,Highland Residential Center,Highland Residential Center
NEW YORK,Highland Road Community Residence,Highland Road Community Residence
NEW YORK,Hillside Children’s Center,Hillside Children’s Center
NEW YORK,Hillside Finger Lakes RTF,Hillside Finger Lakes RTF
NEW YORK,Hillside Monroe/Emerson RTF,Hillside Monroe/Emerson RTF
NEW YORK,Hillside Scottsville RTF,Hillside Scottsville RTF
NEW YORK,Horizon Juvenile Center,Horizon Juvenile Center
NEW YORK,House of Good Shepherd RTF,House of Good Shepherd RTF
NEW YORK,Industry Residential Center,Industry Residential Center
NEW YORK,JCCA Pleasantville Cottage School,JCCA Pleasantville Cottage School
NEW YORK,Kaydeross House,Kaydeross House
NEW YORK,Linden House Community Residence,Linden House Community Residence
NEW YORK,Little Flower RTC,Little Flower RTC
NEW YORK,Louis Gossett Jr. Residential Center,Louis Gossett Jr. Residential Center
NEW YORK,MacCormick Secure Center,MacCormick Secure Center
NEW YORK,Merrick House,Merrick House
NEW YORK,Mills Lane Community Residence,Mills Lane Community Residence
NEW YORK,Mountain Lake Academy,Mountain Lake Academy
NEW YORK,Never Alone Treatment,Never Alone Treatment
NEW YORK,New Directions Youth and Family Services Randolph QRTP,New Directions Youth and Family Services Randolph QRTP
NEW YORK,New Directions Youth and Family Services Wyndham Lawn QRTP,New Directions Youth and Family Services Wyndham Lawn QRTP
NEW YORK,Northern Rivers Academy Place,Northern Rivers Academy Place
NEW YORK,Northern Rivers Miriam House,Northern Rivers Miriam House
NEW YORK,Northern Rivers Schenectady Residence,Northern Rivers Schenectady Residence
NEW YORK,Oswald D. Heck Developmental Center,Oswald D. Heck Developmental Center
NEW YORK,Outreach House II,Outreach House II
NEW YORK,OLV,OLV
NEW YORK,Parsons RTF,Parsons RTF
NEW YORK,"Pathways, Inc. Lake Breeze CR","Pathways, Inc. Lake Breeze CR"
NEW YORK,Phoenix House,Phoenix House
NEW YORK,Phoenix House Springfield Gardens Community Residence,Phoenix House Springfield Gardens Community Residence
NEW YORK,Rehabilitation Support Services Elmwood Residence,Rehabilitation Support Services Elmwood Residence
NEW YORK,Rising Ground RTC,Rising Ground RTC
NEW YORK,Rochester Psychiatric Center Smith Road CR,Rochester Psychiatric Center Smith Road CR
NEW YORK,Sagamore Children’s Psychiatric Center,Sagamore Children’s Psychiatric Center
NEW YORK,Samaritan Daytop Village,Samaritan Daytop Village
NEW YORK,SCO Deer Park Community Residence,SCO Deer Park Community Residence
NEW YORK,SCO Madonna Heights RTF,SCO Madonna Heights RTF
NEW YORK,SCO Otillie RTF,SCO Otillie RTF
NEW YORK,SCO Our Place Community Residence,SCO Our Place Community Residence
NEW YORK,"SLS Residential, Inc.","SLS Residential, Inc."
NEW YORK,Snell Farm Children’s Center,Snell Farm Children’s Center
NEW YORK,St. Christopher’s Dobbs Ferry Campus,St. Christopher’s Dobbs Ferry Campus
NEW YORK,St. Christopher’s Jennie Clarkson Campus,St. Christopher’s Jennie Clarkson Campus
NEW YORK,Staten Island Children’s Community Residence,Staten Island Children’s Community Residence
NEW YORK,Stillwater Children’s Center,Stillwater Children’s Center
NEW YORK,Stony Lodge Hospital,Stony Lodge Hospital
NEW YORK,Sua Sponte,Sua Sponte
NEW YORK,Summit Avenue Community Residence,Summit Avenue Community Residence
NEW YORK,Summit School at Nyack,Summit School at Nyack
NEW YORK,Taberg Residential Center for Girls,Taberg Residential Center for Girls
NEW YORK,The Center for Discovery,The Center for Discovery
NEW YORK,The Child Center Brooklyn RTF,The Child Center Brooklyn RTF
NEW YORK,The Children’s Community Residence,The Children’s Community Residence
NEW YORK,The Devereux Red Hook School,The Devereux Red Hook School
NEW YORK,The House of the Good Shepherd RTF,The House of the Good Shepherd RTF
NEW YORK,The Gow School,The Gow School
NEW YORK,Timothy Hill Ranch,Timothy Hill Ranch
NEW YORK,Tryon Residential Center,Tryon Residential Center
NEW YORK,Villa of Hope,Villa of Hope
NEW YORK,Villa of Hope Tuckahoe Road CR,Villa of Hope Tuckahoe Road CR
NEW YORK,Washington Street Community Residence,Washington Street Community Residence
NEW YORK,Wellspring New York,Wellspring New York
NEW YORK,WellLife Network Dix Hills Community Residence,WellLife Network Dix Hills Community Residence
NEW YORK,WellLife Network Manorville CR,WellLife Network Manorville CR
NEW YORK,Westchester Ave. Community Residence,Westchester Ave. Community Residence
NEW YORK,Willowbrook State School,Willowbrook State School
NEW YORK,Zafron Home for Parenting Teens,Zafron Home for Parenting Teens
NORTH CAROLINA,"A Better Path, Inc","A Better Path, Inc"
NORTH CAROLINA,A Better Way Residential Services,A Better Way Residential Services
NORTH CAROLINA,A Caring Heart,A Caring Heart
NORTH CAROLINA,A Mother’s Love,A Mother’s Love
NORTH CAROLINA,A Place of their Own LLC,A Place of their Own LLC
NORTH CAROLINA,A Positive Solution,A Positive Solution
NORTH CAROLINA,"A Special Touch, Inc.","A Special Touch, Inc."
NORTH CAROLINA,"A Sure House, Inc.","A Sure House, Inc."
NORTH CAROLINA,About Face Boot Camp,About Face Boot Camp
NORTH CAROLINA,ACE Program,ACE Program
NORTH CAROLINA,Adolescent Alternatives,Adolescent Alternatives
NORTH CAROLINA,Adrienne’s House,Adrienne’s House
NORTH CAROLINA,"Alamance Academy, LLC","Alamance Academy, LLC"
NORTH CAROLINA,Alexander Youth Network – Dickson Unit,Alexander Youth Network – Dickson Unit
NORTH CAROLINA,Alexander Youth Network – Elm Unit,Alexander Youth Network – Elm Unit
NORTH CAROLINA,Alexander Youth Network – Nisbet Unit,Alexander Youth Network – Nisbet Unit
NORTH CAROLINA,Alexander Youth Network – Oak Unit PTRF,Alexander Youth Network – Oak Unit PTRF
NORTH CAROLINA,All God’s Children of Burlington,All God’s Children of Burlington
NORTH CAROLINA,Alphin Cottage,Alphin Cottage
NORTH CAROLINA,Alston Home,Alston Home
NORTH CAROLINA,Amani Residential,Amani Residential
NORTH CAROLINA,Anderson Health Services - Ashford,Anderson Health Services - Ashford
NORTH CAROLINA,Anderson Health Services - Walfus,Anderson Health Services - Walfus
NORTH CAROLINA,Asheville Academy for Girls,Asheville Academy for Girls
NORTH CAROLINA,Ann’s House,Ann’s House
NORTH CAROLINA,ASAP,ASAP
NORTH CAROLINA,Ashley View Home,Ashley View Home
NORTH CAROLINA,Azalea Way,Azalea Way
NORTH CAROLINA,Barium Springs - Nelson Home,Barium Springs - Nelson Home
NORTH CAROLINA,Barium Springs Home for Children - King Home,Barium Springs Home for Children - King Home
NORTH CAROLINA,Barium Springs Home for Children - Kulynych Cottage,Barium Springs Home for Children - Kulynych Cottage
NORTH CAROLINA,Bellwick Place,Bellwick Place
NORTH CAROLINA,Bisbee Place,Bisbee Place
NORTH CAROLINA,Black Mountain Academy,Black Mountain Academy
NORTH CAROLINA,Black Mountain Home for Children Residential Care,Black Mountain Home for Children Residential Care
NORTH CAROLINA,Blessed New Beginnings,Blessed New Beginnings
NORTH CAROLINA,"Blossom Community Services, Inc.","Blossom Community Services, Inc."
NORTH CAROLINA,Blue Horizons,Blue Horizons
NORTH CAROLINA,Blue Sapphire House,Blue Sapphire House
NORTH CAROLINA,Bobcat Group Home,Bobcat Group Home
NORTH CAROLINA,Bonnie Lane Group Home,Bonnie Lane Group Home
NORTH CAROLINA,Bonnie’s Home for Youth,Bonnie’s Home for Youth
NORTH CAROLINA,Bost Children’s Center,Bost Children’s Center
NORTH CAROLINA,Brannock Home,Brannock Home
NORTH CAROLINA,Brighter Dayz LLC,Brighter Dayz LLC
NORTH CAROLINA,Brite Horizon,Brite Horizon
NORTH CAROLINA,Brynn Marr Hospital,Brynn Marr Hospital
NORTH CAROLINA,Burkwell,Burkwell
NORTH CAROLINA,Cameron Boys Camp,Cameron Boys Camp
NORTH CAROLINA,Camp Duncan,Camp Duncan
NORTH CAROLINA,Camp E-Ma-Henwu,Camp E-Ma-Henwu
NORTH CAROLINA,Camp E-Mun-Talee,Camp E-Mun-Talee
NORTH CAROLINA,Camp E-Tik-Etu,Camp E-Tik-Etu
NORTH CAROLINA,Camp E-Toh-Kalu,Camp E-Toh-Kalu
NORTH CAROLINA,Canyon Hills Treatment Facility,Canyon Hills Treatment Facility
NORTH CAROLINA,Carolina Dunes PTRF,Carolina Dunes PTRF
NORTH CAROLINA,Cape Fear Teen Challenge,Cape Fear Teen Challenge
NORTH CAROLINA,Carolina Dunes Behavioral Health,Carolina Dunes Behavioral Health
NORTH CAROLINA,Catabwa River Group Home,Catabwa River Group Home
NORTH CAROLINA,Chances Group Home,Chances Group Home
NORTH CAROLINA,Chaparral Youth Services LLC,Chaparral Youth Services LLC
NORTH CAROLINA,Charlotte Counseling and Consulting RTC,Charlotte Counseling and Consulting RTC
NORTH CAROLINA,Cherrywood Court,Cherrywood Court
NORTH CAROLINA,Children Under Construction Treatment Center,Children Under Construction Treatment Center
NORTH CAROLINA,Christ Church Cottage Thompson Child & Family Center,Christ Church Cottage Thompson Child & Family Center
NORTH CAROLINA,Christopher Road,Christopher Road
NORTH CAROLINA,Church Street,Church Street
NORTH CAROLINA,Clear Sky Group Home,Clear Sky Group Home
NORTH CAROLINA,Cognitive Contacts,Cognitive Contacts
NORTH CAROLINA,Cole Home,Cole Home
NORTH CAROLINA,Community Outreach Youth Services,Community Outreach Youth Services
NORTH CAROLINA,Community Treatment Alternatives I,Community Treatment Alternatives I
NORTH CAROLINA,Community Treatment Alternatives II,Community Treatment Alternatives II
NORTH CAROLINA,Cornerstone Treatment Facility,Cornerstone Treatment Facility
NORTH CAROLINA,"Cosby Counseling & Consulting, PLLC","Cosby Counseling & Consulting, PLLC"
NORTH CAROLINA,"Creative Helping Hands, LLC","Creative Helping Hands, LLC"
NORTH CAROLINA,Cultivating Minds,Cultivating Minds
NORTH CAROLINA,Cummings Cottage,Cummings Cottage
NORTH CAROLINA,Cynthia’s Place,Cynthia’s Place
NORTH CAROLINA,"Dalton’s Dugout - Lifespan, Inc.","Dalton’s Dugout - Lifespan, Inc."
NORTH CAROLINA,Davis Avenue Group Home,Davis Avenue Group Home
NORTH CAROLINA,Directcare Group Home,Directcare Group Home
NORTH CAROLINA,Directcare Group Home #2,Directcare Group Home #2
NORTH CAROLINA,Divine Guidance Integrative Services,Divine Guidance Integrative Services
NORTH CAROLINA,Dorothy’s Place,Dorothy’s Place
NORTH CAROLINA,Echelon 1,Echelon 1
NORTH CAROLINA,Echelon 3,Echelon 3
NORTH CAROLINA,Echelon 4,Echelon 4
NORTH CAROLINA,Echelon 5,Echelon 5
NORTH CAROLINA,Eckerd Connects Boys Residential Academy at Boomer,Eckerd Connects Boys Residential Academy at Boomer
NORTH CAROLINA,Eckerd Connects Boys Residential Academy at Candor,Eckerd Connects Boys Residential Academy at Candor
NORTH CAROLINA,Eckerd Connects Boys Residential Academy at Yanceyville,Eckerd Connects Boys Residential Academy at Yanceyville
NORTH CAROLINA,Eckerd Connects Girls Residential Academy at Kerr Lake,Eckerd Connects Girls Residential Academy at Kerr Lake
NORTH CAROLINA,"Elevated Family Services, LLC","Elevated Family Services, LLC"
NORTH CAROLINA,Eliada Treatment Center,Eliada Treatment Center
NORTH CAROLINA,Envisions of Life Gatwick House,Envisions of Life Gatwick House
NORTH CAROLINA,Equinox RTC,Equinox RTC
NORTH CAROLINA,Extra Special Care,Extra Special Care
NORTH CAROLINA,Fairstone Home,Fairstone Home
NORTH CAROLINA,Faith House,Faith House
NORTH CAROLINA,Falcon Crest Residential Care 2,Falcon Crest Residential Care 2
NORTH CAROLINA,Falcon Crest Residential Care 3,Falcon Crest Residential Care 3
NORTH CAROLINA,Family Advantage LLC,Family Advantage LLC
NORTH CAROLINA,Farmer Christian Academy,Farmer Christian Academy
NORTH CAROLINA,Fisher House,Fisher House
NORTH CAROLINA,Foothills at Red Oak Recovery,Foothills at Red Oak Recovery
NORTH CAROLINA,Fort Henry,Fort Henry
NORTH CAROLINA,"Foundation Strong, LLC","Foundation Strong, LLC"
NORTH CAROLINA,Fresh New Start,Fresh New Start
NORTH CAROLINA,Fresh Start - Boundary House,Fresh Start - Boundary House
NORTH CAROLINA,Fresh Start for Children,Fresh Start for Children
NORTH CAROLINA,Glen Willow Academy,Glen Willow Academy
NORTH CAROLINA,Glenside Home,Glenside Home
NORTH CAROLINA,Grace House,Grace House
NORTH CAROLINA,Grandfather Home for Children - Campbell,Grandfather Home for Children - Campbell
NORTH DAKOTA,Harmony House,Harmony House
NORTH CAROLINA,Harmony Teen Challenge,Harmony Teen Challenge
NORTH CAROLINA,Harris Home,Harris Home
NORTH CAROLINA,Healthy Choices,Healthy Choices
NORTH CAROLINA,Heartfelt Homes of the Carolinas,Heartfelt Homes of the Carolinas
NORTH CAROLINA,Helms House,Helms House
NORTH CAROLINA,Helmsdale Group Home,Helmsdale Group Home
NORTH CAROLINA,Helping Hands #1,Helping Hands #1
NORTH CAROLINA,Highland Mist Home,Highland Mist Home
NORTH CAROLINA,Hope Gardens Treatment Center,Hope Gardens Treatment Center
NORTH CAROLINA,Hope Street Group Home,Hope Street Group Home
NORTH CAROLINA,Horizons Kids,Horizons Kids
NORTH CAROLINA,Hummingbird Home,Hummingbird Home
NORTH CAROLINA,Idlewild Home,Idlewild Home
NORTH CAROLINA,Independent Living at Ransom Rd,Independent Living at Ransom Rd
NORTH CAROLINA,Inspirationz,Inspirationz
NORTH CAROLINA,Inspirationz Level II,Inspirationz Level II
NORTH CAROLINA,"Inspirationz, LLC Cuatro","Inspirationz, LLC Cuatro"
NORTH CAROLINA,"Intervention Concepts, Inc.","Intervention Concepts, Inc."
NORTH CAROLINA,Inward Bound,Inward Bound
NORTH CAROLINA,J. Iverson Riddle Developmental Center,J. Iverson Riddle Developmental Center
NORTH CAROLINA,Jackson Springs Treatment Center,Jackson Springs Treatment Center
NORTH CAROLINA,Johnson Center I,Johnson Center I
NORTH CAROLINA,Johnson Center II,Johnson Center II
NORTH CAROLINA,Johnson Enrichment Services,Johnson Enrichment Services
NORTH CAROLINA,Johnson’s House of Hope Family Care Home,Johnson’s House of Hope Family Care Home
NORTH CAROLINA,Judy Hilliard Home,Judy Hilliard Home
NORTH CAROLINA,Just In Time Youth Services,Just In Time Youth Services
NORTH CAROLINA,Just In Time Youth Services II,Just In Time Youth Services II
NORTH CAROLINA,Kaleo Autumn Winds,Kaleo Autumn Winds
NORTH CAROLINA,Kandakai Home,Kandakai Home
NORTH CAROLINA,Karita Freeman Home,Karita Freeman Home
NORTH CAROLINA,Kaye Webb Home,Kaye Webb Home
NORTH CAROLINA,Kelden Walker Home,Kelden Walker Home
NORTH CAROLINA,Kenan Cottage Thompson Child & Family Focus,Kenan Cottage Thompson Child & Family Focus
NORTH CAROLINA,Keswick Manor - Keep Hope Alive Human Services,Keswick Manor - Keep Hope Alive Human Services
NORTH CAROLINA,Keys of Carolina,Keys of Carolina
NORTH CAROLINA,King Family Ministries,King Family Ministries
NORTH CAROLINA,King George Group Home,King George Group Home
NORTH CAROLINA,Lake House Academy,Lake House Academy
NORTH CAROLINA,Laurelwood Group Home,Laurelwood Group Home
NORTH CAROLINA,Life Cycles Residential Facility,Life Cycles Residential Facility
NORTH CAROLINA,Life Cycles Residential Facility Level III,Life Cycles Residential Facility Level III
NORTH CAROLINA,Lions Cottage,Lions Cottage
NORTH CAROLINA,Lochwood II,Lochwood II
NORTH CAROLINA,Lockwood Place,Lockwood Place
NORTH CAROLINA,Loretta’s Place,Loretta’s Place
NORTH CAROLINA,Loving Hearts Home,Loving Hearts Home
NORTH CAROLINA,Luca’s Hope III,Luca’s Hope III
NORTH CAROLINA,Lucille House,Lucille House
NORTH CAROLINA,"Lydia’s Home, LLC Phase I","Lydia’s Home, LLC Phase I"
NORTH CAROLINA,"Lydia’s Home, LLC Phase 2","Lydia’s Home, LLC Phase 2"
NORTH CAROLINA,Lynn Road,Lynn Road
NORTH CAROLINA,Magnolia Mill School,Magnolia Mill School
NORTH CAROLINA,Magnolia Group Home,Magnolia Group Home
NORTH CAROLINA,"Majestic Solutions, LLC","Majestic Solutions, LLC"
NORTH CAROLINA,Manning Home,Manning Home
NORTH CAROLINA,Maplewood Facility,Maplewood Facility
NORTH CAROLINA,Marie G. Smith Group Home,Marie G. Smith Group Home
NORTH CAROLINA,Melmark Carolinas RTF,Melmark Carolinas RTF
NORTH CAROLINA,Merancas Cottage,Merancas Cottage
NORTH CAROLINA,Miracle Haven of Wagram,Miracle Haven of Wagram
NORTH CAROLINA,Miracle House 1,Miracle House 1
NORTH CAROLINA,Miracle Houses - Monteith,Miracle Houses - Monteith
NORTH CAROLINA,Miracle Houses - Swearingan,Miracle Houses - Swearingan
NORTH CAROLINA,Miracle Houses - Twin Avenue,Miracle Houses - Twin Avenue
NORTH CAROLINA,Miracle Houses Valley Brook I,Miracle Houses Valley Brook I
NORTH CAROLINA,Miracle Houses Valley Brook II,Miracle Houses Valley Brook II
NORTH CAROLINA,Miracle Houses Winchester I,Miracle Houses Winchester I
NORTH CAROLINA,Miracle Houses Winchester II,Miracle Houses Winchester II
NORTH CAROLINA,Miss Daisy’s Gentlemen of the Future,Miss Daisy’s Gentlemen of the Future
NORTH CAROLINA,Montford House,Montford House
NORTH CAROLINA,Mr. Bill’s Place,Mr. Bill’s Place
NORTH CAROLINA,My Brother’s House,My Brother’s House
NORTH CAROLINA,N U Generation,N U Generation
NORTH CAROLINA,New Beginnings Health Care,New Beginnings Health Care
NORTH CAROLINA,New Bridge,New Bridge
NORTH CAROLINA,New Foundation,New Foundation
NORTH CAROLINA,New Grace,New Grace
NORTH CAROLINA,New Hope Home III,New Hope Home III
NORTH CAROLINA,New Hope Home IV,New Hope Home IV
NORTH CAROLINA,New Leaf Academy of North Carolina,New Leaf Academy of North Carolina
NORTH CAROLINA,New Place,New Place
NORTH CAROLINA,"New Possibilities Home for Children, LLC","New Possibilities Home for Children, LLC"
NORTH CAROLINA,New Vision Home,New Vision Home
NORTH CAROLINA,Newport Academy – Charlotte,Newport Academy – Charlotte
NORTH CAROLINA,North Carolina Boys Academy,North Carolina Boys Academy
NORTH CAROLINA,North McDowell Group Home,North McDowell Group Home
NORTH CAROLINA,Nowlin Home,Nowlin Home
NORTH CAROLINA,Oak House,Oak House
NORTH CAROLINA,Oakmont Home,Oakmont Home
NORTH CAROLINA,Oakwood Facility,Oakwood Facility
NORTH CAROLINA,Old Greenlee Group Home,Old Greenlee Group Home
NORTH CAROLINA,Old Linville Group Home,Old Linville Group Home
NORTH CAROLINA,Our Home - Aunt Zola’s,Our Home - Aunt Zola’s
NORTH CAROLINA,Paradigm for Kids,Paradigm for Kids
NORTH CAROLINA,Paradigm BC II for Kids,Paradigm BC II for Kids
NORTH CAROLINA,Peace Cottage,Peace Cottage
NORTH CAROLINA,Peace in the CIty,Peace in the CIty
NORTH CAROLINA,Peace in the City House of Hope,Peace in the City House of Hope
NORTH CAROLINA,Peace in the City House of Love,Peace in the City House of Love
NORTH CAROLINA,"Pearl’s Angel Care, Inc.","Pearl’s Angel Care, Inc."
NORTH CAROLINA,Phoenix Outdoor,Phoenix Outdoor
NORTH CAROLINA,Pine Forest II,Pine Forest II
NORTH CAROLINA,Pinewood Facility,Pinewood Facility
NORTH CAROLINA,PORT Health Services - Greenville Residential,PORT Health Services - Greenville Residential
NORTH CAROLINA,PORT Health Services - Aberdeen,PORT Health Services - Aberdeen
NORTH CAROLINA,"Precious Haven, Inc.","Precious Haven, Inc."
NORTH CAROLINA,Precious Haven #2,Precious Haven #2
NORTH CAROLINA,Precious Haven #3 Comet,Precious Haven #3 Comet
NORTH CAROLINA,"Quality Care III, LLC","Quality Care III, LLC"
NORTH CAROLINA,Quality-Care Behavioral Health Services,Quality-Care Behavioral Health Services
NORTH CAROLINA,Quest #1332,Quest #1332
NORTH CAROLINA,Realistic Change by Choice Valleybrook,Realistic Change by Choice Valleybrook
NORTH CAROLINA,Renewing Grace Residential Home,Renewing Grace Residential Home
NORTH CAROLINA,Residential Adolescent Community Services,Residential Adolescent Community Services
NORTH CAROLINA,Reuter Cottage,Reuter Cottage
NORTH CAROLINA,"Revive Housing, LLC","Revive Housing, LLC"
NORTH CAROLINA,Reynolds Cottage,Reynolds Cottage
NORTH CAROLINA,Rising Phoenix Inc.,Rising Phoenix Inc.
NORTH CAROLINA,Riverbend Residential Services #1,Riverbend Residential Services #1
NORTH CAROLINA,Riverbend Residential Services #2,Riverbend Residential Services #2
NORTH CAROLINA,Romas Home,Romas Home
NORTH CAROLINA,"Ropes, Inc","Ropes, Inc"
NORTH CAROLINA,Rorie’s Safe Haven,Rorie’s Safe Haven
NORTH CAROLINA,Royal Child,Royal Child
NORTH CAROLINA,S & S Residential Services,S & S Residential Services
NORTH CAROLINA,Sandra’s House,Sandra’s House
NORTH CAROLINA,Savin Grace II,Savin Grace II
NORTH CAROLINA,Sequel TSI of North Carolina,Sequel TSI of North Carolina
NORTH CAROLINA,Serenity House,Serenity House
NORTH CAROLINA,Shadowridge Retreat,Shadowridge Retreat
NORTH CAROLINA,Sherrod Alternative,Sherrod Alternative
NORTH CAROLINA,Shining Light School for Boys,Shining Light School for Boys
NORTH CAROLINA,Sierra’s Residential Inc,Sierra’s Residential Inc
NORTH CAROLINA,Sierra’s Residential Services Group Home II,Sierra’s Residential Services Group Home II
NORTH CAROLINA,Sierra’s Residential Services Group Home III,Sierra’s Residential Services Group Home III
NORTH CAROLINA,Smith Cottage,Smith Cottage
NORTH CAROLINA,Smythe Home,Smythe Home
NORTH CAROLINA,SOAR,SOAR
NORTH CAROLINA,Solomon Palace,Solomon Palace
NORTH CAROLINA,Spruce Cottage,Spruce Cottage
NORTH CAROLINA,Stickney House,Stickney House
NORTH CAROLINA,Stockton Home,Stockton Home
NORTH CAROLINA,Stone Mountain School,Stone Mountain School
NORTH CAROLINA,Strategic Behavioral Center - Charlotte,Strategic Behavioral Center - Charlotte
NORTH CAROLINA,Strategic Behavioral Center - Garner,Strategic Behavioral Center - Garner
NORTH CAROLINA,"Successful Transitions, LLC Residential Home Level III","Successful Transitions, LLC Residential Home Level III"
NORTH CAROLINA,"Successful Visions, LLC","Successful Visions, LLC"
NORTH CAROLINA,Summerhill,Summerhill
NORTH CAROLINA,Sunlight Behavior Center,Sunlight Behavior Center
NORTH CAROLINA,SUWS of the Carolinas,SUWS of the Carolinas
NORTH CAROLINA,Talisman Camps,Talisman Camps
NORTH CAROLINA,Tapestry Adolescent Residential Program,Tapestry Adolescent Residential Program
NORTH CAROLINA,Taylor Made Home,Taylor Made Home
NORTH CAROLINA,Terry’s Safe Haven,Terry’s Safe Haven
NORTH CAROLINA,TGH Phase 2 Residential Services,TGH Phase 2 Residential Services
NORTH CAROLINA,TGH Residential Services,TGH Residential Services
NORTH CAROLINA,The Bruson Group / New Beginnings Health Care,The Bruson Group / New Beginnings Health Care
NORTH CAROLINA,The Dove House,The Dove House
NORTH CAROLINA,The Goodale School and Recovery Community,The Goodale School and Recovery Community
NORTH CAROLINA,The Lighthouse,The Lighthouse
NORTH CAROLINA,The Lighthouse II of Clayton,The Lighthouse II of Clayton
NORTH CAROLINA,The Norland House,The Norland House
NORTH CAROLINA,The Palace of Restoration,The Palace of Restoration
NORTH CAROLINA,The Threatt’s Home,The Threatt’s Home
NORTH CAROLINA,THS #1,THS #1
NORTH CAROLINA,Three Points Center,Three Points Center
NORTH CAROLINA,Timber Ridge Treatment Center,Timber Ridge Treatment Center
NORTH CAROLINA,TLC W,TLC W
NORTH CAROLINA,TMR Residential,TMR Residential
NORTH CAROLINA,Tournament Street,Tournament Street
NORTH CAROLINA,Trails Carolina,Trails Carolina
NORTH CAROLINA,Trinity House,Trinity House
NORTH CAROLINA,Truly Blessed Residential LLC,Truly Blessed Residential LLC
NORTH CAROLINA,Turn Around,Turn Around
NORTH CAROLINA,United Family Network at Willow Springs,United Family Network at Willow Springs
NORTH CAROLINA,United Family Network at Fuquay-Varina,United Family Network at Fuquay-Varina
NORTH CAROLINA,United Family Network at Ridge Road,United Family Network at Ridge Road
NORTH CAROLINA,Unity Healing Center,Unity Healing Center
NORTH CAROLINA,"Veritas Collaborative, LLC","Veritas Collaborative, LLC"
NORTH CAROLINA,Violet Hameed-Nelson Home,Violet Hameed-Nelson Home
NORTH CAROLINA,"Virtue, Inc. Meantime Home IV","Virtue, Inc. Meantime Home IV"
NORTH CAROLINA,Voca-Oakhaven Drive Group Home,Voca-Oakhaven Drive Group Home
NORTH CAROLINA,Water Mill Home,Water Mill Home
NORTH CAROLINA,Webster Group Home,Webster Group Home
NORTH CAROLINA,WeCare Residential Facility,WeCare Residential Facility
NORTH CAROLINA,WeCare Residential Facility #2,WeCare Residential Facility #2
NORTH CAROLINA,Wellspring Adventure Camp North Carolina,Wellspring Adventure Camp North Carolina
NORTH CAROLINA,Wellspring Academy of the Carolinas,Wellspring Academy of the Carolinas
NORTH CAROLINA,Whalen House,Whalen House
NORTH CAROLINA,Will Woods Home,Will Woods Home
NORTH CAROLINA,Williamson Cottage - Thompson Child and Family Focus,Williamson Cottage - Thompson Child and Family Focus
NORTH CAROLINA,Willow Manor,Willow Manor
NORTH CAROLINA,Wilson’s Constant Care,Wilson’s Constant Care
NORTH CAROLINA,Wolf Creek Academy,Wolf Creek Academy
NORTH CAROLINA,Young Expressions,Young Expressions
NORTH CAROLINA,"Youth Builders, LLC","Youth Builders, LLC"
NORTH CAROLINA,Youth Unlimited Hayworth Home,Youth Unlimited Hayworth Home
NORTH CAROLINA,Youth Unlimited Slane Home,Youth Unlimited Slane Home
NORTH DAKOTA,Nexus-PATH Luther Hall,Nexus-PATH Luther Hall
NORTH DAKOTA,North Dakota Youth Correctional Center,North Dakota Youth Correctional Center
NORTH DAKOTA,Prairie Learning Center,Prairie Learning Center
NORTH DAKOTA,Pride Manchester Hope Home,Pride Manchester Hope Home
NORTH DAKOTA,Pride Manchester House,Pride Manchester House
NORTH DAKOTA,Ruth Meiers Adolescent Center,Ruth Meiers Adolescent Center
NORTH DAKOTA,Serenity Christian Homes,Serenity Christian Homes
OHIO,Applewood Centers Residential Treatment Program,Applewood Centers Residential Treatment Program
OHIO,Bellefaire JCB ITU,Bellefaire JCB ITU
OHIO,Bellefaire JCB Transitional Living Program,Bellefaire JCB Transitional Living Program
OHIO,Bellefaire JCB - Monarch Boarding Academy,Bellefaire JCB - Monarch Boarding Academy
OHIO,Belmont Pines RTC Program,Belmont Pines RTC Program
OHIO,Buckeye Youth Center,Buckeye Youth Center
OHIO,Central Ohio Boys Residential Academy,Central Ohio Boys Residential Academy
OHIO,Christian Children’s Home of Ohio,Christian Children’s Home of Ohio
OHIO,Circleville JCF,Circleville JCF
OHIO,Compassion Care Group,Compassion Care Group
OHIO,"Cornell Abraxas Group, Inc.","Cornell Abraxas Group, Inc."
OHIO,Cuyahoga Hills JCF,Cuyahoga Hills JCF
OHIO,Eagle’s Nest Ranch & Academy,Eagle’s Nest Ranch & Academy
OHIO,F.I.R.S.T. School,F.I.R.S.T. School
OHIO,Foundations for Living,Foundations for Living
OHIO,Fox Run Center for Children and Adolescents,Fox Run Center for Children and Adolescents
OHIO,Freedom Youth Program,Freedom Youth Program
OHIO,Gateway to Success,Gateway to Success
OHIO,Grand River Academy,Grand River Academy
OHIO,Hannah Neil Center for Children,Hannah Neil Center for Children
OHIO,Harbor House Maternity Home,Harbor House Maternity Home
OHIO,Hillcrest Academy,Hillcrest Academy
OHIO,Indian River JCF,Indian River JCF
OHIO,Jaystarr Homes 2inc.,Jaystarr Homes 2inc.
OHIO,Kidscope,Kidscope
OHIO,LHS Maumee Youth Center,LHS Maumee Youth Center
OHIO,Life's Right Direction,Life's Right Direction
OHIO,Lincoln Behavioral Health Care Residential Facility,Lincoln Behavioral Health Care Residential Facility
OHIO,Lutheran Metropolitan Ministry,Lutheran Metropolitan Ministry
OHIO,Marion JCF,Marion JCF
OHIO,Michael’s Resource & Treatment Center,Michael’s Resource & Treatment Center
OHIO,Mohican Young Star Academy,Mohican Young Star Academy
OHIO,Mohican Youth Camp,Mohican Youth Camp
OHIO,Necco Center,Necco Center
OHIO,New Beginnings RTC,New Beginnings RTC
OHIO,Northcutt RTC,Northcutt RTC
OHIO,Oesterlen Residential Intensive Treatment,Oesterlen Residential Intensive Treatment
OHIO,Ohio GuideStone,Ohio GuideStone
OHIO,Ohio River Valley JCF,Ohio River Valley JCF
OHIO,Ohio Wilderness Boys Camp,Ohio Wilderness Boys Camp
OHIO,One Way Farm,One Way Farm
OHIO,Parmadale RTC,Parmadale RTC
OHIO,Raven House,Raven House
OHIO,Riverview JCF,Riverview JCF
OHIO,Rosemont Center,Rosemont Center
OHIO,Scioto JCF,Scioto JCF
OHIO,Sequel Pomegranate Health Systems,Sequel Pomegranate Health Systems
OHIO,The Buckeye Ranch PRTF,The Buckeye Ranch PRTF
OHIO,The Buckeye Ranch QTRP,The Buckeye Ranch QTRP
OHIO,Training Institute of Central Ohio,Training Institute of Central Ohio
OHIO,Willow Valley Boarding Academy and Camp,Willow Valley Boarding Academy and Camp
OHIO,Wilson Children’s Home,Wilson Children’s Home
OHIO,Young Men and Women for Change/Change Academy,Young Men and Women for Change/Change Academy
OKLAHOMA,Brush Creek Academy,Brush Creek Academy
OKLAHOMA,Calvary Boys Ranch,Calvary Boys Ranch
TEXAS,Excel Academy,Excel Academy
OKLAHOMA,Four Winds Ranch Recovery Center for Adolescent Females,Four Winds Ranch Recovery Center for Adolescent Females
OKLAHOMA,High Pointe,High Pointe
OKLAHOMA,New Lifehouse Academy,New Lifehouse Academy
OKLAHOMA,Realation Group Home,Realation Group Home
OKLAHOMA,Rose Rock Academy,Rose Rock Academy
OKLAHOMA,Shadow Mountain Behavioral Health System,Shadow Mountain Behavioral Health System
OREGON,A Village for One – Anisa’s Place,A Village for One – Anisa’s Place
OREGON,Adapt Deer Creek Adolescent Treatment Center,Adapt Deer Creek Adolescent Treatment Center
OREGON,"Affect Youth Services, Inc.","Affect Youth Services, Inc."
OREGON,Albertina Kerr Subacute,Albertina Kerr Subacute
OREGON,Barriers 2 Bridges at Jackson County Juvenile Detention,Barriers 2 Bridges at Jackson County Juvenile Detention
OREGON,Bob Belloni Ranch,Bob Belloni Ranch
OREGON,Camp Florence Youth Transitional Facility,Camp Florence Youth Transitional Facility
OREGON,Camp Riverbend Youth Transitional Facility,Camp Riverbend Youth Transitional Facility
OREGON,Camp Tillamook Youth Transitional Facility,Camp Tillamook Youth Transitional Facility
OREGON,Cascade Boys Ranch of Southern Oregon,Cascade Boys Ranch of Southern Oregon
OREGON,Catherine Freer Wilderness Program,Catherine Freer Wilderness Program
OREGON,Children’s Farm Home,Children’s Farm Home
OREGON,Christie School,Christie School
OREGON,Clackamas County Juvenile,Clackamas County Juvenile
OREGON,Connections365 Residential Programs,Connections365 Residential Programs
OREGON,Cordero Residential Treatment,Cordero Residential Treatment
OREGON,Crater Lake School,Crater Lake School
OREGON,Delphian School,Delphian School
OREGON,Dennis Maloney Juvenile Community Justice Center,Dennis Maloney Juvenile Community Justice Center
OREGON,Deschutes Wilderness Therapy,Deschutes Wilderness Therapy
OREGON,Donald E. Long Juvenile Detention Center,Donald E. Long Juvenile Detention Center
OREGON,Douglas County Juvenile Detention & Shelter Care Facility,Douglas County Juvenile Detention & Shelter Care Facility
OREGON,Eastern Oregon Academy,Eastern Oregon Academy
OREGON,Eastern Oregon Youth Correctional Facility,Eastern Oregon Youth Correctional Facility
OREGON,Evoke Cascades,Evoke Cascades
OREGON,Family Solutions - Cascade House,Family Solutions - Cascade House
OREGON,Family Solutions - Willow House,Family Solutions - Willow House
OREGON,Haag Home for Boys,Haag Home for Boys
OREGON,Hillcrest Youth Correctional Facility,Hillcrest Youth Correctional Facility
OREGON,Homestead Youth and Family Services Residential Program,Homestead Youth and Family Services Residential Program
OREGON,Inn Home for Boys,Inn Home for Boys
OREGON,J. Bar J. - Boys Ranch,J. Bar J. - Boys Ranch
OREGON,J. Bar J. - Grandma’s House,J. Bar J. - Grandma’s House
OREGON,J. Bar J. - J5,J. Bar J. - J5
OREGON,Jackie Winters Transition Program,Jackie Winters Transition Program
OREGON,Janus Youth Programs - Atlas,Janus Youth Programs - Atlas
OREGON,Janus Youth Programs - Buckman,Janus Youth Programs - Buckman
OREGON,Janus Youth Programs - Cordero,Janus Youth Programs - Cordero
OREGON,Jasper Mountain,Jasper Mountain
OREGON,Josephine County Juvenile Department,Josephine County Juvenile Department
OREGON,Kairos Northwest - Cadenza,Kairos Northwest - Cadenza
OREGON,Kairos Northwest - Momentum,Kairos Northwest - Momentum
OREGON,Kairos Northwest - Tempo,Kairos Northwest - Tempo
OREGON,Klamath Crimson Rose Program for Girls,Klamath Crimson Rose Program for Girls
OREGON,Klamath Lake County Youth Ranch,Klamath Lake County Youth Ranch
OREGON,Lane County Phoenix Treatment,Lane County Phoenix Treatment
OREGON,Lincoln County Juvenile Department,Lincoln County Juvenile Department
OREGON,Looking Glass Community Services - Residential Services,Looking Glass Community Services - Residential Services
OREGON,MacLaren Youth Correctional Facility,MacLaren Youth Correctional Facility
OREGON,Monte Nido Clementine West Linn,Monte Nido Clementine West Linn
OREGON,Marion County Juvenile Detention,Marion County Juvenile Detention
OREGON,Morrison Child & Family Services,Morrison Child & Family Services
OREGON,Morrison Child & Family Services - SAGE Residential Program,Morrison Child & Family Services - SAGE Residential Program
OREGON,Morrison Child & Family Services - Counterpoint,Morrison Child & Family Services - Counterpoint
OREGON,Mount Bachelor Academy,Mount Bachelor Academy
OREGON,NARA Youth Residential Treatment Center,NARA Youth Residential Treatment Center
OREGON,New Vision Programs of Oregon,New Vision Programs of Oregon
OREGON,New Avenues for Youth - Robinswood,New Avenues for Youth - Robinswood
OREGON,"Next Door, Inc. - Klahre House","Next Door, Inc. - Klahre House"
OREGON,Nexus Family Healing - Walden Crossing PRTF,Nexus Family Healing - Walden Crossing PRTF
OREGON,NORCOR - Youth Care Center,NORCOR - Youth Care Center
OREGON,North Point Children’s Program,North Point Children’s Program
OREGON,NorthStar Center,NorthStar Center
OREGON,Northwest Youth Discovery,Northwest Youth Discovery
OREGON,Oak Creek Youth Correctional Facility,Oak Creek Youth Correctional Facility
OREGON,Obsidian Trails Outdoor School,Obsidian Trails Outdoor School
OREGON,Parrott Creek Child and Family Services,Parrott Creek Child and Family Services
OREGON,Parry Center for Children,Parry Center for Children
OREGON,Pendleton Academies,Pendleton Academies
OREGON,Rimrock Trails Adolescent RTP,Rimrock Trails Adolescent RTP
OREGON,Rogue Valley Youth Correctional Facility,Rogue Valley Youth Correctional Facility
OREGON,Royal Haven Equestrian Center,Royal Haven Equestrian Center
OREGON,SageWalk Wilderness,SageWalk Wilderness
OREGON,Santiam Crossing,Santiam Crossing
OREGON,Scotts Valley School,Scotts Valley School
OREGON,St. Mary’s Home for Boys,St. Mary’s Home for Boys
OREGON,The Salvation Army White Shield Center,The Salvation Army White Shield Center
OREGON,The Woods Home for Girls,The Woods Home for Girls
OREGON,Tillamook Youth Correctional Facility,Tillamook Youth Correctional Facility
RHODE ISLAND,Turning Point,Turning Point
OREGON,Wellspring Oregon,Wellspring Oregon
OREGON,Yamhill County Youth Services Center,Yamhill County Youth Services Center
OREGON,Youth Guidance Association,Youth Guidance Association
OREGON,Youth Villages Oregon,Youth Villages Oregon
PENNSYLVANIA,Abraxas Academy,Abraxas Academy
PENNSYLVANIA,Abraxas I,Abraxas I
PENNSYLVANIA,Abraxas PRTF,Abraxas PRTF
PENNSYLVANIA,Abraxas Specialized Treatment Program,Abraxas Specialized Treatment Program
PENNSYLVANIA,Abraxas Youth Center,Abraxas Youth Center
PENNSYLVANIA,Adelphoi Alliance House,Adelphoi Alliance House
PENNSYLVANIA,Adelphoi Anchor House,Adelphoi Anchor House
PENNSYLVANIA,Adelphoi Benet Home,Adelphoi Benet Home
PENNSYLVANIA,Adelphoi Colony Home,Adelphoi Colony Home
PENNSYLVANIA,Adelphoi Judge Charles E. Marker House,Adelphoi Judge Charles E. Marker House
PENNSYLVANIA,Adelphoi Greystone House,Adelphoi Greystone House
PENNSYLVANIA,Adelphoi La Sa Quik,Adelphoi La Sa Quik
PENNSYLVANIA,Adelphoi Loyalhanna House,Adelphoi Loyalhanna House
PENNSYLVANIA,Adelphoi Manor,Adelphoi Manor
PENNSYLVANIA,Adelphoi Margaret Home,Adelphoi Margaret Home
PENNSYLVANIA,Adelphoi Middle Creek I,Adelphoi Middle Creek I
PENNSYLVANIA,Adelphoi Middle Creek II,Adelphoi Middle Creek II
PENNSYLVANIA,Adelphoi Middle Creek III,Adelphoi Middle Creek III
PENNSYLVANIA,Adelphoi Middle Creek IV,Adelphoi Middle Creek IV
PENNSYLVANIA,Adelphoi Raphael House,Adelphoi Raphael House
PENNSYLVANIA,Adelphoi Susan’s Place,Adelphoi Susan’s Place
PENNSYLVANIA,Adelphoi Sweeney Home,Adelphoi Sweeney Home
PENNSYLVANIA,Adelphoi Vincent Home,Adelphoi Vincent Home
PENNSYLVANIA,Adelphoi Williams Home,Adelphoi Williams Home
PENNSYLVANIA,Beacon Light First Street RTF,Beacon Light First Street RTF
PENNSYLVANIA,Beacon Light GIRLS Program,Beacon Light GIRLS Program
PENNSYLVANIA,Beacon Light STAR Program,Beacon Light STAR Program
PENNSYLVANIA,Beacon Light STRIDE Program,Beacon Light STRIDE Program
PENNSYLVANIA,Beacon Light STRIDE Southwest Program,Beacon Light STRIDE Southwest Program
PENNSYLVANIA,Beacon Light Youngsville Specialized Residential Treatment Program,Beacon Light Youngsville Specialized Residential Treatment Program
PENNSYLVANIA,Blue Ridge Eating Disorder Care Center Residential Program,Blue Ridge Eating Disorder Care Center Residential Program
PENNSYLVANIA,Children’s Home of Reading Eastern Manor,Children’s Home of Reading Eastern Manor
PENNSYLVANIA,Children’s Home of Reading Mathom House,Children’s Home of Reading Mathom House
PENNSYLVANIA,Children’s Home of Reading PATHS Group Treatment Home,Children’s Home of Reading PATHS Group Treatment Home
PENNSYLVANIA,Children’s Home of Reading RTF,Children’s Home of Reading RTF
PENNSYLVANIA,Circle C Youth Center,Circle C Youth Center
PENNSYLVANIA,CSG Adolescent Residential Treatment Facility,CSG Adolescent Residential Treatment Facility
PENNSYLVANIA,Devereux Advanced Behavioral Health Pennsylvania,Devereux Advanced Behavioral Health Pennsylvania
PENNSYLVANIA,Devereux Pennsylvania Autism Intensive Residential Services,Devereux Pennsylvania Autism Intensive Residential Services
PENNSYLVANIA,Devereux Pennsylvania Behavioral Health Psychiatric Residential Treatment Program,Devereux Pennsylvania Behavioral Health Psychiatric Residential Treatment Program
PENNSYLVANIA,Devereux Pennsylvania Brandywine School,Devereux Pennsylvania Brandywine School
PENNSYLVANIA,Devereux Pennsylvania Children’s Behavioral Health Center,Devereux Pennsylvania Children’s Behavioral Health Center
PENNSYLVANIA,Devereux Pennsylvania ID/ASD Residential Program,Devereux Pennsylvania ID/ASD Residential Program
PENNSYLVANIA,Devereux Pennsylvania ID/MH Program,Devereux Pennsylvania ID/MH Program
PENNSYLVANIA,Devereux Pennsylvania Mapleton Intensive Program,Devereux Pennsylvania Mapleton Intensive Program
PENNSYLVANIA,DTAC Danville RTC,DTAC Danville RTC
PENNSYLVANIA,DTAC Lewisburg RTC,DTAC Lewisburg RTC
PENNSYLVANIA,Fairmount Behavioral Health System Adolescent Inpatient Program,Fairmount Behavioral Health System Adolescent Inpatient Program
PENNSYLVANIA,Foundations Behavioral Health RTF,Foundations Behavioral Health RTF
PENNSYLVANIA,Friends Hospital Adolescents Program,Friends Hospital Adolescents Program
PENNSYLVANIA,George Junior Republic,George Junior Republic
PENNSYLVANIA,Highland Detention at Shuman Center,Highland Detention at Shuman Center
PENNSYLVANIA,Hoffman Homes Psychiatric Residential Treatment Program,Hoffman Homes Psychiatric Residential Treatment Program
PENNSYLVANIA,Huntington Creek Recovery Center,Huntington Creek Recovery Center
PENNSYLVANIA,KidsPeace PRTF,KidsPeace PRTF
PENNSYLVANIA,Loysville Youth Development Center,Loysville Youth Development Center
PENNSYLVANIA,Manos House,Manos House
PENNSYLVANIA,Mathom House,Mathom House
PENNSYLVANIA,Melmark Pennsylvania RTF,Melmark Pennsylvania RTF
PENNSYLVANIA,New Outlook Academy,New Outlook Academy
PENNSYLVANIA,North Central Secure Treatment Unit,North Central Secure Treatment Unit
PENNSYLVANIA,​North East Secure Treatment Unit,​North East Secure Treatment Unit
PENNSYLVANIA,Northwestern Academy,Northwestern Academy
PENNSYLVANIA,Outside In Voyagers Program,Outside In Voyagers Program
PENNSYLVANIA,PA Child Care,PA Child Care
PENNSYLVANIA,PATH Adolescent Residential Treatment Program,PATH Adolescent Residential Treatment Program
PENNSYLVANIA,Pressley Ridge Home Places,Pressley Ridge Home Places
PENNSYLVANIA,Pressley Ridge School,Pressley Ridge School
PENNSYLVANIA,Sarah Reed Children’s Center Residential Treatment,Sarah Reed Children’s Center Residential Treatment
PENNSYLVANIA,​South Mountain Secure Treatment Unit,​South Mountain Secure Treatment Unit
PENNSYLVANIA,Southwood Psychiatric Hospital Residential Treatment Program,Southwood Psychiatric Hospital Residential Treatment Program
PENNSYLVANIA,Summit Quest Academy,Summit Quest Academy
PENNSYLVANIA,The Academy – Sanction Unit/Residential Program,The Academy – Sanction Unit/Residential Program
PENNSYLVANIA,The Bradley Center PRTF,The Bradley Center PRTF
PENNSYLVANIA,The Bridge Philadelphia,The Bridge Philadelphia
PENNSYLVANIA,The Clock Tower Schools,The Clock Tower Schools
PENNSYLVANIA,The Devereux School for Integrated Learning,The Devereux School for Integrated Learning
PENNSYLVANIA,The Meadows Psychiatric Center,The Meadows Psychiatric Center
PENNSYLVANIA,The Summit Academy,The Summit Academy
PENNSYLVANIA,The Village School,The Village School
PENNSYLVANIA,Warwick House,Warwick House
PENNSYLVANIA,Wellspring Pennsylvania,Wellspring Pennsylvania
PENNSYLVANIA,Western Center,Western Center
PENNSYLVANIA,Western PA Child Care,Western PA Child Care
PENNSYLVANIA,Western Psychiatric Institute and Clinic,Western Psychiatric Institute and Clinic
RHODE ISLAND,Athena’s Circle of Providence,Athena’s Circle of Providence
RHODE ISLAND,Blackstone Valley Youth & Family Collaborative,Blackstone Valley Youth & Family Collaborative
RHODE ISLAND,Boys Town New England,Boys Town New England
RHODE ISLAND,Camp E-Hun-Tee,Camp E-Hun-Tee
RHODE ISLAND,"Children’s Shelter of Blackstone Valley, Inc","Children’s Shelter of Blackstone Valley, Inc"
RHODE ISLAND,"Community Solutions, Inc. - Coventry House","Community Solutions, Inc. - Coventry House"
RHODE ISLAND,"Community Solutions, Inc. - Johnston House","Community Solutions, Inc. - Johnston House"
RHODE ISLAND,Girls and Boys Town of New England,Girls and Boys Town of New England
RHODE ISLAND,Harmony Hill School,Harmony Hill School
RHODE ISLAND,Lighthouse for Youth,Lighthouse for Youth
RHODE ISLAND,Ocean Tides,Ocean Tides
RHODE ISLAND,St. Mary’s Home for Children,St. Mary’s Home for Children
SOUTH CAROLINA,AMIkids Beaufort,AMIkids Beaufort
SOUTH CAROLINA,AMIkids Sand Hills,AMIkids Sand Hills
SOUTH CAROLINA,AMIkids White Pines,AMIkids White Pines
SOUTH CAROLINA,Boys Farm,Boys Farm
SOUTH CAROLINA,Broad River Road Complex,Broad River Road Complex
SOUTH CAROLINA,Broadstep Academy - Kingstree,Broadstep Academy - Kingstree
SOUTH CAROLINA,Broadstep Academy - Venice PTRF,Broadstep Academy - Venice PTRF
SOUTH CAROLINA,Cambio Academy,Cambio Academy
SOUTH CAROLINA,Camp Aspen,Camp Aspen
SOUTH CAROLINA,Camp Bennettsville,Camp Bennettsville
SOUTH CAROLINA,Carolina Springs Academy,Carolina Springs Academy
SOUTH CAROLINA,Cherokee Creek Boys School,Cherokee Creek Boys School
SOUTH CAROLINA,Connie Maxwell Children’s Home,Connie Maxwell Children’s Home
SOUTH CAROLINA,Epworth Children’s Home,Epworth Children’s Home
SOUTH CAROLINA,Fair Play Camp School,Fair Play Camp School
SOUTH CAROLINA,Gateways,Gateways
SOUTH CAROLINA,Generations,Generations
SOUTH CAROLINA,Jenkins Orphanage,Jenkins Orphanage
SOUTH CAROLINA,John De La Howe School,John De La Howe School
SOUTH CAROLINA,Juvenile Detention Center,Juvenile Detention Center
SOUTH CAROLINA,Magnolia Hills Christian Academy,Magnolia Hills Christian Academy
SOUTH CAROLINA,Miracle Hill Children’s Home,Miracle Hill Children’s Home
SOUTH CAROLINA,New Bethany Home for Boys,New Bethany Home for Boys
SOUTH CAROLINA,New Hope Carolinas PRTF,New Hope Carolinas PRTF
SOUTH CAROLINA,Palmetto Lowcountry Behavioral Health,Palmetto Lowcountry Behavioral Health
SOUTH CAROLINA,Palmetto Pee Dee Behavioral Health,Palmetto Pee Dee Behavioral Health
SOUTH CAROLINA,Palmetto Pines PTRF,Palmetto Pines PTRF
SOUTH CAROLINA,Palmetto Therapeutic Boarding School,Palmetto Therapeutic Boarding School
SOUTH CAROLINA,Piedmont Wilderness Institute,Piedmont Wilderness Institute
SOUTH CAROLINA,Riverside Baptist Boys Home,Riverside Baptist Boys Home
SOUTH CAROLINA,Riverside Behavioral Health at Windwood Farm PRTF,Riverside Behavioral Health at Windwood Farm PRTF
SOUTH CAROLINA,Seneca Ranch,Seneca Ranch
SOUTH CAROLINA,Springbrook Behavioral Health PRTF for Autism Services,Springbrook Behavioral Health PRTF for Autism Services
SOUTH CAROLINA,Tara Hall Home for Boys,Tara Hall Home for Boys
SOUTH CAROLINA,Teen Challenge of South Carolina,Teen Challenge of South Carolina
SOUTH CAROLINA,The Ark Youth Shelter,The Ark Youth Shelter
SOUTH CAROLINA,Thornwell Home and School for Children,Thornwell Home and School for Children
SOUTH CAROLINA,Three Rivers Midlands,Three Rivers Midlands
SOUTH CAROLINA,Victorious Valley Homes,Victorious Valley Homes
SOUTH CAROLINA,Wake Up Call for Teens,Wake Up Call for Teens
SOUTH CAROLINA,Whetstone Academy,Whetstone Academy
SOUTH CAROLINA,Wil Lou Gray Opportunity School,Wil Lou Gray Opportunity School
SOUTH CAROLINA,Wilderness Way Girls Camp School,Wilderness Way Girls Camp School
SOUTH CAROLINA,William Seth Rochester Home for Children,William Seth Rochester Home for Children
SOUTH DAKOTA,Abbott House,Abbott House
SOUTH DAKOTA,Aurora Plains Academy,Aurora Plains Academy
SOUTH DAKOTA,Black Hills Children’s Home,Black Hills Children’s Home
SOUTH DAKOTA,Brighter Transition Youth Treatment Center/Falls Academy,Brighter Transition Youth Treatment Center/Falls Academy
SOUTH DAKOTA,Canyon Hills Center,Canyon Hills Center
SOUTH DAKOTA,Chamberlain Academy,Chamberlain Academy
SOUTH DAKOTA,McCrossan Boys Ranch,McCrossan Boys Ranch
SOUTH DAKOTA,Sioux Falls Children’s Home,Sioux Falls Children’s Home
SOUTH DAKOTA,"Sky Ranch for Boys, Inc.","Sky Ranch for Boys, Inc."
SOUTH DAKOTA,South Dakota Human Services Center,South Dakota Human Services Center
SOUTH DAKOTA,STAR Academy for Youth,STAR Academy for Youth
SOUTH DAKOTA,Summit Oaks I & II,Summit Oaks I & II
SOUTH DAKOTA,WellFully RTC,WellFully RTC
TENNESSEE,ABM Family Preparatory,ABM Family Preparatory
TENNESSEE,Achievement Valley Ranch,Achievement Valley Ranch
TENNESSEE,Adolescent Male Insight - Chattanooga,Adolescent Male Insight - Chattanooga
TENNESSEE,Advent Home Learning Center,Advent Home Learning Center
TENNESSEE,Bedford County Juvenile Detention,Bedford County Juvenile Detention
TENNESSEE,Bethel Bible Village Children’s Home,Bethel Bible Village Children’s Home
TENNESSEE,Blount County Juvenile Detention Center,Blount County Juvenile Detention Center
TENNESSEE,Bradley County Juvenile Detention Center,Bradley County Juvenile Detention Center
TENNESSEE,Brentwood Academy,Brentwood Academy
TENNESSEE,Buffalo Mountain Camp,Buffalo Mountain Camp
TENNESSEE,Camp E-Sun-Alee,Camp E-Sun-Alee
TENNESSEE,Covenant Home,Covenant Home
TENNESSEE,Crossville Mission Bible Training Center,Crossville Mission Bible Training Center
TENNESSEE,Cumberland Heights Youth Program - ARCH Academy,Cumberland Heights Youth Program - ARCH Academy
TENNESSEE,Davidson County Juvenile Detention Center,Davidson County Juvenile Detention Center
TENNESSEE,East Tennessee Christian Home,East Tennessee Christian Home
TENNESSEE,Edge Academy,Edge Academy
TENNESSEE,Freedom Mountain Academy,Freedom Mountain Academy
TENNESSEE,Freewill Baptist Family Ministry,Freewill Baptist Family Ministry
TENNESSEE,Gateway to Independence,Gateway to Independence
TENNESSEE,Good Shepherd Children’s Home,Good Shepherd Children’s Home
TENNESSEE,Happy Hills Youth Ranch,Happy Hills Youth Ranch
TENNESSEE,Jackson Academy,Jackson Academy
TENNESSEE,Kids 1st of Tennessee,Kids 1st of Tennessee
TENNESSEE,Kingston Academy,Kingston Academy
TENNESSEE,L.E.A.P.S. Program at Duck River,L.E.A.P.S. Program at Duck River
TENNESSEE,Love in Action International - Refuge,Love in Action International - Refuge
TENNESSEE,Madison County Detention Center,Madison County Detention Center
TENNESSEE,Magnolia Academy,Magnolia Academy
TENNESSEE,Middle Tennessee Juvenile Detention,Middle Tennessee Juvenile Detention
TENNESSEE,New Life Lodge,New Life Lodge
TENNESSEE,Parents Hope Ministries - Hope Academy,Parents Hope Ministries - Hope Academy
TENNESSEE,PURE Academy,PURE Academy
TENNESSEE,Putnam County Juvenile Detention,Putnam County Juvenile Detention
TENNESSEE,Rhea County Juvenile Detention,Rhea County Juvenile Detention
TENNESSEE,Richard L. Bean Juvenile Detention Center,Richard L. Bean Juvenile Detention Center
TENNESSEE,Rutherford County Juvenile Detention Center,Rutherford County Juvenile Detention Center
TENNESSEE,Scott County Juvenile Center,Scott County Juvenile Center
TENNESSEE,Sevier County Juvenile Facility,Sevier County Juvenile Facility
TENNESSEE,Shelby County Youth Justice and Educational Center,Shelby County Youth Justice and Educational Center
TENNESSEE,Shenandoah Boys Ranch,Shenandoah Boys Ranch
TENNESSEE,Shenandoah Girls Haven,Shenandoah Girls Haven
TENNESSEE,Smoky Mountain Children’s Home,Smoky Mountain Children’s Home
TENNESSEE,Stones River Academy,Stones River Academy
TENNESSEE,Taft Youth Center,Taft Youth Center
TENNESSEE,"Tennessee Baptist Children’s Homes, Inc.","Tennessee Baptist Children’s Homes, Inc."
TENNESSEE,The Academy for Young Men,The Academy for Young Men
TENNESSEE,The Academy for Young Women,The Academy for Young Women
TENNESSEE,Three Springs of Duck River,Three Springs of Duck River
TENNESSEE,Upper East Tennessee Juvenile Detention Center,Upper East Tennessee Juvenile Detention Center
TENNESSEE,Wears Valley Ranch,Wears Valley Ranch
TENNESSEE,Wilder Youth Development Center,Wilder Youth Development Center
TENNESSEE,Williamson County Juvenile Detention,Williamson County Juvenile Detention
TENNESSEE,Youth Villages - Bartlett Campus,Youth Villages - Bartlett Campus
TENNESSEE,Youth Villages - Dogwood Campus,Youth Villages - Dogwood Campus
TEXAS,A New Day Foundation RTC,A New Day Foundation RTC
TEXAS,A Pathway 2 New Beginnings,A Pathway 2 New Beginnings
TEXAS,A Promising Journey Inc.,A Promising Journey Inc.
TEXAS,A.B.E. Residential Services,A.B.E. Residential Services
TEXAS,Abilene State School,Abilene State School
TEXAS,ACH Child and Family Services Robert and Jane Ferguson RTC,ACH Child and Family Services Robert and Jane Ferguson RTC
TEXAS,All Church Home for Children,All Church Home for Children
TEXAS,Amor Purus LLC,Amor Purus LLC
TEXAS,Angelina County Juvenile Detention Center,Angelina County Juvenile Detention Center
TEXAS,Arms of Hope Residential Care Home,Arms of Hope Residential Care Home
TEXAS,Aspire 2 Dream,Aspire 2 Dream
TEXAS,Atascosa County Juvenile Justice Center,Atascosa County Juvenile Justice Center
TEXAS,Austin Children’s Shelter,Austin Children’s Shelter
TEXAS,Austin Oaks Hospital,Austin Oaks Hospital
TEXAS,Avalon Center GRO,Avalon Center GRO
TEXAS,Ayres House,Ayres House
TEXAS,Azleway Boys Ranch,Azleway Boys Ranch
TEXAS,"Azleway, Inc.","Azleway, Inc."
TEXAS,Azleway Valley View - Training Center,Azleway Valley View - Training Center
TEXAS,Baptist Children’s Home Ministry,Baptist Children’s Home Ministry
TEXAS,Bayes Achievement Center,Bayes Achievement Center
TEXAS,Bell County Juvenile Services Center,Bell County Juvenile Services Center
TEXAS,Bexar County Juvenile Detention Center,Bexar County Juvenile Detention Center
TEXAS,Big Springs Ranch for Children,Big Springs Ranch for Children
TEXAS,Bill Logue Juvenile Justice Center,Bill Logue Juvenile Justice Center
TEXAS,Bokenkamp Children’s Shelter,Bokenkamp Children’s Shelter
TEXAS,Boysville Texas GRO,Boysville Texas GRO
TEXAS,Brazoria County Juvenile Detention Center,Brazoria County Juvenile Detention Center
TEXAS,Buckner Baptist Children’s Home,Buckner Baptist Children’s Home
TEXAS,Cal Farley’s Boys Ranch,Cal Farley’s Boys Ranch
TEXAS,Camp Woodland Springs,Camp Woodland Springs
TEXAS,Carter's Kids RTC,Carter's Kids RTC
TEXAS,Cedar Crest Hospital & RTC,Cedar Crest Hospital & RTC
TEXAS,Center for Discovery - Cypress Campus,Center for Discovery - Cypress Campus
TEXAS,Center for Discovery - Plano Campus,Center for Discovery - Plano Campus
TEXAS,Center for Success and Independence,Center for Success and Independence
TEXAS,Cenikor Foundation,Cenikor Foundation
TEXAS,Children’s Health Eating Disorders,Children’s Health Eating Disorders
TEXAS,Clearfork Academy Boys Campus - Fort Worth,Clearfork Academy Boys Campus - Fort Worth
TEXAS,Clearfork Academy Girls Campus - Cleburne,Clearfork Academy Girls Campus - Cleburne
TEXAS,Clementine - Conroe Campus,Clementine - Conroe Campus
TEXAS,Coke County Juvenile Justice Center,Coke County Juvenile Justice Center
TEXAS,Concho Valley Home for Girls,Concho Valley Home for Girls
TEXAS,"Cook, Fannin, and Grayson County Juvenile Detention Center/Boot Camp","Cook, Fannin, and Grayson County Juvenile Detention Center/Boot Camp"
TEXAS,Creighton Oaks Treatment Center,Creighton Oaks Treatment Center
TEXAS,Crockett State School,Crockett State School
TEXAS,Cumberland Presbyterian Children’s Home,Cumberland Presbyterian Children’s Home
TEXAS,Cypress Creek,Cypress Creek
TEXAS,Dallas County Juvenile Department - Letot RTC,Dallas County Juvenile Department - Letot RTC
TEXAS,Dallas County Juvenile Department - Lyle B. Medlock RTC,Dallas County Juvenile Department - Lyle B. Medlock RTC
TEXAS,Dallas County Juvenile Department - Youth Village,Dallas County Juvenile Department - Youth Village
TEXAS,Darrell B. Hester Juvenile Detention Center,Darrell B. Hester Juvenile Detention Center
TEXAS,"Daystar Residential, Inc.","Daystar Residential, Inc."
TEXAS,Denton County Juvenile Detention,Denton County Juvenile Detention
TEXAS,DePelchin Children's Center - Houston,DePelchin Children's Center - Houston
TEXAS,Devereux Advanced Behavioral Health RTC,Devereux Advanced Behavioral Health RTC
TEXAS,Devereux RTC,Devereux RTC
TEXAS,"Discovery Mood and Anxiety - Dripping Springs, TX,","Discovery Mood and Anxiety - Dripping Springs, TX,"
TEXAS,East Texas Open Door,East Texas Open Door
TEXAS,"Eating Recovery Center - Plano Campus,","Eating Recovery Center - Plano Campus,"
TEXAS,Ector County Youth Center,Ector County Youth Center
TEXAS,Edna Tamayo House,Edna Tamayo House
TEXAS,El Paso County Juvenile Detention Center,El Paso County Juvenile Detention Center
TEXAS,Elijah’s House Texarkana,Elijah’s House Texarkana
TEXAS,"Equinox Counseling and Wellness Center - Houston,","Equinox Counseling and Wellness Center - Houston,"
TEXAS,Evins Regional Juvenile Center,Evins Regional Juvenile Center
TEXAS,Faith Outreach Center International Christian Base Camp,Faith Outreach Center International Christian Base Camp
TEXAS,Faith Ranch,Faith Ranch
TEXAS,Five Oaks Achievement Center,Five Oaks Achievement Center
TEXAS,Fort Bend County Juvenile Detention Center,Fort Bend County Juvenile Detention Center
TEXAS,Fort Behavioral Health,Fort Behavioral Health
TEXAS,Foster’s Home for Children,Foster’s Home for Children
TEXAS,Fostering Life Youth Ranch,Fostering Life Youth Ranch
TEXAS,Freedom Place RTC,Freedom Place RTC
TEXAS,Fulshear Treatment to Transition - The Ranch,Fulshear Treatment to Transition - The Ranch
TEXAS,Gainesville State School,Gainesville State School
TEXAS,Galveston Multicultural Institute,Galveston Multicultural Institute
TEXAS,Garza County Regional Juvenile Center,Garza County Regional Juvenile Center
TEXAS,Gatesville State School,Gatesville State School
TEXAS,Giddings State School,Giddings State School
TEXAS,Good Shepherd RTC,Good Shepherd RTC
TEXAS,Grace House Children’s Center,Grace House Children’s Center
TEXAS,Grace of God Boys’ Home,Grace of God Boys’ Home
TEXAS,Greater San Marcos Youth Council,Greater San Marcos Youth Council
TEXAS,Gregg County Juvenile Detention Center,Gregg County Juvenile Detention Center
TEXAS,Guadalupe County Juvenile Detention Center,Guadalupe County Juvenile Detention Center
TEXAS,Habilitative Homes Inc.,Habilitative Homes Inc.
TEXAS,Hands of Faith GRO,Hands of Faith GRO
TEXAS,Happy Hills Farm Academy/Home,Happy Hills Farm Academy/Home
TEXAS,Hardin County Juvenile Detention Center,Hardin County Juvenile Detention Center
TEXAS,Harmony Therapy and Treatment Center,Harmony Therapy and Treatment Center
TEXAS,Harris County Juvenile Detention Center,Harris County Juvenile Detention Center
TEXAS,Haven of Rest Care Home,Haven of Rest Care Home
TEXAS,Hays County Juvenile Detention,Hays County Juvenile Detention
TEXAS,Hazel Street Recovery Center for Adolescent Males,Hazel Street Recovery Center for Adolescent Males
TEXAS,Heartlight Ministries,Heartlight Ministries
TEXAS,Hearts with Hope Foundation - RTC,Hearts with Hope Foundation - RTC
TEXAS,Helping Hand Home for Children - RTP,Helping Hand Home for Children - RTP
TEXAS,Dr. Jerome McNeil Jr. Detention Center,Dr. Jerome McNeil Jr. Detention Center
TEXAS,High Plains Children’s Home,High Plains Children’s Home
TEXAS,High Sky Children’s Ranch,High Sky Children’s Ranch
TEXAS,Home of Hope Texas,Home of Hope Texas
TEXAS,Hope Center Wilderness Camp,Hope Center Wilderness Camp
TEXAS,Inspirational Hope House,Inspirational Hope House
TEXAS,J. Flowers Health Institute,J. Flowers Health Institute
TEXAS,Jerry J. Esmond Juvenile Justice Center,Jerry J. Esmond Juvenile Justice Center
TEXAS,John R. Roach Juvenile Detention Center,John R. Roach Juvenile Detention Center
TEXAS,Jonathan’s Place,Jonathan’s Place
TEXAS,Joshua Home,Joshua Home
TEXAS,JStars Group Home Services,JStars Group Home Services
TEXAS,Judge Arthur R. Tipps Juvenile Justice Center,Judge Arthur R. Tipps Juvenile Justice Center
TEXAS,Judge Mario E. Ramirez Jr. Juvenile Justice Center,Judge Mario E. Ramirez Jr. Juvenile Justice Center
TEXAS,Judge Ricardo H. Garcia Regional Juvenile Detention Facility,Judge Ricardo H. Garcia Regional Juvenile Detention Facility
TEXAS,KCI Servant's Heart RTC,KCI Servant's Heart RTC
TEXAS,Kensley Care Residential Treatment Center,Kensley Care Residential Treatment Center
TEXAS,KIDS of El Paso,KIDS of El Paso
TEXAS,Kingwood Pines Hospital,Kingwood Pines Hospital
TEXAS,Lake Granbury Youth Services,Lake Granbury Youth Services
TEXAS,Lanier Therapeutic Wilderness Programs,Lanier Therapeutic Wilderness Programs
TEXAS,Latrell’s Landing,Latrell’s Landing
TEXAS,Laurel Ridge Treatment Center RTC,Laurel Ridge Treatment Center RTC
TEXAS,Letot Center,Letot Center
TEXAS,Light of the Pines,Light of the Pines
TEXAS,Lone Star Expeditions,Lone Star Expeditions
TEXAS,Lubbock County Juvenile Justice Center,Lubbock County Juvenile Justice Center
TEXAS,Lynn W. Ross Juvenile Detention,Lynn W. Ross Juvenile Detention
TEXAS,McLennan County State Juvenile Correctional Facility & RTC,McLennan County State Juvenile Correctional Facility & RTC
TEXAS,Meadowland RTC / Roy Maas,Meadowland RTC / Roy Maas
TEXAS,Menninger Center,Menninger Center
TEXAS,Meridell Achievement Center,Meridell Achievement Center
TEXAS,Methodist Children’s Home - Boys Ranch RTC,Methodist Children’s Home - Boys Ranch RTC
TEXAS,Methodist Children’s Home - Waco RTC,Methodist Children’s Home - Waco RTC
TEXAS,Midland County Barbara Culver Center,Midland County Barbara Culver Center
TEXAS,Minnie Rogers Juvenile Justice,Minnie Rogers Juvenile Justice
TEXAS,Mission Road Developmental Center,Mission Road Developmental Center
TEXAS,Monarch Academy for Girls,Monarch Academy for Girls
TEXAS,Montgomery County Juvenile Detention Center,Montgomery County Juvenile Detention Center
TEXAS,Nelson Children’s Center,Nelson Children’s Center
TEXAS,New Beginnings Children’s Home,New Beginnings Children’s Home
TEXAS,New Hope Boys Home,New Hope Boys Home
TEXAS,New Hope Children’s Shelter,New Hope Children’s Shelter
TEXAS,New Horizons - Audrey Grace House,New Horizons - Audrey Grace House
TEXAS,New Horizons - The Ranch RTC,New Horizons - The Ranch RTC
TEXAS,New Life Refuge Ministries,New Life Refuge Ministries
TEXAS,North Star Residential Treatment Center,North Star Residential Treatment Center
TEXAS,North Texas State Hospital,North Texas State Hospital
TEXAS,Nothing Just Happens,Nothing Just Happens
TEXAS,Nueces County Juvenile Justice Center,Nueces County Juvenile Justice Center
TEXAS,Odyssey Harbor Inc,Odyssey Harbor Inc
TEXAS,OnTrack Wilderness Program,OnTrack Wilderness Program
TEXAS,Paloma Place,Paloma Place
TEXAS,PaRC Discovery Behavioral Health - Houston Campus,PaRC Discovery Behavioral Health - Houston Campus
TEXAS,Paradigm Treatment Center - Austin,Paradigm Treatment Center - Austin
TEXAS,Pegasus School,Pegasus School
TEXAS,Prestige Care Services,Prestige Care Services
TEXAS,R.J. Holmgreen Juvenile Justice Center,R.J. Holmgreen Juvenile Justice Center
TEXAS,Rebekah Home for Girls,Rebekah Home for Girls
TEXAS,Redicare,Redicare
TEXAS,Reeves County Juvenile Detention Center,Reeves County Juvenile Detention Center
TEXAS,Rejo Helping Hands Inc,Rejo Helping Hands Inc
TEXAS,Resolution Ranch Academy,Resolution Ranch Academy
TEXAS,Retreat 4 Kids,Retreat 4 Kids
TEXAS,Rockdale Regional Juvenile Justice Center,Rockdale Regional Juvenile Justice Center
TEXAS,Ron Jackson State Juvenile Correctional Complex,Ron Jackson State Juvenile Correctional Complex
TEXAS,Roots Adolescent Renewal Ranch,Roots Adolescent Renewal Ranch
TEXAS,Safe Havens of Kornerstone,Safe Havens of Kornerstone
TEXAS,San Marcos Treatment Center,San Marcos Treatment Center
TEXAS,San Patricio County Juvenile Detention Center,San Patricio County Juvenile Detention Center
TEXAS,Schaeffer House,Schaeffer House
TEXAS,Scott D. Moore Juvenile Justice,Scott D. Moore Juvenile Justice
TEXAS,Seeds of Royalty,Seeds of Royalty
TEXAS,Seguin Assisted Living,Seguin Assisted Living
TEXAS,Serving Children and Adults in Need - Youth Recovery Homes,Serving Children and Adults in Need - Youth Recovery Homes
TEXAS,Seton Home GRO,Seton Home GRO
TEXAS,Settlement Home for Children - RTC,Settlement Home for Children - RTC
TEXAS,Shepherd Kidz Cares,Shepherd Kidz Cares
TEXAS,Shiloh Ministries,Shiloh Ministries
TEXAS,Shoreline Inc. Treatment Center,Shoreline Inc. Treatment Center
TEXAS,Sinclair Children’s Center RTC,Sinclair Children’s Center RTC
TEXAS,Smith County Juvenile Detention Center,Smith County Juvenile Detention Center
TEXAS,Solomon Casseb Jr. Webb County Youth Village,Solomon Casseb Jr. Webb County Youth Village
TEXAS,"Solstice Southwest,","Solstice Southwest,"
TEXAS,Sophie’s House for Children,Sophie’s House for Children
TEXAS,Southwest Mental Health Center,Southwest Mental Health Center
TEXAS,Star Ranch,Star Ranch
TEXAS,Starr County Juvenile Justice Center,Starr County Juvenile Justice Center
TEXAS,Starlite Recovery Center Summit House,Starlite Recovery Center Summit House
TEXAS,Still Creek Ranch,Still Creek Ranch
TEXAS,Sundown Ranch,Sundown Ranch
TEXAS,Sunny Glen Children’s Home,Sunny Glen Children’s Home
TEXAS,Sweeten Home for Children Inc,Sweeten Home for Children Inc
TEXAS,Tarrant County Community Correctional Facility Boot Camp Program,Tarrant County Community Correctional Facility Boot Camp Program
TEXAS,Taylor County Juvenile Detention Center,Taylor County Juvenile Detention Center
TEXAS,Texas Baptist Children’s Home,Texas Baptist Children’s Home
TEXAS,Texas Hill Country School,Texas Hill Country School
TEXAS,Texas NeuroRehab Center,Texas NeuroRehab Center
TEXAS,The Brown Schools Hill Country Place,The Brown Schools Hill Country Place
TEXAS,The Camp Transformation Center,The Camp Transformation Center
TEXAS,The Hemple Shelter,The Hemple Shelter
TEXAS,"The Holy Highway, Inc.","The Holy Highway, Inc."
TEXAS,"The Hook Center, Inc.","The Hook Center, Inc."
TEXAS,The Lullaby House,The Lullaby House
TEXAS,The Oaks Treatment Center,The Oaks Treatment Center
TEXAS,The One Discovery RTC,The One Discovery RTC
TEXAS,The Pillar of Progression for the Youth,The Pillar of Progression for the Youth
TEXAS,The Refuge for DMST,The Refuge for DMST
TEXAS,The Zilker Center,The Zilker Center
TEXAS,Thompson’s Residential Treatment Center,Thompson’s Residential Treatment Center
TEXAS,Thrive Girls Ranch and Home,Thrive Girls Ranch and Home
TEXAS,Timberlawn Psychiatric Hospital,Timberlawn Psychiatric Hospital
TEXAS,Tom Green County Juvenile Detention Center,Tom Green County Juvenile Detention Center
TEXAS,Travis County Juvenile Detention/Gardner-Betts Juvenile Justice Center,Travis County Juvenile Detention/Gardner-Betts Juvenile Justice Center
TEXAS,Tree of Life RTC,Tree of Life RTC
TEXAS,"Trinity Home of Faith 1, Inc.","Trinity Home of Faith 1, Inc."
TEXAS,Triple 7 Ranch GRO,Triple 7 Ranch GRO
TEXAS,TruLight Youth Village,TruLight Youth Village
TEXAS,U-Turn for Christ,U-Turn for Christ
TEXAS,Val Verde County Juvenile Detention Facility,Val Verde County Juvenile Detention Facility
TEXAS,Van Zandt County Multi-Youth Center,Van Zandt County Multi-Youth Center
TEXAS,Victoria County Juvenile Center,Victoria County Juvenile Center
TEXAS,Victory Acres Children's Home,Victory Acres Children's Home
TEXAS,Waco Center for Youth,Waco Center for Youth
TEXAS,Waco State Home,Waco State Home
TEXAS,We Care Treatment Center,We Care Treatment Center
TEXAS,Wellspring Texas,Wellspring Texas
TEXAS,West Oaks Hospital PRTF,West Oaks Hospital PRTF
TEXAS,West Texas State School,West Texas State School
TEXAS,Williamson County Juvenile Detention Center,Williamson County Juvenile Detention Center
TEXAS,Willoughby House,Willoughby House
TEXAS,Willoughby Juvenile Services,Willoughby Juvenile Services
TEXAS,Woodside Trails Therapeutic Camp,Woodside Trails Therapeutic Camp
TEXAS,Yellow Canyon Academy,Yellow Canyon Academy
TEXAS,Youth Center of the High Plains,Youth Center of the High Plains
VIRGINIA,Abundant Life Academy,Abundant Life Academy
UTAH,Academy at Canyon Creek,Academy at Canyon Creek
UTAH,Alliance Youth Services,Alliance Youth Services
UTAH,Alternative Youth Adventures of Utah,Alternative Youth Adventures of Utah
UTAH,Ascent Country Residential,Ascent Country Residential
UTAH,"Ascent, Inc. – Discovery Ranch for Girls","Ascent, Inc. – Discovery Ranch for Girls"
UTAH,Ascent Inc.,Ascent Inc.
UTAH,Aspen Achievement Academy,Aspen Achievement Academy
UTAH,Aspen Ranch,Aspen Ranch
UTAH,Aspiro Group Inc.,Aspiro Group Inc.
UTAH,Avalon Hills Eating Disorder Program,Avalon Hills Eating Disorder Program
UTAH,Bear River RTC,Bear River RTC
UTAH,Behavioral Health,Behavioral Health
UTAH,Blue Peak Academy for Young Women,Blue Peak Academy for Young Women
UTAH,Boulder Outdoor Survival School,Boulder Outdoor Survival School
UTAH,Bridges – Lotts’ Legacy Youth Program,Bridges – Lotts’ Legacy Youth Program
UTAH,Brightway Adolescent Hospital,Brightway Adolescent Hospital
UTAH,Bryce Canyon Academy,Bryce Canyon Academy
UTAH,Cache Valley Youth Center,Cache Valley Youth Center
UTAH,Canyon River Ranch,Canyon River Ranch
UTAH,Canyonlands Youth Center,Canyonlands Youth Center
UTAH,Cascade Academy,Cascade Academy
UTAH,Castle Country Youth Center,Castle Country Youth Center
UTAH,Catalyst Residential Treatment Center – Grey House,Catalyst Residential Treatment Center – Grey House
UTAH,Catalyst Residential Treatment Center – Red,Catalyst Residential Treatment Center – Red
UTAH,Cedar Breaks Academy,Cedar Breaks Academy
UTAH,Cedar Ridge Academy,Cedar Ridge Academy
UTAH,Cedar Valley Ranch,Cedar Valley Ranch
UTAH,Center for Change Residential Eating Disorder Treatment Center,Center for Change Residential Eating Disorder Treatment Center
UTAH,Central Utah Youth Center,Central Utah Youth Center
UTAH,CERTS – Kolob Canyon Residential Treatment Center,CERTS – Kolob Canyon Residential Treatment Center
UTAH,CERTS – Moonridge Academy,CERTS – Moonridge Academy
UTAH,Challenger Foundation,Challenger Foundation
UTAH,Cinnamon Hills Youth Crisis Center,Cinnamon Hills Youth Crisis Center
UTAH,Compass Academy 1,Compass Academy 1
UTAH,Copper Hills Youth Center,Copper Hills Youth Center
UTAH,Cottonwood Treatment Center,Cottonwood Treatment Center
UTAH,Decker Lake Youth Center,Decker Lake Youth Center
UTAH,Davis Behavioral Health – AMRC,Davis Behavioral Health – AMRC
UTAH,Diamond Ranch Academy,Diamond Ranch Academy
UTAH,Discover Seven Stars,Discover Seven Stars
UTAH,Discovery Academy,Discovery Academy
UTAH,Discovery Connections,Discovery Connections
UTAH,Discovery Ranch,Discovery Ranch
UTAH,Discovery Ranch South,Discovery Ranch South
UTAH,Distant Drums Beginnings,Distant Drums Beginnings
UTAH,Eagle Quest Outdoor Youth Program,Eagle Quest Outdoor Youth Program
UTAH,Eagle Ranch Academy,Eagle Ranch Academy
UTAH,Eagle Valley Youth Ranch,Eagle Valley Youth Ranch
UTAH,Elements Wilderness Program,Elements Wilderness Program
UTAH,Elevations RTC,Elevations RTC
UTAH,Equine Journeys LLC,Equine Journeys LLC
UTAH,Extended Family Services,Extended Family Services
UTAH,Eva Carlston Academy – Covecrest House,Eva Carlston Academy – Covecrest House
UTAH,Eva Carlston Academy – Draper House,Eva Carlston Academy – Draper House
UTAH,Eva Carlston Academy – Main House,Eva Carlston Academy – Main House
UTAH,Evoke Entrada,Evoke Entrada
UTAH,Falcon Ridge Ranch,Falcon Ridge Ranch
UTAH,Family Connection Center Inc – Open Doors Social Services,Family Connection Center Inc – Open Doors Social Services
UTAH,Family Support Center of Ogden,Family Support Center of Ogden
UTAH,Farmington Bay Youth Center,Farmington Bay Youth Center
UTAH,"Gateway Academy, LLC. – Gateway House","Gateway Academy, LLC. – Gateway House"
UTAH,"Gateway Academy, LLC – Draper","Gateway Academy, LLC – Draper"
UTAH,Haven Home for Girls,Haven Home for Girls
UTAH,Havenwood Academy,Havenwood Academy
UTAH,Havenwood North,Havenwood North
UTAH,Havenwood Ranch,Havenwood Ranch
UTAH,"Heritage Schools, Inc.","Heritage Schools, Inc."
UTAH,High Peaks Wilderness Program,High Peaks Wilderness Program
UTAH,High Top Ranch School,High Top Ranch School
UTAH,Highland Ridge Hospital,Highland Ridge Hospital
UTAH,Horseshoe Mountain Academy,Horseshoe Mountain Academy
UTAH,Huntsman Mental Health Institute at University of Utah,Huntsman Mental Health Institute at University of Utah
UTAH,Imperial Healing Estate Residential,Imperial Healing Estate Residential
UTAH,InnerChange,InnerChange
UTAH,Iron County Youth Center,Iron County Youth Center
UTAH,Kaizen Academy,Kaizen Academy
UTAH,Key Point Academy,Key Point Academy
UTAH,KIDS of Greater Salt Lake,KIDS of Greater Salt Lake
UTAH,Kiva Adventure Ranch,Kiva Adventure Ranch
UTAH,La Europa Academy,La Europa Academy
UTAH,Lakeview RTC,Lakeview RTC
UTAH,Lava Heights Academy,Lava Heights Academy
UTAH,Legacy Outdoor Adventures,Legacy Outdoor Adventures
UTAH,Liahona Academy for Youth – Liahona Treatment Center,Liahona Academy for Youth – Liahona Treatment Center
UTAH,Liahona Academy for Youth LLC – Liahona Treatment Center,Liahona Academy for Youth LLC – Liahona Treatment Center
UTAH,LifeLine Behavioral Health,LifeLine Behavioral Health
UTAH,Lifeline for Youth,Lifeline for Youth
UTAH,Life Quest Girls Academy,Life Quest Girls Academy
UTAH,Linden House,Linden House
UTAH,"Live for Life Aspen, LLC","Live for Life Aspen, LLC"
UTAH,"Live for Life Cypress, LLC","Live for Life Cypress, LLC"
UTAH,"Live for Life Sequoia, LLC","Live for Life Sequoia, LLC"
UTAH,Live Strong House,Live Strong House
UTAH,Logan River Academy,Logan River Academy
UTAH,Magellan Academy,Magellan Academy
UTAH,Makana Leadership Academy,Makana Leadership Academy
UTAH,"Maple Lake Academy, LLC – Boys’ Home","Maple Lake Academy, LLC – Boys’ Home"
UTAH,"Maple Lake Academy, LLC – Girls’ Home","Maple Lake Academy, LLC – Girls’ Home"
UTAH,"Maple Rise Properties, LLC – Logan River","Maple Rise Properties, LLC – Logan River"
UTAH,Maximum Life Skills Academy,Maximum Life Skills Academy
UTAH,Meridian Mentoring – Boys Home,Meridian Mentoring – Boys Home
UTAH,Mill Creek Youth Center,Mill Creek Youth Center
UTAH,Monuments Academy LLC,Monuments Academy LLC
UTAH,Mount Pleasant Academy,Mount Pleasant Academy
UTAH,Mountain Springs Preparatory Academy,Mountain Springs Preparatory Academy
UTAH,Navajo Pines,Navajo Pines
UTAH,New Beginnings Behavioral Treatment Agency,New Beginnings Behavioral Treatment Agency
UTAH,New Beginnings Behavioral Health,New Beginnings Behavioral Health
UTAH,New Focus Academy,New Focus Academy
UTAH,New Haven,New Haven
UTAH,New Haven – Saratoga Springs Academy,New Haven – Saratoga Springs Academy
UTAH,Newport Academy,Newport Academy
UTAH,"North Star Center, LLC – North Star Treatment Center","North Star Center, LLC – North Star Treatment Center"
UTAH,Northstar Expeditions,Northstar Expeditions
UTAH,Novo Ranch,Novo Ranch
UTAH,Oakley School,Oakley School
UTAH,Oasis Academy,Oasis Academy
UTAH,Oasis Ascent,Oasis Ascent
UTAH,Odyssey House of Utah,Odyssey House of Utah
UTAH,Old West Academy,Old West Academy
UTAH,Olympus Academy,Olympus Academy
UTAH,Olympus View Hospital RTC,Olympus View Hospital RTC
UTAH,"Outback Therapeutic Journeys, LLC","Outback Therapeutic Journeys, LLC"
UTAH,"Oxbow Academy, LLC – Oxbow Academy East","Oxbow Academy, LLC – Oxbow Academy East"
UTAH,"Oxbow Academy, LLC – Oxbow Academy West","Oxbow Academy, LLC – Oxbow Academy West"
UTAH,Oxbow Academy – Oxbow Evaluation Center,Oxbow Academy – Oxbow Evaluation Center
UTAH,Painted Hills Academy,Painted Hills Academy
UTAH,Parents Helping Parents,Parents Helping Parents
UTAH,Passages to Recovery,Passages to Recovery
UTAH,Pine Creek Ranch,Pine Creek Ranch
UTAH,Pine Ridge Academy,Pine Ridge Academy
UTAH,Pine Ridge Behavioral Treatment,Pine Ridge Behavioral Treatment
UTAH,Proctor Advocate,Proctor Advocate
UTAH,Provo Canyon Boy’s Transition,Provo Canyon Boy’s Transition
UTAH,Provo Canyon Residential Services of Utah II,Provo Canyon Residential Services of Utah II
UTAH,Provo Canyon School,Provo Canyon School
UTAH,RedCliff Ascent Wilderness Program,RedCliff Ascent Wilderness Program
UTAH,"Red Circle Lodge, Inc","Red Circle Lodge, Inc"
UTAH,Red Fern Ranch,Red Fern Ranch
UTAH,Red Rock Canyon School,Red Rock Canyon School
UTAH,"Renewed Hope Ranch, LLC","Renewed Hope Ranch, LLC"
UTAH,ROOTS Transition,ROOTS Transition
UTAH,Salt Lake Valley Youth Center,Salt Lake Valley Youth Center
UTAH,Second Chances in Southern Utah,Second Chances in Southern Utah
UTAH,Second Nature Therapeutic Program,Second Nature Therapeutic Program
UTAH,Seneca Wilderness Therapy,Seneca Wilderness Therapy
UTAH,Sequoia Wilderness Institute,Sequoia Wilderness Institute
UTAH,Silverado Academy,Silverado Academy
UTAH,Skyline Journey,Skyline Journey
UTAH,Slate Canyon Youth Center,Slate Canyon Youth Center
UTAH,"Solacium Sunrise, LLC – Sunrise RTC","Solacium Sunrise, LLC – Sunrise RTC"
UTAH,"Solacium Sunrise, LLC – Sunrise RTC – The Fields","Solacium Sunrise, LLC – Sunrise RTC – The Fields"
UTAH,Solstice West,Solstice West
UTAH,Sorenson’s Ranch School,Sorenson’s Ranch School
UTAH,Southwest Utah Youth Center,Southwest Utah Youth Center
UTAH,Spirit Lake Ranch,Spirit Lake Ranch
UTAH,Split Mountain Youth Center,Split Mountain Youth Center
UTAH,Star Guides Wilderness Therapy,Star Guides Wilderness Therapy
UTAH,Straight Path Youth,Straight Path Youth
UTAH,Stillwater Academy – Brown House,Stillwater Academy – Brown House
UTAH,Stillwater Academy – Taylor House,Stillwater Academy – Taylor House
UTAH,Summit Quest,Summit Quest
UTAH,"Sundance Canyon Academy, Inc – Sundance Canyon Treatment","Sundance Canyon Academy, Inc – Sundance Canyon Treatment"
UTAH,SunHawk Academy,SunHawk Academy
UTAH,Synergy Youth Treatment,Synergy Youth Treatment
UTAH,Teen Challenge of the Rocky Mountains – 180 Ministries for Girls,Teen Challenge of the Rocky Mountains – 180 Ministries for Girls
UTAH,Teen Discovery Home,Teen Discovery Home
UTAH,Telos Academy,Telos Academy
UTAH,The Country Place of Utah,The Country Place of Utah
UTAH,The Journey: Homestead,The Journey: Homestead
UTAH,The Journey: New Vision Ranch,The Journey: New Vision Ranch
UTAH,"Three Points Center, LLC","Three Points Center, LLC"
UTAH,ThreePeaks Ascent RTC,ThreePeaks Ascent RTC
UTAH,Timpanogos Shadows,Timpanogos Shadows
UTAH,Timpview,Timpview
UTAH,Top Flight Academy,Top Flight Academy
UTAH,Triumph Youth Services/Triumph Academy – Alpine,Triumph Youth Services/Triumph Academy – Alpine
UTAH,True North Academy,True North Academy
UTAH,Turn About Ranch – Barn,Turn About Ranch – Barn
UTAH,Turn-About Ranch,Turn-About Ranch
UTAH,Turn About Ranch – Lodge,Turn About Ranch – Lodge
UTAH,"Turning Point Family Care, Inc. – Turning Point Family Care, Inc. Residential Treatment","Turning Point Family Care, Inc. – Turning Point Family Care, Inc. Residential Treatment"
UTAH,Turning Point in Granita Park,Turning Point in Granita Park
UTAH,UHS of Provo Canyon Springville Campus,UHS of Provo Canyon Springville Campus
UTAH,UHS of Provo Canyon – Provo Canyon Residential Services of Utah II,UHS of Provo Canyon – Provo Canyon Residential Services of Utah II
UTAH,"Uinta Academy RTC, LLC – Uinta Academy, RTC Achievement","Uinta Academy RTC, LLC – Uinta Academy, RTC Achievement"
UTAH,"Uinta Academy RTC, LLC – Uinta Academy RTC East","Uinta Academy RTC, LLC – Uinta Academy RTC East"
UTAH,"Uinta Academy RTC, LLC – Uinta Academy RTC West","Uinta Academy RTC, LLC – Uinta Academy RTC West"
UTAH,University of Utah Neuropsychiatric Institute – Youth Residential Treatment,University of Utah Neuropsychiatric Institute – Youth Residential Treatment
UTAH,Utah Youth Village,Utah Youth Village
UTAH,Vantage Point,Vantage Point
UTAH,Viewpoint Center,Viewpoint Center
UTAH,Vila Nova – Boys,Vila Nova – Boys
UTAH,Vila Real – Girls,Vila Real – Girls
UTAH,Vista at Dimple Dell Canyon,Vista at Dimple Dell Canyon
UTAH,Vista Magna,Vista Magna
UTAH,Vision Quest Academy,Vision Quest Academy
UTAH,Vive Adolescent Care,Vive Adolescent Care
UTAH,Voyage RTC,Voyage RTC
UTAH,Walkabout Therapeutic Expeditions,Walkabout Therapeutic Expeditions
UTAH,Washington County Youth Center,Washington County Youth Center
UTAH,Waterfall Canyon Academy – Oakgrove – Girls Program,Waterfall Canyon Academy – Oakgrove – Girls Program
UTAH,Waterfall Canyon Academy – Oakgrove – North Campus,Waterfall Canyon Academy – Oakgrove – North Campus
UTAH,Waterfall Canyon Academy – Oakgrove – South Campus,Waterfall Canyon Academy – Oakgrove – South Campus
UTAH,WayPoint Academy,WayPoint Academy
UTAH,Weber Valley Youth Center,Weber Valley Youth Center
UTAH,West Ridge Academy,West Ridge Academy
UTAH,Western Youth,Western Youth
UTAH,White River Academy,White River Academy
UTAH,Whitmore Academy,Whitmore Academy
UTAH,Who Am I Discovery,Who Am I Discovery
UTAH,Wilderness Quest,Wilderness Quest
UTAH,Wildflower Mountain Ranch,Wildflower Mountain Ranch
UTAH,Willard Peak Residential Treatment Center,Willard Peak Residential Treatment Center
UTAH,Willow Creek School,Willow Creek School
UTAH,Wingate Wilderness Therapy,Wingate Wilderness Therapy
UTAH,Yes Families,Yes Families
UTAH,Young Women’s Empowerment Center House #1,Young Women’s Empowerment Center House #1
UTAH,Youth Care of Utah,Youth Care of Utah
UTAH,Youth Care of Utah – Brighton House,Youth Care of Utah – Brighton House
UTAH,Youth Foundation Success Academy,Youth Foundation Success Academy
UTAH,Youth Health Associates – Eagle Academy,Youth Health Associates – Eagle Academy
UTAH,Youth Health Associates Inc – Cedar Valley Ranch,Youth Health Associates Inc – Cedar Valley Ranch
UTAH,Youth Health Associates Inc – Manti Academy,Youth Health Associates Inc – Manti Academy
UTAH,Youth Health Associates – Lakeside Academy,Youth Health Associates – Lakeside Academy
UTAH,Youth Health Associates – Lakeview RTC,Youth Health Associates – Lakeview RTC
VERMONT,Bennington School,Bennington School
VERMONT,Bromley Brook School,Bromley Brook School
VERMONT,Brookhaven Treatment and Learning Center,Brookhaven Treatment and Learning Center
VERMONT,Fields of Harvest School,Fields of Harvest School
VERMONT,Howard Center,Howard Center
VERMONT,King George School,King George School
VERMONT,Kurn Hattin Homes for Children,Kurn Hattin Homes for Children
VERMONT,SEALL INC.,SEALL INC.
VERMONT,The Lund Family Center,The Lund Family Center
VERMONT,True North Wilderness Programs,True North Wilderness Programs
VERMONT,VPI South Vermont & New England School for Girls,VPI South Vermont & New England School for Girls
VERMONT,Woodside Juvenile Rehabilitation Center,Woodside Juvenile Rehabilitation Center
VIRGINIA,Adventure Alternatives,Adventure Alternatives
VIRGINIA,Alpha House I,Alpha House I
VIRGINIA,Alpha House II,Alpha House II
VIRGINIA,Anchor House Group Home,Anchor House Group Home
VIRGINIA,Argus House Group Home,Argus House Group Home
VIRGINIA,Aurora House Group Home,Aurora House Group Home
VIRGINIA,Blackwater Outdoor Experiences,Blackwater Outdoor Experiences
VIRGINIA,Blue Ridge Juvenile Detention Center,Blue Ridge Juvenile Detention Center
VIRGINIA,Blue Ridge School,Blue Ridge School
VIRGINIA,Bridges Treatment Center,Bridges Treatment Center
VIRGINIA,Cabrini Children’s Center: Commonwealth Catholic Charities,Cabrini Children’s Center: Commonwealth Catholic Charities
VIRGINIA,Carlbrook School,Carlbrook School
VIRGINIA,Chaplin Youth Center Group Home,Chaplin Youth Center Group Home
VIRGINIA,Chelsea Home - Youth for Tomorrow,Chelsea Home - Youth for Tomorrow
VIRGINIA,Chesterfield Juvenile Detention Center,Chesterfield Juvenile Detention Center
VIRGINIA,Child & Family Healing Center at UMFS,Child & Family Healing Center at UMFS
VIRGINIA,Courage House - Youth for Tomorrow,Courage House - Youth for Tomorrow
VIRGINIA,Crater Juvenile Detention Center,Crater Juvenile Detention Center
VIRGINIA,Cumberland Hospital for Children and Adolescents,Cumberland Hospital for Children and Adolescents
VIRGINIA,Eastern Appalachian Teen Challenge,Eastern Appalachian Teen Challenge
VIRGINIA,"Elk Hill Farm, Inc.","Elk Hill Farm, Inc."
VIRGINIA,"Elk Hill Farm, Inc. - Amani House","Elk Hill Farm, Inc. - Amani House"
VIRGINIA,"Elk Hill Farm, Inc.- Duncan Cottage","Elk Hill Farm, Inc.- Duncan Cottage"
VIRGINIA,"Elk Hill Farm, Inc.- Massie Cottage","Elk Hill Farm, Inc.- Massie Cottage"
VIRGINIA,"Elk Hill Farm, Inc.- Spring Garden","Elk Hill Farm, Inc.- Spring Garden"
VIRGINIA,Fairfax Juvenile Court Shelter,Fairfax Juvenile Court Shelter
VIRGINIA,Fairfax Juvenile Detention Center,Fairfax Juvenile Detention Center
VIRGINIA,"Foundations for Hope, Inc.","Foundations for Hope, Inc."
VIRGINIA,Foundations Group Home,Foundations Group Home
VIRGINIA,Gatewood - Jordan House,Gatewood - Jordan House
VIRGINIA,Gladys Lee Girls Level C- B- Youth for Tomorrow,Gladys Lee Girls Level C- B- Youth for Tomorrow
VIRGINIA,Gladys Lee House - Youth for Tomorrow,Gladys Lee House - Youth for Tomorrow
VIRGINIA,Grafton - 190 Village Court Group Home,Grafton - 190 Village Court Group Home
VIRGINIA,Grafton - 920 Frederick Avenue Group Home,Grafton - 920 Frederick Avenue Group Home
VIRGINIA,Grafton - 930 Frederick Avenue Group Home,Grafton - 930 Frederick Avenue Group Home
VIRGINIA,Grafton - 940 Frederick Avenue Group Home,Grafton - 940 Frederick Avenue Group Home
VIRGINIA,Grafton - 950 Frederick Avenue Group Home,Grafton - 950 Frederick Avenue Group Home
VIRGINIA,Grafton - Bantry Drive Group Home,Grafton - Bantry Drive Group Home
VIRGINIA,Grafton - Barkbridge Road Group Home,Grafton - Barkbridge Road Group Home
VIRGINIA,Grafton - Berryville RTC,Grafton - Berryville RTC
VIRGINIA,Grafton - Carter Place Group Home,Grafton - Carter Place Group Home
VIRGINIA,Grafton - Heidi Terrace Group Home,Grafton - Heidi Terrace Group Home
VIRGINIA,Grafton - Hilltop Group Home,Grafton - Hilltop Group Home
VIRGINIA,Grafton - Kappa Group Home,Grafton - Kappa Group Home
VIRGINIA,Grafton - Martinsburg Pike Group Home,Grafton - Martinsburg Pike Group Home
VIRGINIA,Grafton - Ruth Birch Campus,Grafton - Ruth Birch Campus
VIRGINIA,Grafton - Sleepy Hill Group Home,Grafton - Sleepy Hill Group Home
VIRGINIA,Grafton - Lauren Lane Group Home,Grafton - Lauren Lane Group Home
VIRGINIA,Graydon Manor,Graydon Manor
VIRGINIA,"Hallmark Youthcare - Richmond, Inc.","Hallmark Youthcare - Richmond, Inc."
VIRGINIA,Harbor Point Behavioral Health Center,Harbor Point Behavioral Health Center
VIRGINIA,Harvest Free Will Baptist Child Care Ministries Inc.,Harvest Free Will Baptist Child Care Ministries Inc.
VIRGINIA,Henrico Juvenile Detention Center,Henrico Juvenile Detention Center
VIRGINIA,Henry and William Evans Home,Henry and William Evans Home
VIRGINIA,Highlands Juvenile Detention Center,Highlands Juvenile Detention Center
VIRGINIA,HopeTree Family Services,HopeTree Family Services
VIRGINIA,Intercept Health- Autumn House,Intercept Health- Autumn House
VIRGINIA,Intercept Health - Carriage House,Intercept Health - Carriage House
VIRGINIA,Intercept Health- Fountain House,Intercept Health- Fountain House
VIRGINIA,Intercept Health- Gateway,Intercept Health- Gateway
VIRGINIA,Intercept Health- Independence House,Intercept Health- Independence House
VIRGINIA,Intercept Health- Providence House,Intercept Health- Providence House
VIRGINIA,Intercept Health- Shenandoah House,Intercept Health- Shenandoah House
VIRGINIA,Intercept Health- Shire House,Intercept Health- Shire House
VIRGINIA,Intercept Health- Spring House,Intercept Health- Spring House
VIRGINIA,Intercept Health- Vision House,Intercept Health- Vision House
VIRGINIA,Jackson-Feild Homes,Jackson-Feild Homes
VIRGINIA,James River Juvenile Detention Center,James River Juvenile Detention Center
VIRGINIA,"Joy Ranch, Inc.","Joy Ranch, Inc."
VIRGINIA,Kempsville Center for Behavioral Health Adolescent Residential Treatment Program,Kempsville Center for Behavioral Health Adolescent Residential Treatment Program
VIRGINIA,Keswick School,Keswick School
VIRGINIA,Keystone Marion Youth Center,Keystone Marion Youth Center
VIRGINIA,Liberty Godparent Home,Liberty Godparent Home
VIRGINIA,Liberty Point Behavioral Healthcare Secure Residential Treatment,Liberty Point Behavioral Healthcare Secure Residential Treatment
VIRGINIA,Linton Hall Military School,Linton Hall Military School
VIRGINIA,Loudoun Co. RISE Youth Shelter Care Program,Loudoun Co. RISE Youth Shelter Care Program
VIRGINIA,Loudon County Youth Group Home,Loudon County Youth Group Home
VIRGINIA,Loudoun Juvenile Detention Center,Loudoun Juvenile Detention Center
VIRGINIA,Lynchburg Regional Juvenile Detention Center,Lynchburg Regional Juvenile Detention Center
VIRGINIA,Lynchburg Youth Group Home,Lynchburg Youth Group Home
VIRGINIA,Maple Hall Academy,Maple Hall Academy
VIRGINIA,Massanutten Military Academy,Massanutten Military Academy
VIRGINIA,Merrimac Juvenile Detention Center,Merrimac Juvenile Detention Center
VIRGINIA,Mission Prep Teen Treatment,Mission Prep Teen Treatment
VIRGINIA,Molinari Juvenile Shelter,Molinari Juvenile Shelter
VIRGINIA,Mountain Mission School,Mountain Mission School
VIRGINIA,New Dominion School of Virginia,New Dominion School of Virginia
VIRGINIA,New River Valley Juvenile Detention Facility,New River Valley Juvenile Detention Facility
VIRGINIA,Newport Academy - Gratitude,Newport Academy - Gratitude
VIRGINIA,Newport Academy - Kurtz,Newport Academy - Kurtz
VIRGINIA,Newport News Behavioral Health Center RTF,Newport News Behavioral Health Center RTF
VIRGINIA,Norfolk Juvenile Detention Center,Norfolk Juvenile Detention Center
VIRGINIA,North Spring Behavioral Healthcare Inc,North Spring Behavioral Healthcare Inc
VIRGINIA,Northern Virginia Juvenile Detention Center,Northern Virginia Juvenile Detention Center
VIRGINIA,Northwestern Regional Juvenile Detention Home,Northwestern Regional Juvenile Detention Home
VIRGINIA,Piedmont Juvenile Detention Center,Piedmont Juvenile Detention Center
VIRGINIA,Pines RTC: Brighton Campus,Pines RTC: Brighton Campus
VIRGINIA,Pines Residential RTC: Crawford Center,Pines Residential RTC: Crawford Center
VIRGINIA,Poplar Springs Hospital RTC,Poplar Springs Hospital RTC
VIRGINIA,Presbyterian Children’s Home of the Highland,Presbyterian Children’s Home of the Highland
VIRGINIA,Prince William Juvenile Detention Center,Prince William Juvenile Detention Center
VIRGINIA,Randolph-Macon Academy,Randolph-Macon Academy
VIRGINIA,Rappahannock Juvenile Detention Center,Rappahannock Juvenile Detention Center
VIRGINIA,Remuda East,Remuda East
VIRGINIA,Richmond Juvenile Detention Center,Richmond Juvenile Detention Center
VIRGINIA,Roanoke Valley Juvenile Detention Center,Roanoke Valley Juvenile Detention Center
VIRGINIA,Seton House Youth SHelter,Seton House Youth SHelter
VIRGINIA,Shenandoah Valley Juvenile Detention Home,Shenandoah Valley Juvenile Detention Home
VIRGINIA,STARS Program- Gemini House,STARS Program- Gemini House
VIRGINIA,STARS Program- Orion House,STARS Program- Orion House
VIRGINIA,STARS Program- Phoenix House,STARS Program- Phoenix House
VIRGINIA,Straight - Greater Washington,Straight - Greater Washington
VIRGINIA,Straight - Hampton Roads,Straight - Hampton Roads
VIRGINIA,Stepping Stones Group Home,Stepping Stones Group Home
VIRGINIA,The Barry Robinson Center,The Barry Robinson Center
VIRGINIA,The Discovery Schools of Virginia,The Discovery Schools of Virginia
VIRGINIA,The Hughes Center,The Hughes Center
VIRGINIA,Timber Ridge School,Timber Ridge School
VIRGINIA,Turning Point Home for Boys,Turning Point Home for Boys
VIRGINIA,Virginia Beach Juvenile Detention Center,Virginia Beach Juvenile Detention Center
VIRGINIA,Virginia Home for Boys and Girls,Virginia Home for Boys and Girls
VIRGINIA,"W.W. Moore, Jr. Detention Home","W.W. Moore, Jr. Detention Home"
VIRGINIA,Wellspring Academy,Wellspring Academy
VIRGINIA,Westhaven Boys’ Group Home,Westhaven Boys’ Group Home
VIRGINIA,Wilderness Leadership Academy,Wilderness Leadership Academy
WASHINGTON,Alpine Boys Ranch,Alpine Boys Ranch
WASHINGTON,Anderson Creek School,Anderson Creek School
WASHINGTON,Benton & Franklin Juvenile Center,Benton & Franklin Juvenile Center
WASHINGTON,Canyon View Community Facility,Canyon View Community Facility
WASHINGTON,Center for Discovery – Bellevue,Center for Discovery – Bellevue
WASHINGTON,Center for Discovery – Edmonds,Center for Discovery – Edmonds
WASHINGTON,Chelan County Juvenile Center,Chelan County Juvenile Center
WASHINGTON,Child Study and Treatment Center,Child Study and Treatment Center
WASHINGTON,Circle S Recovery Ranch,Circle S Recovery Ranch
WASHINGTON,Clallam County Juvenile Detention,Clallam County Juvenile Detention
WASHINGTON,Clark County Juvenile Justice,Clark County Juvenile Justice
WASHINGTON,Coffee Creek Center,Coffee Creek Center
WASHINGTON,Cowlitz Youth Services Center,Cowlitz Youth Services Center
WASHINGTON,Denney Juvenile Justice Center,Denney Juvenile Justice Center
WASHINGTON,Echo Glen Children’s Center,Echo Glen Children’s Center
WASHINGTON,Excelsior Youth Center,Excelsior Youth Center
WASHINGTON,Flying H Youth Ranch,Flying H Youth Ranch
WASHINGTON,Gray Harbor County Juvenile Services,Gray Harbor County Juvenile Services
WASHINGTON,Green Hill School,Green Hill School
WASHINGTON,Kitsap County Juvenile Detention,Kitsap County Juvenile Detention
WASHINGTON,Martin Hall Juvenile Facility,Martin Hall Juvenile Facility
WASHINGTON,Mason County Juvenile Detention,Mason County Juvenile Detention
WASHINGTON,Master’s Ranch West,Master’s Ranch West
WASHINGTON,Morning Star Boys Ranch,Morning Star Boys Ranch
WASHINGTON,Newport Academy – Port Townsend,Newport Academy – Port Townsend
WASHINGTON,Newport Academy – Seattle,Newport Academy – Seattle
WASHINGTON,Oakridge Community Facility,Oakridge Community Facility
WASHINGTON,Okanogan County Juvenile Detention,Okanogan County Juvenile Detention
WASHINGTON,Olympia Kiwanis Boys Ranch,Olympia Kiwanis Boys Ranch
WASHINGTON,Parke Creek Community Facility,Parke Creek Community Facility
WASHINGTON,Pearl Youth Residence,Pearl Youth Residence
WASHINGTON,Remann Hall Pierce County Juvenile Detention Center,Remann Hall Pierce County Juvenile Detention Center
WASHINGTON,ReSTART Leadership Academy,ReSTART Leadership Academy
WASHINGTON,Ridgeview Community Facility,Ridgeview Community Facility
WASHINGTON,Rites of Passage Wilderness Therapy NW,Rites of Passage Wilderness Therapy NW
WASHINGTON,Ryther Child Center,Ryther Child Center
WASHINGTON,Sea Mar CHC - Renacer Youth Treatment Center,Sea Mar CHC - Renacer Youth Treatment Center
WASHINGTON,Seattle Children’s Home,Seattle Children’s Home
WASHINGTON,Secret Harbor School,Secret Harbor School
WASHINGTON,Shamrock Educational Academy,Shamrock Educational Academy
WASHINGTON,Shelton Juvenile Detention Center,Shelton Juvenile Detention Center
WASHINGTON,Skagit County Juvenile Detention,Skagit County Juvenile Detention
WASHINGTON,Skyland Ranch,Skyland Ranch
WASHINGTON,Smokey Point Behavioral Hospital,Smokey Point Behavioral Hospital
WASHINGTON,Spokane County Juvenile Court Services,Spokane County Juvenile Court Services
WASHINGTON,Straight Arrow Apex,Straight Arrow Apex
WASHINGTON,Sundown M Ranch,Sundown M Ranch
WASHINGTON,Sunrise Community Facility,Sunrise Community Facility
WASHINGTON,Tamarac Center,Tamarac Center
WASHINGTON,The Martin Center,The Martin Center
WASHINGTON,Thurston County Juvenile Detention,Thurston County Juvenile Detention
WASHINGTON,Touchstone Community Facility,Touchstone Community Facility
WASHINGTON,Two Rivers Landing,Two Rivers Landing
WASHINGTON,Tyler Ranch,Tyler Ranch
WASHINGTON,Walla Walla/Columbia County Juvenile Detention,Walla Walla/Columbia County Juvenile Detention
WASHINGTON,Whatcom County Juvenile Detention,Whatcom County Juvenile Detention
WASHINGTON,Woodinville Community Facility,Woodinville Community Facility
WASHINGTON,Yakima County Juvenile Detention,Yakima County Juvenile Detention
WEST VIRGINIA,Alldredge Wilderness Journey,Alldredge Wilderness Journey
WEST VIRGINIA,BUMFS Beckley Campus,BUMFS Beckley Campus
WEST VIRGINIA,BUMFS Daniels Co-existing Disorders Home,BUMFS Daniels Co-existing Disorders Home
WEST VIRGINIA,BUMFS Rees-Headlee Program,BUMFS Rees-Headlee Program
WEST VIRGINIA,BUMFS Kitzmiller Program,BUMFS Kitzmiller Program
WEST VIRGINIA,BUMFS Mill Meadow,BUMFS Mill Meadow
WEST VIRGINIA,BUMFS Keyser Group Home,BUMFS Keyser Group Home
WEST VIRGINIA,BUMFS Brenda’s House,BUMFS Brenda’s House
WEST VIRGINIA,Children’s Home of Wheeling,Children’s Home of Wheeling
WEST VIRGINIA,Crittenton Services Residential Services,Crittenton Services Residential Services
WEST VIRGINIA,Davis-Stuart Alicia McCormick House,Davis-Stuart Alicia McCormick House
WEST VIRGINIA,Davis-Stuart Princeton Group Home,Davis-Stuart Princeton Group Home
WEST VIRGINIA,Davis-Stuart Lewisburg Campus,Davis-Stuart Lewisburg Campus
WEST VIRGINIA,Elkins Mountain School - Oak Ridge Program,Elkins Mountain School - Oak Ridge Program
WEST VIRGINIA,Greenbrier Academy for Girls,Greenbrier Academy for Girls
WEST VIRGINIA,Highland Hospital PRTF,Highland Hospital PRTF
WEST VIRGINIA,Home Base,Home Base
WEST VIRGINIA,Joshua Scott Boarding School,Joshua Scott Boarding School
WEST VIRGINIA,New River Ranch,New River Ranch
WEST VIRGINIA,Potomac Center,Potomac Center
WEST VIRGINIA,Potomac Center - Birch Lane Group Home,Potomac Center - Birch Lane Group Home
WEST VIRGINIA,Potomac Center - Washington Street Group Home,Potomac Center - Washington Street Group Home
WEST VIRGINIA,Pressley Ridge at Grant Gardens Residential Treatment Program,Pressley Ridge at Grant Gardens Residential Treatment Program
WEST VIRGINIA,ResCare Terra Alta Children’s Home,ResCare Terra Alta Children’s Home
WEST VIRGINIA,ResCare Woodward I,ResCare Woodward I
WEST VIRGINIA,River Park Hospital - The Barboursville School,River Park Hospital - The Barboursville School
WEST VIRGINIA,River Park Hospital - The Bridge Program,River Park Hospital - The Bridge Program
WEST VIRGINIA,River Park Hospital - The Roundtable Program,River Park Hospital - The Roundtable Program
WEST VIRGINIA,Ronald C. Mulholland Juvenile Center,Ronald C. Mulholland Juvenile Center
WEST VIRGINIA,St. John’s Home for Children,St. John’s Home for Children
WEST VIRGINIA,"Stepping Stone, Inc.","Stepping Stone, Inc."
WEST VIRGINIA,The Board of Child Care,The Board of Child Care
WEST VIRGINIA,WV Children’s Home,WV Children’s Home
WEST VIRGINIA,WVU Hospital Chestnut Ridge PRTF,WVU Hospital Chestnut Ridge PRTF
WEST VIRGINIA,Yore Academy,Yore Academy
WEST VIRGINIA,Youth Academy,Youth Academy
WEST VIRGINIA,Youth Achievement Center,Youth Achievement Center
WISCONSIN,Casey House,Casey House
WISCONSIN,Cheryl House,Cheryl House
WISCONSIN,Copper Lake Girls School/Lincoln Hills Boys School,Copper Lake Girls School/Lincoln Hills Boys School
WISCONSIN,Eau Claire Academy,Eau Claire Academy
WISCONSIN,Family Services,Family Services
WISCONSIN,Genesee Lake School,Genesee Lake School
WISCONSIN,Homme Youth & Family Programs,Homme Youth & Family Programs
WISCONSIN,Kossow,Kossow
WISCONSIN,Lad Lake,Lad Lake
WISCONSIN,Lad Lake St. Rose Center,Lad Lake St. Rose Center
WISCONSIN,New Vision Wilderness,New Vision Wilderness
WISCONSIN,Norris - River Bend Place,Norris - River Bend Place
WISCONSIN,Norris - River’s Edge Campus,Norris - River’s Edge Campus
WISCONSIN,Northwest Passage Prairieview RTP,Northwest Passage Prairieview RTP
WISCONSIN,Northwest Passage Riverside RTP,Northwest Passage Riverside RTP
WISCONSIN,Peniel Christian School,Peniel Christian School
WISCONSIN,Rawhide Boys Ranch/Starr Academy,Rawhide Boys Ranch/Starr Academy
WISCONSIN,Rights of Passage Living Center,Rights of Passage Living Center
WISCONSIN,Rogers Behavioral Health - Brown Deer,Rogers Behavioral Health - Brown Deer
WISCONSIN,Rogers Memorial Hospital - Adolescent Recovery Program,Rogers Memorial Hospital - Adolescent Recovery Program
WISCONSIN,Rogers Memorial Hospital - Turtle Pond Recovery,Rogers Memorial Hospital - Turtle Pond Recovery
WISCONSIN,Sawyer House,Sawyer House
WISCONSIN,St Charles Youth and Family Services,St Charles Youth and Family Services
WISCONSIN,The Grow Academy,The Grow Academy
WISCONSIN,Tomorrow's Children,Tomorrow's Children
WISCONSIN,WCS - Bakari Center,WCS - Bakari Center
WISCONSIN,Wellspring Wisconsin,Wellspring Wisconsin
WYOMING,Heart of America Teen Challenge,Heart of America Teen Challenge
WYOMING,NW BOCES,NW BOCES
WYOMING,Oasis Boys Ranch,Oasis Boys Ranch
WYOMING,Rocky Mountain Frontier,Rocky Mountain Frontier
