id,name,city,state,country,status,facility_page
9605,"Canyon State Academy","Queen Creek",AZ,"United States",Open,https://kidsoverprofits.org/facility/canyon-state-academy-az/
9606,"Daytona Juvenile Residential Facility","Daytona Beach",FL,"United States",Transferred,https://kidsoverprofits.org/facility/daytona-juvenile-residential-facility-fl/
9607,"Falcon Ridge Ranch",Virgin,UT,"United States",Open,https://kidsoverprofits.org/facility/falcon-ridge-ranch-ut/
9608,"Gulf Coast Trades Center","233 New Waverly",TX,"United States",Open,https://kidsoverprofits.org/facility/gulf-coast-trades-center-tx/
9609,"JoAnn Bridges Academy",Greenville,FL,"United States",Open,https://kidsoverprofits.org/facility/joann-bridges-academy-fl/
9610,"Lake Granbury Youth Services",Granbury,TX,"United States",Open,https://kidsoverprofits.org/facility/lake-granbury-youth-services-tx/
9611,"Lava Heights Academy",Toquerville,UT,"United States",Open,https://kidsoverprofits.org/facility/lava-heights-academy-ut/
9612,"Monarch Academy for Girls",Denison,TX,"United States",Open,https://kidsoverprofits.org/facility/monarch-academy-for-girls-tx/
9613,"Mt. Lassen Treatment Center","San Andreas",CA,"United States",Open,https://kidsoverprofits.org/facility/mt-lassen-treatment-center-ca/
9614,"Norris Academy",", Andersonville",TN,"United States",Open,https://kidsoverprofits.org/facility/norris-academy-tn/
9615,"Oak Grove Academy",Jasper,FL,"United States",Open,https://kidsoverprofits.org/facility/oak-grove-academy-fl/
9616,"Palm Beach Youth Academy","West Palm Beach",FL,"United States",Open,https://kidsoverprofits.org/facility/palm-beach-youth-academy-fl/
9617,"Pearl Haven",O’ahu,HI,"United States",Open,https://kidsoverprofits.org/facility/pearl-haven-hi/
9618,"Sierra Ridge Treatment Center",,,,Open,https://kidsoverprofits.org/facility/sierra-ridge-treatment-center/
9619,"Sierra Sage Treatment Center",Minden,NV,"United States",Open,https://kidsoverprofits.org/facility/sierra-sage-treatment-center-nv/
9620,"Silver State Academy",Yerington,NV,"United States",Closed,https://kidsoverprofits.org/facility/silver-state-academy-nv/
9621,"The Oaks",Brownwood,TX,"United States",Unknown,https://kidsoverprofits.org/facility/the-oaks-tx/
9623,"Walton Academy for Growth and Change","DeFuniak Springs",FL,"United States",Open,https://kidsoverprofits.org/facility/walton-academy-for-growth-and-change-fl/
9624,"Yosemite Treatment Center","San Andreas",CA,"United States",Open,https://kidsoverprofits.org/facility/yosemite-treatment-center-ca/
9625,"Straight – Atlanta",Marietta,GA,"United States",Closed,https://kidsoverprofits.org/facility/straight-atlanta-ga/
9627,"Straight – Dallas",Richardson,TX,"United States",Closed,https://kidsoverprofits.org/facility/straight-dallas-tx/
9628,"Straight – Orlando",Orlando,FL,"United States",Closed,https://kidsoverprofits.org/facility/straight-orlando-fl/
9630,"Straight – Sarasota",Sarasota,FL,"United States",Closed,https://kidsoverprofits.org/facility/straight-sarasota-fl/
9631,"Straight – Greater Washington",Springfield,VA,"United States",Closed,https://kidsoverprofits.org/facility/straight-greater-washington-va/
9632,"Straight – Tampa Bay","St. Petersburg",FL,"United States",Closed,https://kidsoverprofits.org/facility/straight-tampa-bay-fl/
9633,"Straight – New England",Stoughton,MA,"United States",Closed,https://kidsoverprofits.org/facility/straight-new-england-ma/
9634,"Straight – Columbia",Columbia,MD,"United States",Closed,https://kidsoverprofits.org/facility/straight-columbia-md/
9635,"Straight – Hampton Roads",Chesapeake,VA,"United States",Closed,https://kidsoverprofits.org/facility/straight-hampton-roads-va/
9640,"New Beginnings Residential School","Owens Cross Roads",AL,"United States",Closed,https://kidsoverprofits.org/facility/new-beginnings-residential-school-al/
9641,"New Directions Home for Boys",,,,Closed,https://kidsoverprofits.org/facility/new-directions-home-for-boys/
9642,"New Dominion School of Maryland","Old Town",MD,"United States",Closed,https://kidsoverprofits.org/facility/new-dominion-school-of-maryland-md/
9645,"Three Springs of Augusta",Augusta,GA,"United States",Closed,https://kidsoverprofits.org/facility/three-springs-of-augusta-ga/
9646,"Three Springs of Blue Ridge","Blue Ridge",GA,"United States",Closed,https://kidsoverprofits.org/facility/three-springs-of-blue-ridge-ga/
9648,"Three Springs of Duck River",Centerville,TN,"United States",Closed,https://kidsoverprofits.org/facility/three-springs-of-duck-river-tn/
9651,"Three Springs of Mountain Home","Mountain Home",ID,"United States",Closed,https://kidsoverprofits.org/facility/three-springs-of-mountain-home-id/
9661,"Wayne County Girls Program",Jesup,GA,"United States",Closed,https://kidsoverprofits.org/facility/wayne-county-girls-program-ga/
9664,"Glenhaven Academy",Marlborough,MA,"United States",Open,https://kidsoverprofits.org/facility/glenhaven-academy-ma/
9665,"Berkshire Meadows School",Housatonic,MA,"United States",Open,https://kidsoverprofits.org/facility/berkshire-meadows-school-ma/
9666,"Butler Center",Westborough,MA,"United States",Open,https://kidsoverprofits.org/facility/butler-center-ma/
9667,Centerpoint,Tewksbury,MA,"United States",Open,https://kidsoverprofits.org/facility/centerpoint-ma/
9668,"Cohannet Academy",Taunton,MA,"United States",Open,https://kidsoverprofits.org/facility/cohannet-academy-ma/
9669,"Chesterfield Group Home",Oakdale,CT,"United States",Open,https://kidsoverprofits.org/facility/chesterfield-group-home-ct/
9670,"River's Edge Group Home",Thompson,CT,"United States",Open,https://kidsoverprofits.org/facility/river-s-edge-group-home-ct/
9671,"GRIP Program",Lowell,MA,"United States",Open,https://kidsoverprofits.org/facility/grip-program-ma/
9672,"Journey Home",Attleboro,MA,"United States",Open,https://kidsoverprofits.org/facility/journey-home-ma/
9673,Lindencroft,,MA,"United States",Open,https://kidsoverprofits.org/facility/lindencroft-ma/
9674,"Little Heroes Group Home",,MA,"United States",Open,https://kidsoverprofits.org/facility/little-heroes-group-home-ma/
9675,"Littleton Academy",Littleton,MA,"United States",Open,https://kidsoverprofits.org/facility/littleton-academy-ma/
9676,"Meadowridge Academy",Swansea,MA,"United States",Open,https://kidsoverprofits.org/facility/meadowridge-academy-ma/
9677,"Merrimack Center",Tewksbury,MA,"United States",Open,https://kidsoverprofits.org/facility/merrimack-center-ma/
9678,"Pelham Academy",Lexington,MA,"United States",Open,https://kidsoverprofits.org/facility/pelham-academy-ma/
9679,"Rediscovery House",,MA,"United States",Open,https://kidsoverprofits.org/facility/rediscovery-house-ma/
9680,"Susan Wayne Center of Excellence",Thompson,CT,"United States",Open,https://kidsoverprofits.org/facility/susan-wayne-center-of-excellence-ct/
9681,"Swansea Wood School",Swansea,MA,"United States",Open,https://kidsoverprofits.org/facility/swansea-wood-school-ma/
9682,"Walden Street School",Concord,MA,"United States",Open,https://kidsoverprofits.org/facility/walden-street-school-ma/
9683,"Ascent Wilderness Therapy",Naples,ID,"United States",Closed,https://kidsoverprofits.org/facility/ascent-wilderness-therapy-id/
9684,Innercept,"Coeur d’Alene",ID,"United States",Open,https://kidsoverprofits.org/facility/innercept-id/
9685,"BlueFire Wilderness Therapy",Gooding,ID,"United States",Open,https://kidsoverprofits.org/facility/bluefire-wilderness-therapy-id/
9686,"Mountain Home Academy","Mountain Home",ID,"United States",Closed,https://kidsoverprofits.org/facility/mountain-home-academy-id/
9687,"Boise Girls Academy",Nampa,ID,"United States",Open,https://kidsoverprofits.org/facility/boise-girls-academy-id/
9689,"Boulder Creek Academy","Bonners Ferry",ID,"United States",Closed,https://kidsoverprofits.org/facility/boulder-creek-academy-id/
9690,"Intermountain Hospital",Boise,ID,"United States",Open,https://kidsoverprofits.org/facility/intermountain-hospital-id/
9691,"Northwest Academy","Bonners Ferry",ID,"United States",Closed,https://kidsoverprofits.org/facility/northwest-academy-id/
9692,"3B Detention","Idaho Falls",ID,"United States",Open,
9693,"Ada County Juvenile Detention",Boise,ID,"United States",Open,
9694,"Bannock County Juvenile Detention",Pocatello,ID,"United States",Open,
9695,"Bonner County Juvenile Detention",Sandpoint,ID,"United States",Open,
9697,"Christian Children’s Ranch",Eagle,ID,"United States",Closed,
9698,"Clearview Horizon",Sandpoint,ID,"United States",Open,https://kidsoverprofits.org/facility/clearview-horizon-id/
9699,"Cornerstone Cottage","Post Falls",ID,"United States",Closed,
9700,"Daybreak Canyon, LLC",Kellogg,ID,"United States",Open,https://kidsoverprofits.org/facility/daybreak-canyon-llc-id/
9701,"Eagle Mountain Outpost",Sagle,ID,"United States",Closed,
9702,"East Idaho Youth Homes, LLC","Idaho Falls",ID,"United States",Open,
9703,"Elk Mountain Academy","Clark Fork",ID,"United States",Open,https://kidsoverprofits.org/facility/elk-mountain-academy-id/
9704,"Five County Treatment & Youth Rehabilitation Center","St. Anthony",ID,"United States",Open,
9705,"Glacier Mountain Expeditions",Cocolalla,ID,"United States",Closed,https://kidsoverprofits.org/facility/glacier-mountain-expeditions-id/
9706,"Gustafson House","Idaho Falls",ID,"United States",Open,
9708,Homelines,"Moyie Springs",ID,"United States",Closed,https://kidsoverprofits.org/facility/homelines-id/
9709,"Hope House",Marsing,ID,"United States",Open,
9710,"Idaho Youth Ranch – Hays House",Boise,ID,"United States",Open,
9711,"Idaho Youth Ranch Residential Center",", Boise",ID,"United States",Open,
9712,"Jackson House","Idaho Falls",ID,"United States",Open,
9713,"JCC – Lewiston",Lewiston,ID,"United States",Open,
9714,"JCC – Nampa",Nampa,ID,"United States",Open,
9715,"JCC – St. Anthony","St. Anthony",ID,"United States",Open,
9716,"Kootenai Juvenile Detention","Dalton Gardens",ID,"United States",Open,
9717,"Lemhi County Juvenile Detention",Salmon,ID,"United States",Open,
9718,"Living Water Youth Ranch",Hayden,ID,"United States",Open,
9720,"Mini-Cassia Juvenile Detention",Rupert,ID,"United States",Open,
9721,"Nez Perce Juvenile Detention",Lewiston,ID,"United States",Open,
9722,"Northwest Children’s Home",Lewiston,ID,"United States",Open,
9723,Northwoods,"Bonners Ferry",ID,"United States",Open,https://kidsoverprofits.org/facility/northwoods-id/
9724,"Novitas Academy",Emmett,ID,"United States",Closed,https://kidsoverprofits.org/facility/novitas-academy-id/
9725,"Project PATCH","Garden Valley",ID,"United States",Open,https://kidsoverprofits.org/facility/project-patch-id/
9726,"Rainbow Hill",Victor,ID,"United States",Closed,
9727,"Rocky Mountain Academy","Bonners Ferry",ID,"United States",Closed,https://kidsoverprofits.org/facility/rocky-mountain-academy-id/
9728,"Saddlehorn Ranch",Driggs,ID,"United States",Closed,
9729,"Snake River Juvenile Detention Center","Twin Falls",ID,"United States",Open,
9730,"Southwest Idaho Juvenile Detention Center",Caldwell,ID,"United States",Open,
9731,"Spirit Mountain Treatment Center","Spirit Lake",ID,"United States",Closed,
9732,SquareOne,"Coeur d’Alene",ID,"United States",Closed,
9734,"SUWS Idaho",Shoshone,ID,"United States",Closed,https://kidsoverprofits.org/facility/suws-idaho-id/
9735,"Timber Ridge Preparatory School for Girls","Clark Fork",ID,"United States",Closed,
9736,"Turning Winds",Hayden,ID,"United States",Closed,
9737,"Whiteley Meadows","Clark Fork",ID,"United States",Closed,
9738,"The Wardle Home",,ID,"United States",Closed,
9739,"CEDU Middle School","Running Springs",CA,"United States",Closed,https://kidsoverprofits.org/facility/cedu-middle-school-ca/
9740,"CEDU High School","Running Springs",CA,"United States",Closed,https://kidsoverprofits.org/facility/cedu-high-school-ca/
9742,"Wellspring Camp La Jolla","La Jolla",CA,"United States",Closed,https://kidsoverprofits.org/facility/wellspring-camp-la-jolla-ca/
9743,"Embark at San Martin","San Martin",CA,"United States",Open,https://kidsoverprofits.org/facility/embark-at-san-martin-ca/
9744,"Optimum Performance Institute","Woodland Hills",CA,"United States",Open,https://kidsoverprofits.org/facility/optimum-performance-institute-ca/
9745,"Arden Oaks RTC",Sacramento,CA,"United States",Open,https://kidsoverprofits.org/facility/arden-oaks-rtc-ca/
9746,"Danville RTC",Danville,CA,"United States",Open,https://kidsoverprofits.org/facility/danville-rtc-ca/
9747,"Lafayette RTC",Lafayette,CA,"United States",Open,https://kidsoverprofits.org/facility/lafayette-rtc-ca/
9748,"Mount Helix RTC","La Mesa",CA,"United States",Open,https://kidsoverprofits.org/facility/mount-helix-rtc-ca/
9749,"Dove Song RTC",Encinitas,CA,"United States",Open,https://kidsoverprofits.org/facility/dove-song-rtc-ca/
9750,"Cole Ranch RTC",Encinitas,CA,"United States",Open,https://kidsoverprofits.org/facility/cole-ranch-rtc-ca/
9751,"Agoura Hills RTC","Agoura Hills",CA,"United States",Open,https://kidsoverprofits.org/facility/agoura-hills-rtc-ca/
9752,"Calabasas RTC",Calabasas,CA,"United States",Open,https://kidsoverprofits.org/facility/calabasas-rtc-ca/
9753,"Ojai RTC",Ojai,CA,"United States",Open,https://kidsoverprofits.org/facility/ojai-rtc-ca/
9754,"Woodland Hills RTC","Woodland Hills",CA,"United States",Open,https://kidsoverprofits.org/facility/woodland-hills-rtc-ca/
9755,"Vanalden RTC",Tarzana,CA,"United States",Open,https://kidsoverprofits.org/facility/vanalden-rtc-ca/
9756,"Aura RTC",Tarzana,CA,"United States",Open,https://kidsoverprofits.org/facility/aura-rtc-ca/
9757,"KIDS of Southern California","Yorba Linda",CA,"United States",Closed,https://kidsoverprofits.org/facility/kids-of-southern-california-ca/
9758,"Newport Academy – Acre",Orange,CA,"United States",Open,https://kidsoverprofits.org/facility/newport-academy-acre-ca/
9759,"Newport Academy – Aracena",Camarillo,CA,"United States",Open,https://kidsoverprofits.org/facility/newport-academy-aracena-ca/
9760,"Newport Academy – Avocado",Camarillo,CA,"United States",Open,https://kidsoverprofits.org/facility/newport-academy-avocado-ca/
9761,"Newport Academy – Happy Valley",Pleasanton,CA,"United States",Open,https://kidsoverprofits.org/facility/newport-academy-happy-valley-ca/
9762,"Newport Academy – Highcliff","North Tustin",CA,"United States",Open,https://kidsoverprofits.org/facility/newport-academy-highcliff-ca/
9763,"Newport Academy – Hill",Orange,CA,"United States",Open,https://kidsoverprofits.org/facility/newport-academy-hill-ca/
9764,"Newport Academy – Hillside",Orange,CA,"United States",Open,https://kidsoverprofits.org/facility/newport-academy-hillside-ca/
9765,"Newport Academy – Maoli","San Rafael",CA,"United States",Open,https://kidsoverprofits.org/facility/newport-academy-maoli-ca/
9766,"Newport Academy – Morada",Orange,CA,"United States",Open,https://kidsoverprofits.org/facility/newport-academy-morada-ca/
9767,"Newport Academy – Paloma","Castro Valley",CA,"United States",Open,https://kidsoverprofits.org/facility/newport-academy-paloma-ca/
9768,"Newport Academy – Ranch",Orange,CA,"United States",Open,https://kidsoverprofits.org/facility/newport-academy-ranch-ca/
9769,"Newport Academy – Redwood","San Geronimo",CA,"United States",Open,https://kidsoverprofits.org/facility/newport-academy-redwood-ca/
9770,"Newport Academy – Ridgeview",Orange,CA,"United States",Open,https://kidsoverprofits.org/facility/newport-academy-ridgeview-ca/
9771,"Newport Academy – Rodeo",Orange,CA,"United States",Open,https://kidsoverprofits.org/facility/newport-academy-rodeo-ca/
9772,"Newport Academy – Rogers",Orange,CA,"United States",Open,https://kidsoverprofits.org/facility/newport-academy-rogers-ca/
9773,"Newport Academy – Rush Creek",Novato,CA,"United States",Open,https://kidsoverprofits.org/facility/newport-academy-rush-creek-ca/
9774,"Newport Academy – Sundance",Orange,CA,"United States",Open,https://kidsoverprofits.org/facility/newport-academy-sundance-ca/
9775,"Newport Academy – Tanglewood",Orange,CA,"United States",Open,https://kidsoverprofits.org/facility/newport-academy-tanglewood-ca/
9776,"Newport Institute – Miramar","Santa Ana",CA,"United States",Open,https://kidsoverprofits.org/facility/newport-institute-miramar-ca/
9777,"Bell(e) Academy","Terra Bella",CA,"United States",Closed,https://kidsoverprofits.org/facility/bell-e-academy-ca/
9778,"2nd Home, Inc – San Jose",Clovis,CA,"United States",Open,
9779,"2nd Home, Inc – Tenaya House",Fresno,CA,"United States",Open,https://kidsoverprofits.org/facility/2nd-home-inc-tenaya-house-ca/
9780,"3 R’s Group Home, Inc.",Fresno,CA,"United States",Open,
9781,"4 Kids 2 Kids",Ventura,CA,"United States",Open,
9782,"180 Degree Recon","East Los Angeles",CA,"United States",Open,
9783,"Aaron’s Boys Home",Atascadero,CA,"United States",Open,
9784,"About Face Cadet Corps","Los Angeles",CA,"United States",Closed,
9785,"Achieve Residential Center",Rialto,CA,"United States",Open,https://kidsoverprofits.org/facility/achieve-residential-center-ca/
9788,"Advent Group Ministries – St. John Home","Morgan Hill",CA,"United States",Open,https://kidsoverprofits.org/facility/advent-group-ministries-st-john-home-ca/
9789,"Advent Group Ministries – Summit Ranch","Morgan Hill",CA,"United States",Open,https://kidsoverprofits.org/facility/advent-group-ministries-summit-ranch-ca/
9790,"Agape Homes Orcutt","Santa Maria",CA,"United States",Open,https://kidsoverprofits.org/facility/agape-homes-orcutt-ca/
9791,"Alameda County Juvenile Justice Facility","San Leandro",CA,"United States",Open,
9792,"Alan M. Crogan Youth Treatment/Educational Center",Riverside,CA,"United States",Open,
9793,"Alana’s House",Antioch,CA,"United States",Open,https://kidsoverprofits.org/facility/alana-s-house-ca/
9794,"Alpha Connection Youth & Family Services","Apple Valley",CA,"United States",Open,https://kidsoverprofits.org/facility/alpha-connection-youth-family-services-ca/
9795,Amali,Coronado,CA,"United States",Open,https://kidsoverprofits.org/facility/amali-ca/
9796,"Angel Gate Academy","San Luis Obispo",CA,"United States",Closed,
9797,"Argent Ventures, Inc.",Hawthorne,CA,"United States",Open,
9798,"Arise for Girls Los Angeles","Los Angeles",CA,"United States",Open,https://kidsoverprofits.org/facility/arise-for-girls-los-angeles-ca/
9799,"Ascend – Canyons","Santa Clarita",CA,"United States",Open,https://kidsoverprofits.org/facility/ascend-canyons-ca/
9800,"Ascend – Empress House",Encino,CA,"United States",Open,
9801,"Ascend – Haven House","Los Angeles",CA,"United States",Open,
9802,"Ascend – Kallos House",Tarzana,CA,"United States",Open,
9803,"Ascend – Magnolia House",Encino,CA,"United States",Open,
9804,"Ascend – Oaks House","Santa Clarita",CA,"United States",Open,
9805,"Ashlan House",Fresno,CA,"United States",Open,https://kidsoverprofits.org/facility/ashlan-house-ca/
9807,"Barry J. Nidorf Juvenile Hall SYTF",Sylmar,CA,"United States",Open,https://kidsoverprofits.org/facility/barry-j-nidorf-juvenile-hall-sytf-ca/
9808,"Barstow House",Fresno,CA,"United States",Open,https://kidsoverprofits.org/facility/barstow-house-ca/
9809,"Bauer Residential Santa Maria 3 Group Home","Santa Maria",CA,"United States",Open,https://kidsoverprofits.org/facility/bauer-residential-santa-maria-3-group-home-ca/
9810,"Bayfront Youth and Family Services – Residential Treatment Program","Long Beach",CA,"United States",Open,
9811,"Bea’s Youth Treatment Home for Girls",Coachella,CA,"United States",Open,https://kidsoverprofits.org/facility/bea-s-youth-treatment-home-for-girls-ca/
9813,"Bear Creek Academy Youth Camp","Merced County",CA,"United States",Open,
9814,"Bell Academy","Terra Bella",CA,"United States",Closed,https://kidsoverprofits.org/facility/bell-academy-ca/
9815,"Bella Vista @ Taylor",Montebello,CA,"United States",Open,
9816,"Bella Vista @ Wyoming",Burbank,CA,"United States",Open,
9817,"Berhe Group Home Inc.","San Bernardino",CA,"United States",Open,https://kidsoverprofits.org/facility/berhe-group-home-inc-ca/
9818,"Berkeley Cottage",Turlock,CA,"United States",Open,https://kidsoverprofits.org/facility/berkeley-cottage-ca/
9819,"Berkeley Lodge",Turlock,CA,"United States",Open,https://kidsoverprofits.org/facility/berkeley-lodge-ca/
9820,"Betty’s House of Care","Garden Grove",CA,"United States",Open,https://kidsoverprofits.org/facility/betty-s-house-of-care-ca/
9821,"Blissful Living Group Home",Upland,CA,"United States",Open,https://kidsoverprofits.org/facility/blissful-living-group-home-ca/
9822,"Blue Mountain Wilderness Program",Oakland,CA,"United States",Open,
9823,"Blume Behavioral Health RTC","Redondo Beach",CA,"United States",Open,
9824,"BNI Teen Treatment Centers – Agoura","Agoura Hills",CA,"United States",Open,
9825,"BNI Teen Treatment Centers – Calabasas",Calabasas,CA,"United States",Open,
9826,"Born for Nia Maternity Home",Riverside,CA,"United States",Open,https://kidsoverprofits.org/facility/born-for-nia-maternity-home-ca/
9827,"Bourne Family Services",Altadena,CA,"United States",Open,https://kidsoverprofits.org/facility/bourne-family-services-ca/
9828,"Boys Hope Girls Hope of Southern California",Irvine,CA,"United States",Open,
9829,"Boys Republic","Chino Hills",CA,"United States",Open,https://kidsoverprofits.org/facility/boys-republic-ca/
9830,"Boys Republic Graves Cottage STRTP","Chino Hills",CA,"United States",Open,
9831,"Boys Republic McCormick STRTP","Chino Hills",CA,"United States",Open,https://kidsoverprofits.org/facility/boys-republic-mccormick-strtp-ca/
9832,"Boys Republic Monrovia Residence",Monrovia,CA,"United States",Open,https://kidsoverprofits.org/facility/boys-republic-monrovia-residence-ca/
9833,"Boys Republic Pomona Residence",Pomona,CA,"United States",Open,https://kidsoverprofits.org/facility/boys-republic-pomona-residence-ca/
9834,"Boys Republic Silverlake Residence","Los Angeles",CA,"United States",Open,https://kidsoverprofits.org/facility/boys-republic-silverlake-residence-ca/
9835,"Boys Town California","Trabuco Canyon",CA,"United States",Closed,https://kidsoverprofits.org/facility/boys-town-california-ca/
9836,"Breaking the Cycle Treatment Program","Fair Oaks",CA,"United States",Open,
9837,"Brighter Horizon Treatment Center",Clovis,CA,"United States",Open,
9838,"Bruce & Nelson Residential Facility",Compton,CA,"United States",Open,
9839,"Build Bright Care Group","Granada Hills",CA,"United States",Open,https://kidsoverprofits.org/facility/build-bright-care-group-ca/
9840,"Building Unique Youth Alternatives",Bassett,CA,"United States",Open,
9841,"Burt Children’s Center","San Francisco",CA,"United States",Closed,
9842,"Butte County Camp Condor","Butte County",CA,"United States",Open,
9843,"Butte County Juvenile Hall",Oroville,CA,"United States",Open,
9844,"California Anchor Residents","SAN JOSE",CA,"United States",Closed,
9845,"California Family Life Center – Hemet House",Hemet,CA,"United States",Open,
9846,"California Family Life Center – Hemet Ranch",Hemet,CA,"United States",Open,
9847,"California Family Life Center – Sunset House",Hemet,CA,"United States",Open,
9848,"Cameron Youth Home Facilities, Inc.",Bakersfield,CA,"United States",Open,
9849,"Camp Erwin Owen",Kernville,CA,"United States",Open,
9850,"Camp Joseph Scott","Santa Clarita",CA,"United States",Closed,
9851,"Camp O’Neal","Whitmore Hot Springs",CA,"United States",Open,https://kidsoverprofits.org/facility/camp-o-neal-ca/
9852,"Camp Resnick",Lancaster,CA,"United States",Open,
9853,"Camp Wilmont Sweeney","San Leandro",CA,"United States",Open,
9854,"Campus Kilpatrick SYTF",Malibu,CA,"United States",Open,https://kidsoverprofits.org/facility/campus-kilpatrick-sytf-ca/
9855,"Camry Group Home","Rancho Cucamonga",CA,"United States",Open,
9856,"Canyon Oaks Youth Center","Redwood City",CA,"United States",Open,https://kidsoverprofits.org/facility/canyon-oaks-youth-center-ca/
9857,Capistrano-By-the-Sea,"Dana Point",CA,"United States",Open,
9858,"Casa de Amparo – Casa Kids Campus STRTP","San Marcos",CA,"United States",Open,
9859,"Casa Esperanza STRTP – Chino",Chino,CA,"United States",Open,https://kidsoverprofits.org/facility/casa-esperanza-strtp-chino-ca/
9860,"Casa Esperanza STRTP – Pomona",Pomona,CA,"United States",Open,https://kidsoverprofits.org/facility/casa-esperanza-strtp-pomona-ca/
9861,"Casa Pacifica STRTP",Camarillo,CA,"United States",Open,https://kidsoverprofits.org/facility/casa-pacifica-strtp-ca/
9862,"Cascade School",Whitmore,CA,"United States",Closed,https://kidsoverprofits.org/facility/cascade-school-ca/
9863,"CCJ – Heart to Heart",Chino,CA,"United States",Open,https://kidsoverprofits.org/facility/ccj-heart-to-heart-ca/
9864,"Celeste House",Clovis,CA,"United States",Open,https://kidsoverprofits.org/facility/celeste-house-ca/
9865,"Center for Reuniting Families",Templeton,CA,"United States",Open,
9866,"Center for ReUniting Families at Camp Osceola","Angelus Oaks",CA,"United States",Closed,
9867,"Central Valley Juvenile Detention & Assessment Center","San Bernardino",CA,"United States",Open,
9868,"Chamberlain’s Youth Services",Hollister,CA,"United States",Closed,https://kidsoverprofits.org/facility/chamberlain-s-youth-services-ca/
9869,"Changing Faces, Inc","Santa Maria",CA,"United States",Open,https://kidsoverprofits.org/facility/changing-faces-inc-ca/
9870,"Charis Youth Center","Grass Valley",CA,"United States",Open,https://kidsoverprofits.org/facility/charis-youth-center-ca/
9871,"CHARLEE Family Care Inc.","Palm Desert",CA,"United States",Open,https://kidsoverprofits.org/facility/charlee-family-care-inc-ca/
9872,"Childhelp – Baker","Costa Mesa",CA,"United States",Open,https://kidsoverprofits.org/facility/childhelp-baker-ca/
9873,"Childhelp – Joann","Costa Mesa",CA,"United States",Open,https://kidsoverprofits.org/facility/childhelp-joann-ca/
9874,"Childhelp – Johnson","Costa Mesa",CA,"United States",Open,https://kidsoverprofits.org/facility/childhelp-johnson-ca/
9875,"Childhelp – Merv Griffin Village",Beaumont,CA,"United States",Open,https://kidsoverprofits.org/facility/childhelp-merv-griffin-village-ca/
9876,"Children’s Home of Stockton – Alpine Cottage",Stockton,CA,"United States",Open,
9877,"Children’s Home of Stockton – Aspen Cottage",Stockton,CA,"United States",Open,
9878,"Children’s Home of Stockton – Cypress Cottage",Stockton,CA,"United States",Open,
9879,"Children’s Home of Stockton – Delta Cottage",Stockton,CA,"United States",Open,
9880,"Children’s Home of Stockton – Oak Cottage",Stockton,CA,"United States",Open,
9881,"Children’s Home of Stockton – Redwood Cottage",Stockton,CA,"United States",Open,
9882,"Children’s Home of Stockton – Triplex Cottages",Stockton,CA,"United States",Open,
9883,"Children’s Hope Group Home",Upland,CA,"United States",Open,https://kidsoverprofits.org/facility/children-s-hope-group-home-ca/
9884,"Children’s Legacy Center",Redding,CA,"United States",Open,https://kidsoverprofits.org/facility/children-s-legacy-center-ca/
9885,"Children’s Receiving Home of Sacramento RTP",Sacramento,CA,"United States",Open,
9886,"Circle C Ranch",Stockton,CA,"United States",Open,https://kidsoverprofits.org/facility/circle-c-ranch-ca/
9887,"Coastal Valley Academy","San Luis Obispo",CA,"United States",Open,
9888,"Contra Costa Juvenile Hall",Martinez,CA,"United States",Open,
9889,"Core Conditions Inc. – Brawley",Fresno,CA,"United States",Open,https://kidsoverprofits.org/facility/core-conditions-inc-brawley-ca/
9890,"Core Conditions Inc. – Dakota",Fresno,CA,"United States",Open,https://kidsoverprofits.org/facility/core-conditions-inc-dakota-ca/
9891,"Core Conditions Inc. – Oak",Fresno,CA,"United States",Open,https://kidsoverprofits.org/facility/core-conditions-inc-oak-ca/
9892,"Corinthians Helping Hand Group Home","Rancho Cucamonga",CA,"United States",Open,https://kidsoverprofits.org/facility/corinthians-helping-hand-group-home-ca/
9893,"Courage to Change",Exeter,CA,"United States",Open,https://kidsoverprofits.org/facility/courage-to-change-ca/
9894,"Creekside STRP",Mentone,CA,"United States",Open,
9895,"Crittenton Services for Children and Families STRTP",Fullerton,CA,"United States",Open,
9896,"Daniel and Nancy Marble Casa De Ninos",McFarland,CA,"United States",Open,https://kidsoverprofits.org/facility/daniel-and-nancy-marble-casa-de-ninos-ca/
9897,"Daughter Project Girls Home",Bakersfield,CA,"United States",Open,https://kidsoverprofits.org/facility/daughter-project-girls-home-ca/
9898,"David and Margaret Youth and Family Services STRTP","La Verne",CA,"United States",Open,
9899,"Delilu Achievement Home","Los Angeles",CA,"United States",Open,https://kidsoverprofits.org/facility/delilu-achievement-home-ca/
9900,"Desert Sage Youth Wellness Center",Hermit,CA,"United States",Open,
9901,"Destinations for Teens Residential Program","Los Angeles",CA,"United States",Open,https://kidsoverprofits.org/facility/destinations-for-teens-residential-program-ca/
9902,"Dignity STRTP","Rancho Cucamonga",CA,"United States",Open,https://kidsoverprofits.org/facility/dignity-strtp-ca/
9904,"DN Associates – Blythe",Fresno,CA,"United States",Open,https://kidsoverprofits.org/facility/dn-associates-blythe-ca/
9905,"DN Associates – Polk",Fresno,CA,"United States",Open,https://kidsoverprofits.org/facility/dn-associates-polk-ca/
9906,"Door to Hope – Santa Lucia",Salinas,CA,"United States",Open,
9908,"Downs & Martin Children Services","Olympic Valley",CA,"United States",Open,https://kidsoverprofits.org/facility/downs-martin-children-services-ca/
9909,"EA Diamond Peak STRTP’",Susanville,CA,"United States",Open,
9910,"EA Nighthawk STRTP",Chico,CA,"United States",Open,https://kidsoverprofits.org/facility/ea-nighthawk-strtp-ca/
9911,"Eagle Eye – Horizons","San Rafael",CA,"United States",Open,https://kidsoverprofits.org/facility/eagle-eye-horizons-ca/
9912,"Eagle Eye – Vista","San Rafael",CA,"United States",Open,https://kidsoverprofits.org/facility/eagle-eye-vista-ca/
9913,"Eagle’s Wings Ranch","Fort Jones",CA,"United States",Closed,
9914,"East Mesa Juvenile Detention Facility","San Diego",CA,"United States",Open,https://kidsoverprofits.org/facility/east-mesa-juvenile-detention-facility-ca/
9915,"Echo Malibu Youth Treatment Center",Malibu,CA,"United States",Closed,
9916,"Edgewood Center for Children and Families STRTP","San Francisco",CA,"United States",Open,
9917,"Eggleston – La Verne",Pomona,CA,"United States",Open,https://kidsoverprofits.org/facility/eggleston-la-verne-ca/
9918,"Eggleston – Ontario STRTP",Ontario,CA,"United States",Open,https://kidsoverprofits.org/facility/eggleston-ontario-strtp-ca/
9919,"Eggleston Upland Group Home",Upland,CA,"United States",Open,https://kidsoverprofits.org/facility/eggleston-upland-group-home-ca/
9920,"Eggleston West Covina Group Home",Covina,CA,"United States",Open,https://kidsoverprofits.org/facility/eggleston-west-covina-group-home-ca/
9921,"Eggleston Youth Center",Irwindale,CA,"United States",Open,
9922,"El Dorado Juvenile Treatment Center","South Lake Tahoe",CA,"United States",Open,
9923,"Elite Family Systems Inc. – Banyan Home",Ceres,CA,"United States",Open,https://kidsoverprofits.org/facility/elite-family-systems-inc-banyan-home-ca/
9924,"Elite Family Systems Inc. – Blaker Home",Ceres,CA,"United States",Open,https://kidsoverprofits.org/facility/elite-family-systems-inc-blaker-home-ca/
9925,"Elite Family Systems Inc. – Leslie Home",Ceres,CA,"United States",Open,https://kidsoverprofits.org/facility/elite-family-systems-inc-leslie-home-ca/
9926,"Elite Family Systems Inc. – Scoffield Home",Ceres,CA,"United States",Open,https://kidsoverprofits.org/facility/elite-family-systems-inc-scoffield-home-ca/
9927,"Elysian STRTP","San Mateo",CA,"United States",Open,
9929,"Embolden Youth Services – Iris House","Long Beach",CA,"United States",Open,https://kidsoverprofits.org/facility/embolden-youth-services-iris-house-ca/
9930,"EMQ FamiliesFirst",Davis,CA,"United States",Closed,https://kidsoverprofits.org/facility/emq-familiesfirst-ca/
9931,"Ettie Lee Homes – Fontana Home",Fontana,CA,"United States",Open,
9932,"Ettie Lee Homes – Robertson Memorial Home","Baldwin Park",CA,"United States",Open,
9933,"Faith Home Teen Ranch",Turlock,CA,"United States",Closed,
9934,"Family First Growth Camp",Pasadena,CA,"United States",Closed,
9935,"Family Life Center",Petaluma,CA,"United States",Open,https://kidsoverprofits.org/facility/family-life-center-ca/
9936,"Family of Programs STRTP","La Verne",CA,"United States",Open,
9937,"Father’s Heart Ranch","Desert Hot Springs",CA,"United States",Open,https://kidsoverprofits.org/facility/father-s-heart-ranch-ca/
9938,"Ferree’s Group Home",Banning,CA,"United States",Open,
9939,"Fields Comprehensive Youth Services","San Bernardino",CA,"United States",Open,https://kidsoverprofits.org/facility/fields-comprehensive-youth-services-ca/
9940,"First Chance at Success Children’s Home, Inc.","Apple Valley",CA,"United States",Closed,
9941,"First Step Treatment Home","Spring Valley",CA,"United States",Open,https://kidsoverprofits.org/facility/first-step-treatment-home-ca/
9942,"Five Acres – Solita Home",Pasadena,CA,"United States",Open,https://kidsoverprofits.org/facility/five-acres-solita-home-ca/
9943,"Five Acres STRTP – Colby",Altadena,CA,"United States",Open,https://kidsoverprofits.org/facility/five-acres-strtp-colby-ca/
9944,"Forest Farms","Forest Knolls",CA,"United States",Closed,
9945,"Fred C. Nelles Youth Correctional Facility",Whittier,CA,"United States",Closed,
9946,"Fred D. Jones Youth Center",Hesperia,CA,"United States",Open,
9947,"Fred Finch Youth & Family Services – Avalon",Oakland,CA,"United States",Open,
9948,"Fred Finch Youth & Family Services – New Yosemite",Oakland,CA,"United States",Open,
9949,"Fred Finch Youth & Family Services – San Diego Dual Diagnosis","Lemon Grove",CA,"United States",Open,
9950,"Fresno Youth for Christ","Palo Alto",CA,"United States",Open,
9951,"Future Stars Youth Center",Calimesa,CA,"United States",Open,
9952,"Gateway Residential Program – Fair Oaks House","Fair Oaks",CA,"United States",Open,https://kidsoverprofits.org/facility/gateway-residential-program-fair-oaks-house-ca/
9953,"Gateway Residential Programs – Gingerblossom House","Citrus Heights",CA,"United States",Open,
9954,"Gateway Residential Programs – Hickory House",Orangevale,CA,"United States",Open,https://kidsoverprofits.org/facility/gateway-residential-programs-hickory-house-ca/
9955,"Gateway Residential Programs – Palm House","Fair Oaks",CA,"United States",Open,https://kidsoverprofits.org/facility/gateway-residential-programs-palm-house-ca/
9956,"Gateway Residential Programs – Winding House","Fair Oaks",CA,"United States",Open,https://kidsoverprofits.org/facility/gateway-residential-programs-winding-house-ca/
9957,"Gentle Spirit Ranch",Aguanga,CA,"United States",Closed,
9958,"Girls Republic",Monrovia,CA,"United States",Open,https://kidsoverprofits.org/facility/girls-republic-ca/
9959,"Greater New Beginnings – Filbert House",Oakland,CA,"United States",Open,
9960,"Greenacre Homes",Sebastopol,CA,"United States",Open,https://kidsoverprofits.org/facility/greenacre-homes-ca/
9961,"Greenway Orchard",Turlock,CA,"United States",Open,https://kidsoverprofits.org/facility/greenway-orchard-ca/
9962,"Guiding Hands School","El Dorado Hills",CA,"United States",Closed,
9963,"Guiding Light Home for Boys","Moreno Valley",CA,"United States",Open,https://kidsoverprofits.org/facility/guiding-light-home-for-boys-ca/
9964,"Guiding Our Youth","Simi Valley",CA,"United States",Open,https://kidsoverprofits.org/facility/guiding-our-youth-ca/
9965,"Gym TD","Paso Robles",CA,"United States",Closed,
9966,"Hanna Boys Center STRTP",Sonoma,CA,"United States",Open,
9967,"Harbor Youth Facility, Inc.",Bakersfield,CA,"United States",Open,
9968,"Harmony House",Merced,CA,"United States",Open,https://kidsoverprofits.org/facility/harmony-house-ca/
9969,"Hart Community Homes",Orange,CA,"United States",Open,https://kidsoverprofits.org/facility/hart-community-homes-ca/
9970,"Harvest Safe Haven for Boys",Riverside,CA,"United States",Open,https://kidsoverprofits.org/facility/harvest-safe-haven-for-boys-ca/
9971,"Hathaway-Sycamores Child and Family Services",Altadena,CA,"United States",Open,https://kidsoverprofits.org/facility/hathaway-sycamores-child-and-family-services-ca/
9972,"Haven of Hope – Abeona House",Aptos,CA,"United States",Open,
9973,"Haven of Hope – Halcyon House",Watsonville,CA,"United States",Open,
9974,"Haynes House STRTP","La Verne",CA,"United States",Open,
9975,"Hazel House",Fresno,CA,"United States",Open,https://kidsoverprofits.org/facility/hazel-house-ca/
9976,"Heart of Worship Community Church Group Home",Corona,CA,"United States",Closed,
9977,"Helen E. Cowell Children’s Center",Sacramento,CA,"United States",Open,https://kidsoverprofits.org/facility/helen-e-cowell-children-s-center-ca/
9978,"Helping Hands Home for Children","San Jose",CA,"United States",Open,https://kidsoverprofits.org/facility/helping-hands-home-for-children-ca/
9979,"High Desert JDAC","Apple Valley",CA,"United States",Open,
9980,"Hillcrest Adolescent Treatment Center","Los Angeles",CA,"United States",Open,
9981,"Hillcrest Juvenile Hall","San Mateo",CA,"United States",Open,
9982,"Hillside Horizon for Teens – Juanita Facility","Canyon Lake",CA,"United States",Open,
9983,"Hillside Horizon for Teens – Richard Facility",Perris,CA,"United States",Open,
9984,"Hillside Horizon for Teens – Ridgeview Facility","Villa Park",CA,"United States",Open,
9985,"HillsidesCares RTP",Pasadena,CA,"United States",Open,
9986,"Home of Excellence",Rialto,CA,"United States",Open,https://kidsoverprofits.org/facility/home-of-excellence-ca/
9987,"Hope for Youth Inc. – Bain House",Fresno,CA,"United States",Open,https://kidsoverprofits.org/facility/hope-for-youth-inc-bain-house-ca/
9988,"House of Sulaiman Children’s Home",Stockton,CA,"United States",Open,
9989,"Humboldt County Juvenile Hall",Eureka,CA,"United States",Open,
9990,"Imperial County Juvenile Hall","El Centro",CA,"United States",Open,
9991,"Indio Juvenile Hall",Indio,CA,"United States",Open,
9992,"Inspiring Pathways",Hanford,CA,"United States",Open,https://kidsoverprofits.org/facility/inspiring-pathways-ca/
9993,"Iris Garrett Juvenile Justice Correctional Complex",Madera,CA,"United States",Open,
9994,"James G. Bowles Juvenile Hall",Bakersfield,CA,"United States",Open,
9995,"James Penny House Inc.",Bakersfield,CA,"United States",Open,https://kidsoverprofits.org/facility/james-penny-house-inc-ca/
9996,"John & Dorothy Almklov House",Bakersfield,CA,"United States",Open,https://kidsoverprofits.org/facility/john-dorothy-almklov-house-ca/
9997,"Jordan House of Umoja",Pittsburg,CA,"United States",Open,https://kidsoverprofits.org/facility/jordan-house-of-umoja-ca/
9998,"Juvenile Commitment Facility",Modesto,CA,"United States",Open,
9999,"Juvenile Detention Center",Madera,CA,"United States",Open,
10000,"Juvenile Justice Campus",Fresno,CA,"United States",Open,https://kidsoverprofits.org/facility/juvenile-justice-campus-ca/
10001,"Kearny Mesa Juvenile Detention Facility","San Diego",CA,"United States",Open,https://kidsoverprofits.org/facility/kearny-mesa-juvenile-detention-facility-ca/
10002,"Kern County Crossroads – Larry J. Rhoades Facility",Bakersfield,CA,"United States",Open,
10003,"Key Healthcare Adolescent RTC",Malibu,CA,"United States",Open,
10004,"Kings County Juvenile Center",Hanford,CA,"United States",Open,
10005,"Koinonia BHP – Auburn",Auburn,CA,"United States",Open,https://kidsoverprofits.org/facility/koinonia-bhp-auburn-ca/
10006,"Koinonia BHP – Loomis Homes for Teens",Loomis,CA,"United States",Open,
10007,"Koinonia BHP – Rocklin",Rocklin,CA,"United States",Open,https://kidsoverprofits.org/facility/koinonia-bhp-rocklin-ca/
10008,"LA Camp Afflerbaugh","La Verne",CA,"United States",Open,
10009,"LA Camp Glenn Rockey","San Dimas",CA,"United States",Open,
10010,"LA Camp Joseph Paige","La Verne",CA,"United States",Open,
10011,"LA Central Juvenile Hall","Los Angeles",CA,"United States",Open,https://kidsoverprofits.org/facility/la-central-juvenile-hall-ca/
10012,"La Cheim STRTP",Richmond,CA,"United States",Open,https://kidsoverprofits.org/facility/la-cheim-strtp-ca/
10013,"Leadership Empowerment and Discipline Boot Camp","San Luis Obispo",CA,"United States",Closed,
10014,"LGTC – Cambrian Park","San Jose",CA,"United States",Open,
10015,"LGTC – Willow Glen Residential","San Jose",CA,"United States",Open,
10016,"Lift Your Head Up STRTP",Lathrop,CA,"United States",Open,
10017,"Lightfully Encinitas Teen RTC",Encinitas,CA,"United States",Open,
10018,"Lighthouse Mentoring Center",Pittsburg,CA,"United States",Open,
10019,"Los Padrinos Juvenile Hall SYTF",Downey,CA,"United States",Open,https://kidsoverprofits.org/facility/los-padrinos-juvenile-hall-sytf-ca/
10020,"Los Prietos Boys Camp","CA 93105.",CA,"United States",Closed,
10021,"Madera Correctional Academy",Madera,CA,"United States",Open,
10022,"Manuc,h Inc. – Aspen House",Fresno,CA,"United States",Open,https://kidsoverprofits.org/facility/manuc-h-inc-aspen-house-ca/
10023,"Manuch, Inc. – Inspiration Peak",Fresno,CA,"United States",Open,https://kidsoverprofits.org/facility/manuch-inc-inspiration-peak-ca/
10024,"Manuch, Inc. – Riverpine",Fresno,CA,"United States",Open,https://kidsoverprofits.org/facility/manuch-inc-riverpine-ca/
10025,"Margaret J. Kemp Girls Camp",", San Mateo",CA,"United States",Open,
10026,"Marin County Juvenile Hall","San Rafael",CA,"United States",Open,
10027,"Mariposa Special Purpose Juvenile Hall",Mariposa,CA,"United States",Open,
10028,"Mary’s Shelter STRTP","Santa Ana",CA,"United States",Open,
10030,"Maywright Boys Home",Rialto,CA,"United States",Open,
10031,"McAlister Institute Group Home East","El Cajon",CA,"United States",Open,
10032,"McAlister Institute Group Home South","El Cajon",CA,"United States",Open,
10033,"McKinley Children’s Center, Inc. STRTP","San Dimas",CA,"United States",Open,
10034,"Mended Fences",Bakersfield,CA,"United States",Open,
10035,"Mendocino County Juvenile Hall",Ukiah,CA,"United States",Open,
10036,"Merced Ranch",Merced,CA,"United States",Open,https://kidsoverprofits.org/facility/merced-ranch-ca/
10037,"Michael’s Youth Treatment Home for Boys",Indio,CA,"United States",Open,https://kidsoverprofits.org/facility/michael-s-youth-treatment-home-for-boys-ca/
10038,"Michigan House",Fresno,CA,"United States",Open,https://kidsoverprofits.org/facility/michigan-house-ca/
10039,"Mid-Valley Youth Center","Van Nuys",CA,"United States",Closed,
10040,"Milestone House",Oceanside,CA,"United States",Open,
10041,"Millie’s Youth Services",Oakland,CA,"United States",Open,https://kidsoverprofits.org/facility/millie-s-youth-services-ca/
10042,"Mindful Growth Foundation","Los Angeles",CA,"United States",Open,https://kidsoverprofits.org/facility/mindful-growth-foundation-ca/
10043,"Ministerial Christian Academy",Montclair,CA,"United States",Closed,
10044,"Mission Prep Adolescent RTC","San Juan Capistrano",CA,"United States",Open,
10045,"Mollie’s House",Fresno,CA,"United States",Open,https://kidsoverprofits.org/facility/mollie-s-house-ca/
10046,"Monterey County Juvenile Hall",Salinas,CA,"United States",Open,
10047,"Monterey County Youth Center",Salinas,CA,"United States",Open,
10049,"Mountain Valley Child and Family – Bar Du",Sacramento,CA,"United States",Open,https://kidsoverprofits.org/facility/mountain-valley-child-and-family-bar-du-ca/
10050,"Mountain Valley Child and Family – Bradshaw",Sacramento,CA,"United States",Open,https://kidsoverprofits.org/facility/mountain-valley-child-and-family-bradshaw-ca/
10051,"Mountain Valley Child and Family – Gerber",Sacramento,CA,"United States",Open,https://kidsoverprofits.org/facility/mountain-valley-child-and-family-gerber-ca/
10052,"Mountain Valley Child and Family – Nevada City Ranch","Nevada City",CA,"United States",Open,https://kidsoverprofits.org/facility/mountain-valley-child-and-family-nevada-city-ranch-ca/
10053,"Muir Wood Teen Treatment Centers – Auberry Road",Clovis,CA,"United States",Open,
10054,"Muir Wood Teen Treatment Centers – Auberry South",Clovis,CA,"United States",Open,
10055,"Muir Wood Teen Treatment Centers – Auberry West",Clovis,CA,"United States",Open,
10056,"Muir Wood Teen Treatment Centers – Bradley Ranch","Sandia Park",NM,"United States",Open,
10057,"Muir Wood Teen Treatment Centers – Da Vinci",Riverside,CA,"United States",Open,
10058,"Muir Wood Teen Treatment Centers – Edgewild",Riverside,CA,"United States",Open,
10059,"Muir Wood Teen Treatment Centers – Hannan Ranch",Petaluma,CA,"United States",Open,
10060,"Muir Wood Teen Treatment Centers – Haverfield",Petaluma,CA,"United States",Open,
10061,"Muir Wood Teen Treatment Centers – I Street",Petaluma,CA,"United States",Open,
10062,"Muir Wood Teen Treatment Centers – Lohrman North & South Campuses",Petaluma,CA,"United States",Open,
10063,"Muir Wood Teen Treatment Centers – Magnolia Campus",Petaluma,CA,"United States",Open,
10064,"Muir Wood Teen Treatment Centers – Makena House Campus",Clovis,CA,"United States",Open,
10065,"Muir Wood Teen Treatment Centers – Penngrove North & South Campuses",Penngrove,CA,"United States",Open,
10066,"Muir Wood Teen Treatment Centers – Rebecca Campus",Petaluma,CA,"United States",Open,
10067,"Muir Wood Teen Treatment Centers – Skillman East",Petaluma,CA,"United States",Open,
10068,"Muir Wood Teen Treatment Centers – Skillman North",Petaluma,CA,"United States",Open,
10069,"Muir Wood Teen Treatment Centers – Skillman South",Petaluma,CA,"United States",Open,
10070,"Muir Wood Teen Treatment Centers – Sonoma Mountain",Petaluma,CA,"United States",Open,
10071,"Muir Wood Teen Treatment Centers – Thompson Ranch",Petaluma,CA,"United States",Open,
10072,"Murrell’s Farm & Boys Home, Inc.",Lancaster,CA,"United States",Open,
10073,"NA Chaderjian School",Stockton,CA,"United States",Open,
10074,"Napa County Juvenile Hall",Napa,CA,"United States",Open,
10075,"NAWA Academy","French Gulch",CA,"United States",Closed,
10076,"New Alternatives, Inc.",Orange,CA,"United States",Open,https://kidsoverprofits.org/facility/new-alternatives-inc-ca/
10077,"New Alternatives, Inc. – San Pasqual Academy",Escondido,CA,"United States",Open,
10078,"New Beginnings Residential Treatment Facilities",Perris,CA,"United States",Open,https://kidsoverprofits.org/facility/new-beginnings-residential-treatment-facilities-ca/
10079,"New Beginnings Residential Treatment Facilities – Raja",Perris,CA,"United States",Open,
10081,"New Dawn Treatment Centers",Chino,CA,"United States",Open,https://kidsoverprofits.org/facility/new-dawn-treatment-centers-ca/
10082,"New Destiny Youth Facility",Bakersfield,CA,"United States",Open,https://kidsoverprofits.org/facility/new-destiny-youth-facility-ca/
10083,"New Haven Youth and Family Services",Vista,CA,"United States",Open,
10084,"New Horizons School",Bakersfield,CA,"United States",Closed,
10085,"New Start Youth Facility",Bakersfield,CA,"United States",Open,https://kidsoverprofits.org/facility/new-start-youth-facility-ca/
10086,"New Way Group Home",Oxnard,CA,"United States",Open,https://kidsoverprofits.org/facility/new-way-group-home-ca/
10087,"Newport Academy – Alberca",". Camarillo",CA,"United States",Open,https://kidsoverprofits.org/facility/newport-academy-alberca-ca/
10088,"Newport Academy – Applewood",Camarillo,CA,"United States",Open,https://kidsoverprofits.org/facility/newport-academy-applewood-ca/
10089,"Newport Academy – Arena",Pleasanton,CA,"United States",Open,https://kidsoverprofits.org/facility/newport-academy-arena-ca/
10090,"Newport Academy – Autumn","Shingle Springs",CA,"United States",Open,https://kidsoverprofits.org/facility/newport-academy-autumn-ca/
10091,"Newport Academy – Chandler",Orange,CA,"United States",Open,https://kidsoverprofits.org/facility/newport-academy-chandler-ca/
10092,"Newport Academy – Chariot",Bonsall,CA,"United States",Open,https://kidsoverprofits.org/facility/newport-academy-chariot-ca/
10093,"Newport Academy – Crestview",Camarillo,CA,"United States",Open,https://kidsoverprofits.org/facility/newport-academy-crestview-ca/
10094,"Newport Academy – Del Cerro",Vista,CA,"United States",Open,https://kidsoverprofits.org/facility/newport-academy-del-cerro-ca/
10095,"Newport Academy – Flores",Bonsall,CA,"United States",Open,https://kidsoverprofits.org/facility/newport-academy-flores-ca/
10096,"Newport Academy – French Creek","Shingle Springs",CA,"United States",Open,https://kidsoverprofits.org/facility/newport-academy-french-creek-ca/
10097,"Newport Academy – Golden","Shingle Springs",CA,"United States",Open,https://kidsoverprofits.org/facility/newport-academy-golden-ca/
10098,"Newport Academy – Nicasio","San Geronimo",CA,"United States",Open,
10099,"Newport Academy – Oasis",Pleasanton,CA,"United States",Open,https://kidsoverprofits.org/facility/newport-academy-oasis-ca/
10100,"Newport Academy – Palm Hills",Anaheim,CA,"United States",Open,https://kidsoverprofits.org/facility/newport-academy-palm-hills-ca/
10101,"Newport Academy – Valley Vista",Camarillo,CA,"United States",Open,https://kidsoverprofits.org/facility/newport-academy-valley-vista-ca/
10102,"Newport Academy – Willow Hill",Danville,CA,"United States",Open,https://kidsoverprofits.org/facility/newport-academy-willow-hill-ca/
10103,"Oak Grove Center",Murrieta,CA,"United States",Open,https://kidsoverprofits.org/facility/oak-grove-center-ca/
10104,Oakendell,"San Andreas",CA,"United States",Open,https://kidsoverprofits.org/facility/oakendell-ca/
10105,"Oakridge Home at Le Conte",Antioch,CA,"United States",Open,
10106,"Oakridge Home at Sunview",Antioch,CA,"United States",Open,
10108,"Olive Crest – Hope Refuge",Goleta,CA,"United States",Open,https://kidsoverprofits.org/facility/olive-crest-hope-refuge-ca/
10109,"Olive Crest – Malena","Santa Ana",CA,"United States",Open,https://kidsoverprofits.org/facility/olive-crest-malena-ca/
10110,"Olive Crest – Saylor","Santa Ana",CA,"United States",Open,https://kidsoverprofits.org/facility/olive-crest-saylor-ca/
10111,"Olive Crest – Wheeler",Orange,CA,"United States",Open,https://kidsoverprofits.org/facility/olive-crest-wheeler-ca/
10112,"Operation Safehouse",Riverside,CA,"United States",Open,https://kidsoverprofits.org/facility/operation-safehouse-ca/
10113,"Optimist Boys Home & Ranch","Los Angeles",CA,"United States",Open,
10114,"Optimist Carson",Carson,CA,"United States",Open,
10115,"Optimist Eagle Rock","Los Angeles",CA,"United States",Open,https://kidsoverprofits.org/facility/optimist-eagle-rock-ca/
10116,"Optimist Mission Hills","Mission Hills",CA,"United States",Open,https://kidsoverprofits.org/facility/optimist-mission-hills-ca/
10117,"Optimist Van Nuys","Van Nuys",CA,"United States",Open,https://kidsoverprofits.org/facility/optimist-van-nuys-ca/
10118,"Orange County Juvenile Hall",Orange,CA,"United States",Open,
10119,"Orin Allen Youth Rehabilitation Facility","Contra Costa",CA,"United States",Closed,
10120,"Our Healing Center",Lompoc,CA,"United States",Open,https://kidsoverprofits.org/facility/our-healing-center-ca/
10121,"Our Safehaven, Inc.","Castro Valley",CA,"United States",Open,https://kidsoverprofits.org/facility/our-safehaven-inc-ca/
10122,"Pacific Lodge Campus","Woodland Hills",CA,"United States",Open,https://kidsoverprofits.org/facility/pacific-lodge-campus-ca/
10123,"Pacific Teen Treatment",Malibu,CA,"United States",Closed,https://kidsoverprofits.org/facility/pacific-teen-treatment-ca/
10124,"Palo Verde House",Pittsburg,CA,"United States",Open,https://kidsoverprofits.org/facility/palo-verde-house-ca/
10125,"Paradigm Treatment Centers – Mailibu – Point Dume",Malibu,CA,"United States",Open,
10126,"Paradigm Treatment Centers – Malibu – Birdview",Malibu,CA,"United States",Closed,
10127,"Paradigm Treatment Centers – Malibu – Cavalleri",Malibu,CA,"United States",Open,
10128,"Paradigm Treatment Centers – Malibu – Via Escondido",Malibu,CA,"United States",Open,
10129,"Paradigm Treatment Centers – San Francisco – Seaview House","San Rafael",CA,"United States",Open,
10130,"Paradigm Treatment Centers – San Francisco – Terrace House","San Rafael",CA,"United States",Open,
10131,"Paradise Adolescent Home Inc.",Vallejo,CA,"United States",Open,https://kidsoverprofits.org/facility/paradise-adolescent-home-inc-ca/
10132,"Paradise Oaks – Antelope Facility","Citrus Heights",CA,"United States",Open,
10133,"Paradise Oaks – Hazel",Orangevale,CA,"United States",Open,https://kidsoverprofits.org/facility/paradise-oaks-hazel-ca/
10134,"Paradise Oaks – Hickory",Orangevale,CA,"United States",Open,https://kidsoverprofits.org/facility/paradise-oaks-hickory-ca/
10135,"Paradise Oaks – Linda Creek",Orangevale,CA,"United States",Open,
10136,"Paradise Oaks – Madison","Citrus Heights",CA,"United States",Open,https://kidsoverprofits.org/facility/paradise-oaks-madison-ca/
10137,"Paradise Oaks – Mariposa","Citrus Heights",CA,"United States",Open,https://kidsoverprofits.org/facility/paradise-oaks-mariposa-ca/
10138,"Paradise Oaks – Old Auburn","Citrus Heights",CA,"United States",Open,https://kidsoverprofits.org/facility/paradise-oaks-old-auburn-ca/
10139,"Paradise Oaks – Olivine","Citrus Heights",CA,"United States",Open,https://kidsoverprofits.org/facility/paradise-oaks-olivine-ca/
10140,"Paradise Oaks – Rosa Vista","Citrus Heights",CA,"United States",Open,https://kidsoverprofits.org/facility/paradise-oaks-rosa-vista-ca/
10141,"Paradise Oaks – Sunset","Fair Oaks",CA,"United States",Open,https://kidsoverprofits.org/facility/paradise-oaks-sunset-ca/
10142,"Paradise Oaks Youth Services","Citrus Heights",CA,"United States",Open,
10143,"Pathway Family Services, Inc.","Santa Maria",CA,"United States",Open,
10144,"Peacock Acres Group Home STRTP",,CA,"United States",Open,https://kidsoverprofits.org/facility/peacock-acres-group-home-strtp-ca/
10145,"Pennacle Foundation, Inc.","Los Angeles",CA,"United States",Open,https://kidsoverprofits.org/facility/pennacle-foundation-inc-ca/
10146,"Penny Lane Centers",Lancaster,CA,"United States",Open,https://kidsoverprofits.org/facility/penny-lane-centers-ca/
10147,"PHILOS Adolescent Treatment Centers, Inc.",Colton,CA,"United States",Open,
10148,"Phoenix House California","Santa Ana",CA,"United States",Unknown,https://kidsoverprofits.org/facility/phoenix-house-california-ca/
10149,"Pine Grove Youth Conservation Camp","Red Corral",CA,"United States",Open,
10150,"Pine Meadows School","French Gulch",CA,"United States",Closed,
10151,"Placer Juvenile Detention Facility",Auburn,CA,"United States",Open,
10152,"Plan-It Life Temecula House",Temecula,CA,"United States",Open,https://kidsoverprofits.org/facility/plan-it-life-temecula-house-ca/
10153,"Plumfield Academy",Sebastopol,CA,"United States",Open,
10154,"Polaris Teen Center – Otis Location",Tarzana,CA,"United States",Open,
10155,"Polaris Teen Center – Tarzana East Location",Tarzana,CA,"United States",Open,
10157,"Progress Ranch",Sacramento,CA,"United States",Open,
10158,"Project 14:14 Inc",Fresno,CA,"United States",Open,https://kidsoverprofits.org/facility/project-14-14-inc-ca/
10159,"Project Destiny Home of Hope","Los Angeles",CA,"United States",Open,https://kidsoverprofits.org/facility/project-destiny-home-of-hope-ca/
10160,"Promesa – Barstow House",Fresno,CA,"United States",Open,https://kidsoverprofits.org/facility/promesa-barstow-house-ca/
10161,"Promesa – Madera House",Madera,CA,"United States",Open,https://kidsoverprofits.org/facility/promesa-madera-house-ca/
10162,"Promesa – Millbrook House",Fresno,CA,"United States",Open,https://kidsoverprofits.org/facility/promesa-millbrook-house-ca/
10163,"Promesa – Minarets House",Fresno,CA,"United States",Open,https://kidsoverprofits.org/facility/promesa-minarets-house-ca/
10164,"Promesa – Niles House",", Fresno, CA",CA,"United States",Open,https://kidsoverprofits.org/facility/promesa-niles-house-ca/
10165,"Promesa – Spruce House",Fresno,CA,"United States",Open,https://kidsoverprofits.org/facility/promesa-spruce-house-ca/
10166,"Promesa – Van Ness",Fresno,CA,"United States",Open,
10167,"Quality Family Services – Belmont House",Fresno,CA,"United States",Open,
10168,"Quality Family Services – Cambridge House",Fresno,CA,"United States",Open,
10169,"Quality Family Services – Clinton House",Fresno,CA,"United States",Open,
10170,"Quality Family Services – Gettysburg House",Fresno,CA,"United States",Open,
10171,"Quality Family Services – Millbrook House",Fresno,CA,"United States",Open,
10172,"Quality Family Services – Perrin House",Clovis,CA,"United States",Open,
10173,"Quality Family Services – Rialto House",Fresno,CA,"United States",Open,
10174,"Quality Family Services – Sample House",Fresno,CA,"United States",Open,
10175,"Quality Family Services – Warner House",Fresno,CA,"United States",Open,
10176,"Quality Family Services – Yale House",Fresno,CA,"United States",Open,
10177,Quest,Boonville,CA,"United States",Closed,
10178,"Rainbow Valley Merced",Merced,CA,"United States",Open,https://kidsoverprofits.org/facility/rainbow-valley-merced-ca/
10179,"Rancho San Antonio – Brother John’s House",Chatsworth,CA,"United States",Open,https://kidsoverprofits.org/facility/rancho-san-antonio-brother-john-s-house-ca/
10180,"Reach to Win Youth Home Facility",Brentwood,CA,"United States",Open,
10181,"Redwood Community Services, Inc – Birch House","Redwood Valley",CA,"United States",Open,https://kidsoverprofits.org/facility/redwood-community-services-inc-birch-house-ca/
10182,"Redwood Community Services, Inc – Sequoia House",Eureka,CA,"United States",Open,https://kidsoverprofits.org/facility/redwood-community-services-inc-sequoia-house-ca/
10183,"Remi Vista – Porta Dego Home",Redding,CA,"United States",Open,https://kidsoverprofits.org/facility/remi-vista-porta-dego-home-ca/
10184,"Remi Vista – Ranch School",Whitmore,CA,"United States",Closed,
10185,"Remi Vista – Shasta",Redding,CA,"United States",Open,
10186,"Ridgeview Ranch",Altadena,CA,"United States",Open,
10187,"River Stones Child & Adolescent Treatment, Inc. – Whisper Canyon",Redlands,CA,"United States",Open,
10188,"River Stones Child and Adolescent Treatment, Inc. – Mountain View",Redlands,CA,"United States",Open,
10190,"Rivers Edge Academy",Redding,CA,"United States",Open,
10191,"Riverside County – Southwest Juvenile Hall",Murrieta,CA,"United States",Open,
10192,"Riverside Juvenile Hall",Riverside,CA,"United States",Open,
10193,"ROP ATCS Baker House","Costa Mesa",CA,"United States",Open,https://kidsoverprofits.org/facility/rop-atcs-baker-house-ca/
10194,"ROP ATCS Joann House","Costa Mesa",CA,"United States",Open,https://kidsoverprofits.org/facility/rop-atcs-joann-house-ca/
10195,"ROP ATCS Johnson House","Costa Mesa",CA,"United States",Open,https://kidsoverprofits.org/facility/rop-atcs-johnson-house-ca/
10196,"ROP ATCS Sierra Ridge Treatment Center","San Andreas",CA,"United States",Closed,https://kidsoverprofits.org/facility/rop-atcs-sierra-ridge-treatment-center-ca/
10197,"ROP Emancipation Home",Torrance,CA,"United States",Open,https://kidsoverprofits.org/facility/rop-emancipation-home-ca/
10198,"ROP Harbor City Home","San Pedro",CA,"United States",Open,https://kidsoverprofits.org/facility/rop-harbor-city-home-ca/
10199,"ROP Livingston House",Placentia,CA,"United States",Open,https://kidsoverprofits.org/facility/rop-livingston-house-ca/
10200,"ROP Paragon House",Placenta,CA,"United States",Open,https://kidsoverprofits.org/facility/rop-paragon-house-ca/
10201,"Ruby’s Place Youth Village","Castro Valley",CA,"United States",Open,https://kidsoverprofits.org/facility/ruby-s-place-youth-village-ca/
10202,"Sacramento Children’s Home STRTP",Sacramento,CA,"United States",Open,
10203,"Sacramento County Youth Detention Facility",Sacramento,CA,"United States",Open,
10204,"Sacred Oaks Healing Center",Davis,CA,"United States",Open,
10205,"San Benito County Juvenile Hall",Hollister,CA,"United States",Open,
10206,"San Bernardino Central Detention – Juvenile Detention Center","San Bernardino",CA,"United States",Open,
10207,"San Diego Center for Children RTC","San Diego",CA,"United States",Open,
10209,"San Francisco Boys and Girls Home – Euclid House","San Francisco",CA,"United States",Open,https://kidsoverprofits.org/facility/san-francisco-boys-and-girls-home-euclid-house-ca/
10210,"San Francisco Juvenile Justice Center","San Francisco",CA,"United States",Open,
10211,"San Gabriel Children’s Center – Enid Home",Azusa,CA,"United States",Open,
10212,"San Gabriel Children’s Center – Homerest Home",Azusa,CA,"United States",Open,
10213,"San Joaquin Juvenile Hall","French Camp",CA,"United States",Open,
10214,"Sanctuary Recovery Center for Teens","Trabuco Canyon",CA,"United States",Open,
10215,"Santa Clara Juvenile Hall","San Jose",CA,"United States",Open,
10216,"Santa Cruz Juvenile Hall",Felton,CA,"United States",Open,
10217,"Santa Maria Home",Yucaipa,CA,"United States",Open,https://kidsoverprofits.org/facility/santa-maria-home-ca/
10218,"Santa Maria Juvenile Hall – Susan J. Gionfriddo Juvenile Justice Center","Santa Maria",CA,"United States",Open,
10219,"Saving Another Manchild Services, Inc.",Riverside,CA,"United States",Open,
10220,"Scott’s Youth Facility",Bakersfield,CA,"United States",Open,https://kidsoverprofits.org/facility/scott-s-youth-facility-ca/
10221,"Seneca Aspire – Oakland",Oakland,CA,"United States",Open,https://kidsoverprofits.org/facility/seneca-aspire-oakland-ca/
10222,"Seneca Aspire – SF","San Francisco",CA,"United States",Open,
10223,"Seneca Center",Concord,CA,"United States",Open,
10224,"Seneca Compass – Petaluma",Petaluma,CA,"United States",Open,https://kidsoverprofits.org/facility/seneca-compass-petaluma-ca/
10225,"Seneca Compass – Ventura",Oxnard,CA,"United States",Open,https://kidsoverprofits.org/facility/seneca-compass-ventura-ca/
10226,"Seneca Connections STRTP","San Francisco",CA,"United States",Open,https://kidsoverprofits.org/facility/seneca-connections-strtp-ca/
10227,"Shasta County Juvenile Rehabilitation Facility",Redding,CA,"United States",Open,
10228,"Shepherd’s Ranch Christian Academy",Whitmore,CA,"United States",Open,
10229,"Shimber Beris School Community",Ojai,CA,"United States",Closed,
10230,"Sierra Quest Boys Academy",Mariposa,CA,"United States",Open,
10231,"Sierra Quest Girls Academy",Mariposa,CA,"United States",Open,https://kidsoverprofits.org/facility/sierra-quest-girls-academy-ca/
10232,"Sierra Vista STRTP",Modesto,CA,"United States",Open,
10233,"Silence Aloud – Search Light Center for Healing","Moreno Valley",CA,"United States",Open,https://kidsoverprofits.org/facility/silence-aloud-search-light-center-for-healing-ca/
10234,"SLO County Juvenile Hall","San Luis Obispo",CA,"United States",Open,
10235,"Sojourner’s Haven Group Home STRTP","San Luis Obispo",CA,"United States",Open,
10236,"Solano County Juvenile Hall",Fairfield,CA,"United States",Open,
10237,"Sonoma County Juvenile Institute","Santa Rosa",CA,"United States",Open,
10238,"Sonoma County Probation Camp",Forestville,CA,"United States",Open,
10239,"South Coast Children’s Society – Caladium","Fountain Valley",CA,"United States",Open,https://kidsoverprofits.org/facility/south-coast-children-s-society-caladium-ca/
10240,"South Coast Children’s Society – Dahlia","Costa Mesa",CA,"United States",Open,https://kidsoverprofits.org/facility/south-coast-children-s-society-dahlia-ca/
10241,"South Coast Children’s Society – San Rafael","Fountain Valley",CA,"United States",Open,https://kidsoverprofits.org/facility/south-coast-children-s-society-san-rafael-ca/
10242,"Southwood Psychiatric Center RTC","Chula Vista",CA,"United States",Closed,
10243,"Squaw Valley Academy","Olympic Valley",CA,"United States",Closed,
10244,"St. Anne’s STRTP","Los Angeles",CA,"United States",Open,https://kidsoverprofits.org/facility/st-anne-s-strtp-ca/
10245,"St. Vincent’s School for Boys STRTP","San Rafael",CA,"United States",Open,
10246,"Stanilaus County Juvenile Hall",Modesto,CA,"United States",Open,
10247,"Star View Community Treatment Facility",Compton,CA,"United States",Open,https://kidsoverprofits.org/facility/star-view-community-treatment-facility-ca/
10248,"Starshine Treatment Center","San Bernardino",CA,"United States",Open,https://kidsoverprofits.org/facility/starshine-treatment-center-ca/
10249,"Stella Maris Growth Center for Girls","Moreno Valley",CA,"United States",Open,
10250,"Success in Recovery",Visalia,CA,"United States",Open,https://kidsoverprofits.org/facility/success-in-recovery-ca/
10251,"Summit Estate Recovery Center",Saratoga,CA,"United States",Open,
10252,"Summitview Child & Family Services","El Dorado Hills",CA,"United States",Open,https://kidsoverprofits.org/facility/summitview-child-family-services-ca/
10253,"Sunol Hills – Casa Fremont",Fremont,CA,"United States",Open,
10255,"Sycamores STRTP South Campus",Altadena,CA,"United States",Open,
10256,"Synanon Punk Squad",Malibu,CA,"United States",Closed,
10257,"T&T House of Champions, Inc.",Oakland,CA,"United States",Open,https://kidsoverprofits.org/facility/t-t-house-of-champions-inc-ca/
10258,"Tarzana Treatment Centers",Tarzana,CA,"United States",Open,https://kidsoverprofits.org/facility/tarzana-treatment-centers-ca/
10259,"Tayler Group Home","San Jose",CA,"United States",Open,
10260,"Teen C.A.R.E. Camp","Running Springs",CA,"United States",Closed,
10261,"Teen Challenge Southern California",Riverside,CA,"United States",Open,
10262,"Tehama County Juvenile Detention Facility","Red Bluff",CA,"United States",Open,
10263,"The Arrow House",Orange,CA,"United States",Open,
10264,"The Camp Recovery Center","Scotts Valley",CA,"United States",Open,
10265,"The Heritage School",Calistoga,CA,"United States",Closed,
10266,"The Light Keepers",Bakersfield,CA,"United States",Open,
10267,"Theo Lacy Juvenile Facility",Orange,CA,"United States",Open,
10268,"Thunder Road Chemical Dependency Recovery Center",Oakland,CA,"United States",Open,
10269,"Tiffany’s Place",Escondido,CA,"United States",Open,https://kidsoverprofits.org/facility/tiffany-s-place-ca/
10270,"TMHA – Youth Treatment Program","San Luis Obispo",CA,"United States",Open,https://kidsoverprofits.org/facility/tmha-youth-treatment-program-ca/
10272,Touchstones,Orange,CA,"United States",Open,
10273,"Tranquil Waters Guidance Center",Bakersfield,CA,"United States",Open,
10274,"Tree House Youth Homes, Inc.",Tujunga,CA,"United States",Open,
10275,"Trinity – Apple Valley","Apple Valley",CA,"United States",Open,https://kidsoverprofits.org/facility/trinity-apple-valley-ca/
10276,"Trinity – El Monte","El Monte",CA,"United States",Open,https://kidsoverprofits.org/facility/trinity-el-monte-ca/
10277,"Trinity – Yucaipa",Yucaipa,CA,"United States",Open,https://kidsoverprofits.org/facility/trinity-yucaipa-ca/
10278,"Tulare County Juvenile Detention Facility","368 Visalia",CA,"United States",Open,
10279,"Tuolumne County Motherlode Regional Juvenile Detention Facility",Sonora,CA,"United States",Open,
10280,"Tuolumne Inn",Turlock,CA,"United States",Open,https://kidsoverprofits.org/facility/tuolumne-inn-ca/
10281,"Turning Point – Journey On",Ukiah,CA,"United States",Open,https://kidsoverprofits.org/facility/turning-point-journey-on-ca/
10282,"Turning Point – La Serenata",Nipomo,CA,"United States",Open,
10283,"Turning Point – Lake House",Kelseyville,CA,"United States",Open,https://kidsoverprofits.org/facility/turning-point-lake-house-ca/
10284,"Turning Point – Prairie House","Paso Robles",CA,"United States",Open,
10285,"Unicorn Garden",Bakersfield,CA,"United States",Open,https://kidsoverprofits.org/facility/unicorn-garden-ca/
10286,"Valley of the Moon STRTP","Santa Rosa",CA,"United States",Open,https://kidsoverprofits.org/facility/valley-of-the-moon-strtp-ca/
10287,"Valley Teen Ranch",Fresno,CA,"United States",Open,https://kidsoverprofits.org/facility/valley-teen-ranch-ca/
10288,"Varsity Team, Inc.",Calipatria,CA,"United States",Open,https://kidsoverprofits.org/facility/varsity-team-inc-ca/
10289,"Ve & Daughters Happy Home","San Diego",CA,"United States",Open,
10291,"Ventury County Juvenile Hall Facility",Oxnard,CA,"United States",Open,
10292,"Victor Treatment Center – 500 House",Pasadena,CA,"United States",Open,
10293,"Victor Treatment Center – Bonnie House",Pasadena,CA,"United States",Open,
10294,"Victor Treatment Center – Clover House","Santa Rosa",CA,"United States",Open,https://kidsoverprofits.org/facility/victor-treatment-center-clover-house-ca/
10295,"Victor Treatment Center – Country Club House","Santa Rosa",CA,"United States",Open,https://kidsoverprofits.org/facility/victor-treatment-center-country-club-house-ca/
10296,"Victor Treatment Center – Green House",Pasadena,CA,"United States",Open,
10297,"Victor Treatment Center – Irwin House","Santa Rosa",CA,"United States",Open,https://kidsoverprofits.org/facility/victor-treatment-center-irwin-house-ca/
10298,"Victor Treatment Center – Juniper House","Santa Rosa",CA,"United States",Open,https://kidsoverprofits.org/facility/victor-treatment-center-juniper-house-ca/
10299,"Victor Treatment Center – Lane House","Santa Rosa",CA,"United States",Open,https://kidsoverprofits.org/facility/victor-treatment-center-lane-house-ca/
10300,"Victor Treatment Center – Logan House",Redding,CA,"United States",Open,
10301,"Victor Treatment Center – Pasadena",Pasadena,CA,"United States",Open,
10302,"Victor Treatment Center – The Cottage",Pasadena,CA,"United States",Open,
10303,"Victor Treatment Center – Wright House","South Pasadena",CA,"United States",Open,https://kidsoverprofits.org/facility/victor-treatment-center-wright-house-ca/
10304,"Victor Youth Services – Alta Mesa House",Redding,CA,"United States",Open,
10305,"Victor Youth Services – Clairvaux House",Redding,CA,"United States",Open,
10306,"Victor Youth Services – Kings Way House",Redding,CA,"United States",Open,
10307,"Victor Youth Services – Oasis House",Redding,CA,"United States",Open,
10308,"Victory Christian Academy",Ramona,CA,"United States",Closed,https://kidsoverprofits.org/facility/victory-christian-academy-ca/
10309,VisionQuest,Hesperia,CA,"United States",Closed,https://kidsoverprofits.org/facility/visionquest-ca/
10310,"Visions Adolescent Treatment Center",Malibu,CA,"United States",Open,https://kidsoverprofits.org/facility/visions-adolescent-treatment-center-ca/
10311,"Wake Forest",Merced,CA,"United States",Open,https://kidsoverprofits.org/facility/wake-forest-ca/
10312,"Walnut Creek RTC","Walnut Creek",CA,"United States",Open,https://kidsoverprofits.org/facility/walnut-creek-rtc-ca/
10313,"Walt’s Home for Young Men",Bakersfield,CA,"United States",Open,https://kidsoverprofits.org/facility/walt-s-home-for-young-men-ca/
10314,"Warner Mountain School at Bar B Ranch","Fort Bidwell",CA,"United States",Open,
10315,"West Children’s Home","Los Angeles",CA,"United States",Open,https://kidsoverprofits.org/facility/west-children-s-home-ca/
10317,"William F. James Boys Ranch","Morgan Hill",CA,"United States",Open,
10318,"Willow Hills Wellness for Teens LLC","Lake Mathews",CA,"United States",Open,
10319,"Yolo County Juvenile Hall",Woodland,CA,"United States",Open,
10320,"Your First Step – Advent Group Ministries Gateway Home","San Martin",CA,"United States",Open,
10321,"Your House South","Redwood City",CA,"United States",Closed,
10322,"Youth Quest Inc.",Bakersfield,CA,"United States",Open,
10323,"Youth Quest Inc. for Girls",Bakersfield,CA,"United States",Open,https://kidsoverprofits.org/facility/youth-quest-inc-for-girls-ca/
10324,"Yuba County Juvenile Hall",Marysville,CA,"United States",Open,
10325,"Zoe Home for Youth",", Building A & B Acton",CA,"United States",Open,https://kidsoverprofits.org/facility/zoe-home-for-youth-ca/
10326,"Ettie Lee Homes - Diamond L. Ranch",,CA,"United States",Open,https://kidsoverprofits.org/facility/ettie-lee-homes-diamond-l-ranch-ca/
10327,"Open Line - The Oaks",Redding,CA,"United States",Open,https://kidsoverprofits.org/facility/open-line-the-oaks-ca/
10328,"Open Line - Woodcliff",Redding,CA,"United States",Open,https://kidsoverprofits.org/facility/open-line-woodcliff-ca/
10329,"Lamar House – Sunnyvale, CA",,CA,"United States",Open,
10330,"Victor Treatment Center - Romberger House",,CA,"United States",Open,
10331,"Vista Del Mar Child and Family Services STRTP","Los Angeles",CA,"United States",Open,
10332,"Boys Republic Laws Cottage STRTP",,CA,"United States",Open,
10333,"Discovery Academy",Provo,UT,"United States",Closed,https://kidsoverprofits.org/facility/discovery-academy-ut/
10336,"Oxbow Academy","Mt. Pleasant",UT,"United States",Open,https://kidsoverprofits.org/facility/oxbow-academy-ut/
10337,"OASIS Ascent",Millcreek,UT,"United States",Open,https://kidsoverprofits.org/facility/oasis-ascent-ut/
10338,"RedCliff Ascent",Enterprise,UT,"United States",Open,https://kidsoverprofits.org/facility/redcliff-ascent-ut/
10339,"ThreePeaks Ascent",Enterprise,UT,"United States",Open,https://kidsoverprofits.org/facility/threepeaks-ascent-ut/
10341,"La Europa Academy",Murray,UT,"United States",Open,https://kidsoverprofits.org/facility/la-europa-academy-ut/
10342,"Kolob Canyon RTC","New Harmony",UT,"United States",Open,https://kidsoverprofits.org/facility/kolob-canyon-rtc-ut/
10343,"Moonridge Academy","Cedar City",UT,"United States",Open,https://kidsoverprofits.org/facility/moonridge-academy-ut/
10344,"Turn-About Ranch",Escalante,UT,"United States",Transferred,https://kidsoverprofits.org/facility/turn-about-ranch-ut/
10345,"Youth Care of Utah",Draper,UT,"United States",Open,https://kidsoverprofits.org/facility/youth-care-of-utah-ut/
10346,"Aspen Institute for Behavioral Assessment",Syracuse,UT,"United States",Transferred,https://kidsoverprofits.org/facility/aspen-institute-for-behavioral-assessment-ut/
10347,"Aspen Ranch",Loa,UT,"United States",Closed,https://kidsoverprofits.org/facility/aspen-ranch-ut/
10348,"Island View RTC",Syracuse,UT,"United States",Transferred,https://kidsoverprofits.org/facility/island-view-rtc-ut/
10349,"Oakley School",Oakley,UT,"United States",Closed,https://kidsoverprofits.org/facility/oakley-school-ut/
10350,"Outback Therapeutic Expeditions",Lehi,UT,"United States",Closed,https://kidsoverprofits.org/facility/outback-therapeutic-expeditions-ut/
10351,"Passages to Recovery",Loa,UT,"United States",Closed,https://kidsoverprofits.org/facility/passages-to-recovery-ut/
10352,"Pine Ridge Academy",Draper,UT,"United States",Closed,https://kidsoverprofits.org/facility/pine-ridge-academy-ut/
10353,"New Haven RTC","Saratoga Springs",UT,"United States",Open,https://kidsoverprofits.org/facility/new-haven-rtc-ut/
10354,"Embark at Hobble Creek",Springville,UT,"United States",Open,https://kidsoverprofits.org/facility/embark-at-hobble-creek-ut/
10355,"Discover Seven Stars",Syracuse,UT,"United States",Open,https://kidsoverprofits.org/facility/discover-seven-stars-ut/
10357,"New Focus Academy","Heber City",UT,"United States",Open,https://kidsoverprofits.org/facility/new-focus-academy-ut/
10358,"ROOTS Transition","Park City",UT,"United States",Open,https://kidsoverprofits.org/facility/roots-transition-ut/
10360,"Uinta Academy",Wellsville,UT,"United States",Open,https://kidsoverprofits.org/facility/uinta-academy-ut/
10362,"Wingate Wilderness Therapy",Kanab,UT,"United States",Closed,https://kidsoverprofits.org/facility/wingate-wilderness-therapy-ut/
10365,"KIDS of Greater Salt Lake","South Salt Lake",UT,"United States",Closed,https://kidsoverprofits.org/facility/kids-of-greater-salt-lake-ut/
10366,"Newport Academy – Oakley",Oakley,UT,"United States",Unknown,https://kidsoverprofits.org/facility/newport-academy-oakley-ut/
10367,"Mount Pleasant Academy","Mount Pleasant",UT,"United States",Closed,https://kidsoverprofits.org/facility/mount-pleasant-academy-ut/
10368,"Red Rock Canyon School","St. George",UT,"United States",Closed,https://kidsoverprofits.org/facility/red-rock-canyon-school-ut/
10369,"180 Ministries for Girls",Tooele,UT,"United States",Unknown,https://kidsoverprofits.org/facility/180-ministries-for-girls-ut/
10372,"Cross Creek Center","La Verkin",UT,"United States",Closed,https://kidsoverprofits.org/facility/cross-creek-center-ut/
10373,"Cross Creek Manor","La Verkin",UT,"United States",Closed,https://kidsoverprofits.org/facility/cross-creek-manor-ut/
10374,"Linden House","St. George",UT,"United States",Closed,https://kidsoverprofits.org/facility/linden-house-ut/
10376,"Gateway Academy",,UT,"United States",Unknown,https://kidsoverprofits.org/facility/gateway-academy-ut/
10378,"Abundant Life Academy",Kanab,UT,"United States",Closed,https://kidsoverprofits.org/facility/abundant-life-academy-ut/
10379,"Academy at Canyon Creek",Springville,UT,"United States",Closed,https://kidsoverprofits.org/facility/academy-at-canyon-creek-ut/
10380,"Academy of Eastern Arizona","Cedar City",UT,"United States",Closed,https://kidsoverprofits.org/facility/academy-of-eastern-arizona-ut/
10381,"Alliance Youth Services",Lehi,UT,"United States",Open,https://kidsoverprofits.org/facility/alliance-youth-services-ut/
10382,"Alpine Academy",Erda,UT,"United States",Open,https://kidsoverprofits.org/facility/alpine-academy-ut/
10383,"Alternative Youth Adventures of Utah",Loa,UT,"United States",Closed,
10384,"Apex Youth Services","Brigham City",UT,"United States",Closed,https://kidsoverprofits.org/facility/apex-youth-services-ut/
10385,"Ascent Country Residential",Mona,UT,"United States",Closed,
10386,"Ascent Inc.",Enterprise,UT,"United States",Open,
10387,"Ascent, Inc. – Discovery Ranch for Girls","Cedar City",UT,"United States",Open,
10388,"Ashcreek Ranch Academy",Toquerville,UT,"United States",Closed,https://kidsoverprofits.org/facility/ashcreek-ranch-academy-ut/
10390,"Aspiro Group Inc.","Mount Pleasant",UT,"United States",Open,
10391,"Aspiro Wilderness Adventure Therapy",Sandy,UT,"United States",Closed,https://kidsoverprofits.org/facility/aspiro-wilderness-adventure-therapy-ut/
10392,"Avalon Hills Eating Disorder Program",Paradise,UT,"United States",Open,
10393,"Bear River RTC","Brigham City",UT,"United States",Closed,
10394,"Behavioral Health",Fairview,UT,"United States",Open,
10395,"Benchmark Behavioral Health Systems","Woods Cross",UT,"United States",Open,
10396,"Blue Hills Residential Treatment, LLC",Moroni,UT,"United States",Open,https://kidsoverprofits.org/facility/blue-hills-residential-treatment-llc-ut/
10397,"Blue Peak Academy for Young Women",Koosharem,UT,"United States",Open,
10398,"Boulder Outdoor Survival School",Boulder,UT,"United States",Closed,
10399,"Bridges – Lotts’ Legacy Youth Program",Escalante,UT,"United States",Closed,
10400,"Brightway Adolescent Hospital","St. George",UT,"United States",Closed,https://kidsoverprofits.org/facility/brightway-adolescent-hospital-ut/
10401,"Bryce Canyon Academy",Parowan,UT,"United States",Closed,
10402,"Cache Valley Youth Center",Logan,UT,"United States",Open,
10403,"Canyon River Ranch",Ogden,UT,"United States",Closed,https://kidsoverprofits.org/facility/canyon-river-ranch-ut/
10404,"Canyonlands Youth Center",Blanding,UT,"United States",Open,
10405,"Cascade Academy",Midway,UT,"United States",Open,
10406,"Castle Country Youth Center",Price,UT,"United States",Open,
10407,"Catalyst Residential Treatment Center – Grey House","Brigham City",UT,"United States",Open,
10408,"Catalyst Residential Treatment Center – Red","Brigham City",UT,"United States",Open,
10409,"Cedar Breaks Academy",Parowan,UT,"United States",Closed,https://kidsoverprofits.org/facility/cedar-breaks-academy-ut/
10410,"Cedar Ridge Academy",Roosevelt,UT,"United States",Closed,https://kidsoverprofits.org/facility/cedar-ridge-academy-ut/
10411,"Cedar Valley Ranch","Cedar City",UT,"United States",Open,
10412,"Center for Change Residential Eating Disorder Treatment Center",Orem,UT,"United States",Open,https://kidsoverprofits.org/facility/center-for-change-residential-eating-disorder-treatment-center-ut/
10413,"Central Utah Youth Center",Richfield,UT,"United States",Open,
10414,"CERTS – Kolob Canyon Residential Treatment Center","New Harmony",UT,"United States",Open,https://kidsoverprofits.org/facility/certs-kolob-canyon-residential-treatment-center-ut/
10415,"CERTS – Moonridge Academy","Cedar City",UT,"United States",Open,https://kidsoverprofits.org/facility/certs-moonridge-academy-ut/
10416,"Challenger Foundation","Kane County",UT,"United States",Closed,https://kidsoverprofits.org/facility/challenger-foundation-ut/
10417,"Cinnamon Hills Youth Crisis Center","Saint George",UT,"United States",Open,https://kidsoverprofits.org/facility/cinnamon-hills-youth-crisis-center-ut/
10418,"Compass Academy 1",Moroni,UT,"United States",Open,https://kidsoverprofits.org/facility/compass-academy-1-ut/
10419,"Cottonwood Treatment Center","South Salt Lake",UT,"United States",Closed,https://kidsoverprofits.org/facility/cottonwood-treatment-center-ut/
10420,"Cross Creek Programs","La Verkin",UT,"United States",Closed,https://kidsoverprofits.org/facility/cross-creek-programs-ut/
10421,"Crossroads Academy RTC",Ogden,UT,"United States",Open,https://kidsoverprofits.org/facility/crossroads-academy-rtc-ut/
10422,"Daniels Academy","Heber City",UT,"United States",Closed,https://kidsoverprofits.org/facility/daniels-academy-ut/
10423,"Davis Behavioral Health – AMRC",Kaysville,UT,"United States",Open,
10424,"Decker Lake Youth Center","West Valley City",UT,"United States",Open,
10425,"Diamond Ranch Academy",Hurricane,UT,"United States",Closed,https://kidsoverprofits.org/facility/diamond-ranch-academy-ut/
10426,"Discovery Connections",Orem,UT,"United States",Open,https://kidsoverprofits.org/facility/discovery-connections-ut/
10428,"Eagle Academy",Clearfield,UT,"United States",Open,
10429,"Eagle Quest Outdoor Youth Program",Nephi,UT,"United States",Open,
10430,"Eagle Ranch Academy","Saint George",UT,"United States",Open,https://kidsoverprofits.org/facility/eagle-ranch-academy-ut/
10431,"Eagle Valley Youth Ranch",Topic,UT,"United States",Closed,
10432,"Elements Wilderness Program",Huntington,UT,"United States",Open,
10434,"Equine Journeys LLC",Loa,UT,"United States",Open,https://kidsoverprofits.org/facility/equine-journeys-llc-ut/
10435,"Eva Carlston Academy – Covecrest House","Salt Lake City",UT,"United States",Open,https://kidsoverprofits.org/facility/eva-carlston-academy-covecrest-house-ut/
10436,"Eva Carlston Academy – Draper House","Salt Lake City",UT,"United States",Open,
10437,"Eva Carlston Academy – Main House","Salt Lake City",UT,"United States",Open,https://kidsoverprofits.org/facility/eva-carlston-academy-main-house-ut/
10439,"Extended Family Services","Spanish Fork",UT,"United States",Open,
10440,"Family Connection Center Inc – Open Doors Social Services",Clearfield,UT,"United States",Open,
10441,"Family Support Center of Ogden",Ogden,UT,"United States",Open,
10442,"Farmington Bay Youth Center",Farmington,UT,"United States",Open,
10443,"Gateway Academy, LLC – Draper",Draper,UT,"United States",Open,
10444,"Gateway Academy, LLC. – Gateway House",Draper,UT,"United States",Open,https://kidsoverprofits.org/facility/gateway-academy-llc-gateway-house-ut/
10445,"Haven Home for Girls",Salem,UT,"United States",Open,
10448,"High Peaks Wilderness Program",Roosevelt,UT,"United States",Closed,
10449,"High Top Ranch School",Koosharem,UT,"United States",Closed,
10450,"Highland Ridge Hospital",Midvale,UT,"United States",Closed,
10451,"Horizon Academy","La Verkin",UT,"United States",Closed,https://kidsoverprofits.org/facility/horizon-academy-ut/
10452,"Horseshoe Mountain Academy",Ephraim,UT,"United States",Open,https://kidsoverprofits.org/facility/horseshoe-mountain-academy-ut/
10453,"Huntsman Mental Health Institute at University of Utah","Salt Lake City",UT,"United States",Open,https://kidsoverprofits.org/facility/huntsman-mental-health-institute-at-university-of-utah-ut/
10454,"Imperial Healing Estate Residential",Provo,UT,"United States",Open,
10455,InnerChange,Provo,UT,"United States",Open,https://kidsoverprofits.org/facility/innerchange-ut/
10456,"Iron County Youth Center","Cedar City",UT,"United States",Open,
10457,"Key Point Academy",Kanab,UT,"United States",Closed,
10458,"Kiva Adventure Ranch",Toquerville,UT,"United States",Open,https://kidsoverprofits.org/facility/kiva-adventure-ranch-ut/
10459,"Lakeside Academy",Clearfield,UT,"United States",Open,https://kidsoverprofits.org/facility/lakeside-academy-ut/
10460,"Lakeview RTC",Provo,UT,"United States",Open,
10461,"Legacy Outdoor Adventures",Loa,UT,"United States",Open,
10462,"Liahona Academy for Youth – Liahona Treatment Center",Virgin,UT,"United States",Open,
10463,"Liahona Academy for Youth LLC – Liahona Treatment Center",Hurricane,UT,"United States",Open,
10464,"Life Quest Girls Academy",Parowan,UT,"United States",Open,
10465,"LifeLine Behavioral Health","North Salt Lake",UT,"United States",Open,
10466,"Lifeline for Youth","North Salt Lake",UT,"United States",Closed,https://kidsoverprofits.org/facility/lifeline-for-youth-ut/
10467,"Live for Life Aspen, LLC",Murray,UT,"United States",Open,
10468,"Live for Life Cypress, LLC",Erda,UT,"United States",Open,
10469,"Live for Life Sequoia, LLC","West Jordan",UT,"United States",Open,
10470,"Live Strong House",Roosevelt,UT,"United States",Open,
10471,"Logan River Academy",Logan,UT,"United States",Open,https://kidsoverprofits.org/facility/logan-river-academy-ut/
10472,"Lost and Found Academy",Milford,UT,"United States",Closed,
10473,"Magellan Academy","Spanish Fork",UT,"United States",Open,
10474,"Makana Leadership Academy",Roosevelt,UT,"United States",Closed,https://kidsoverprofits.org/facility/makana-leadership-academy-ut/
10475,"Maple Lake Academy, LLC – Boys’ Home","Spanish Fork",UT,"United States",Open,https://kidsoverprofits.org/facility/maple-lake-academy-llc-boys-home-ut/
10476,"Maple Lake Academy, LLC – Girls’ Home","Spanish Fork",UT,"United States",Closed,
10477,"Maple Rise Properties, LLC – Logan River",Wellsville,UT,"United States",Open,
10478,"Maximum Life Skills Academy","Cedar City",UT,"United States",Closed,
10479,"Meridian Mentoring – Boys Home",Orangeville,UT,"United States",Open,
10480,"Mill Creek Youth Center",Ogden,UT,"United States",Open,
10481,"Monuments Academy LLC","Brian Head",UT,"United States",Open,
10482,"Mountain Homes Youth Ranch",Vernal,UT,"United States",Closed,https://kidsoverprofits.org/facility/mountain-homes-youth-ranch-ut/
10484,"Navajo Pines",LaVerkin,UT,"United States",Closed,
10485,"New Beginnings Behavioral Health",Draper,UT,"United States",Open,https://kidsoverprofits.org/facility/new-beginnings-behavioral-health-ut/
10486,"New Beginnings Behavioral Treatment Agency","West Jordan",UT,"United States",Open,
10487,"New Haven","Spanish Fork",UT,"United States",Open,https://kidsoverprofits.org/facility/new-haven-ut/
10488,"New Haven – Saratoga Springs Academy","Saratoga Springs",UT,"United States",Open,
10489,"Newport Academy",Oakley,UT,"United States",Open,
10490,"North Star Center, LLC – North Star Treatment Center","La Verkin",UT,"United States",Open,
10491,"Northstar Expeditions",Escalante,UT,"United States",Closed,https://kidsoverprofits.org/facility/northstar-expeditions-ut/
10492,"Northstar Youth Academy",", Provo",UT,"United States",Closed,
10493,"Novo Ranch",Roosevelt,UT,"United States",Open,
10494,"Oasis Academy",Orem,UT,"United States",Closed,
10495,"Odyssey House of Utah","Salt Lake City",UT,"United States",Open,
10497,"Olympus View Hospital RTC","Salt Lake City",UT,"United States",Closed,
10498,"Outback Therapeutic Journeys, LLC",Lehi,UT,"United States",Open,
10499,"Oxbow Academy – Oxbow Evaluation Center","Mount Pleasant",UT,"United States",Open,
10500,"Oxbow Academy, LLC – Oxbow Academy East","Mount Pleasant",UT,"United States",Open,
10501,"Oxbow Academy, LLC – Oxbow Academy West",Wales,UT,"United States",Open,
10502,"Painted Hills Academy",Milford,UT,"United States",Open,
10503,"Parents Helping Parents","South Jordan",UT,"United States",Open,
10504,"Pine Creek Ranch","Mount Pleasant",UT,"United States",Closed,https://kidsoverprofits.org/facility/pine-creek-ranch-ut/
10505,"Pine Ridge Behavioral Treatment",Fairview,UT,"United States",Open,
10506,"Proctor Advocate","Salt Lake City",UT,"United States",Closed,
10507,"Provo Canyon Boy’s Transition",Orem,UT,"United States",Open,
10508,"Provo Canyon Residential Services of Utah II",Orem,UT,"United States",Open,
10509,"Red Circle Lodge, Inc",Hildale,UT,"United States",Open,
10510,"Red Fern Ranch","Sanpete County",UT,"United States",Closed,
10511,"RedCliff Ascent Wilderness Program",Enterprise,UT,"United States",Open,https://kidsoverprofits.org/facility/redcliff-ascent-wilderness-program-ut/
10512,"Renewed Hope Ranch, LLC",Enoch,UT,"United States",Open,
10513,"Salt Lake Valley Youth Center","Salt Lake City",UT,"United States",Open,
10516,"Seneca Wilderness Therapy",Orem,UT,"United States",Closed,
10517,"Sequoia Wilderness Institute",Orem,UT,"United States",Closed,
10519,"Skyline Journey",Nephi,UT,"United States",Closed,https://kidsoverprofits.org/facility/skyline-journey-ut/
10520,"Slate Canyon Youth Center",Provo,UT,"United States",Open,
10521,"Solacium Sunrise, LLC – Sunrise RTC",Hurricane,UT,"United States",Open,
10522,"Solacium Sunrise, LLC – Sunrise RTC – The Fields",Washington,UT,"United States",Open,https://kidsoverprofits.org/facility/solacium-sunrise-llc-sunrise-rtc-the-fields-ut/
10523,"Sorenson’s Ranch School",Koosharem,UT,"United States",Open,https://kidsoverprofits.org/facility/sorenson-s-ranch-school-ut/
10524,"Southwest Utah Youth Center","Cedar City",UT,"United States",Open,
10525,"Spirit Lake Ranch",Provo,UT,"United States",Closed,
10526,"Split Mountain Youth Center",Vernal,UT,"United States",Open,
10527,"Star Guides","Saint George",UT,"United States",Open,https://kidsoverprofits.org/facility/star-guides-ut/
10528,"Star Guides Wilderness Therapy","St. George",UT,"United States",Open,https://kidsoverprofits.org/facility/star-guides-wilderness-therapy-ut/
10529,"Stillwater Academy – Brown House","West Jordan",UT,"United States",Open,
10530,"Stillwater Academy – Taylor House","Saratoga Springs",UT,"United States",Open,
10531,"Storm Ridge Ranch",Monroe,UT,"United States",Open,https://kidsoverprofits.org/facility/storm-ridge-ranch-ut/
10532,"Straight Path Youth",Roy,UT,"United States",Open,
10533,"Summit Quest","St. George",UT,"United States",Closed,https://kidsoverprofits.org/facility/summit-quest-ut/
10534,"Sundance Canyon Academy, Inc – Sundance Canyon Treatment",Herriman,UT,"United States",Open,https://kidsoverprofits.org/facility/sundance-canyon-academy-inc-sundance-canyon-treatment-ut/
10535,"SunHawk Academy","St. George",UT,"United States",Closed,https://kidsoverprofits.org/facility/sunhawk-academy-ut/
10536,"Sunrise RTC",Hurricane,UT,"United States",Open,https://kidsoverprofits.org/facility/sunrise-rtc-ut/
10537,"Synergy Youth Treatment",Cornish,UT,"United States",Open,
10538,"Teen Challenge of the Rocky Mountains – 180 Ministries for Girls",Erda,UT,"United States",Open,
10539,"Teen Discovery Home",Gunnison,UT,"United States",Closed,
10540,"Telos Academy",Orem,UT,"United States",Open,https://kidsoverprofits.org/facility/telos-academy-ut/
10541,"The Country Place of Utah",Payson,UT,"United States",Closed,
10542,"The Journey: Blazing New Trails Impact Ranch",Provo,UT,"United States",Open,
10543,"The Journey: Homestead","Mount Pleasant",UT,"United States",Closed,https://kidsoverprofits.org/facility/the-journey-homestead-ut/
10544,"The Journey: New Vision Ranch",Moroni,UT,"United States",Closed,
10545,"Three Points Center, LLC",Hurricane,UT,"United States",Open,https://kidsoverprofits.org/facility/three-points-center-llc-ut/
10546,"ThreePeaks Ascent RTC",Beryl,UT,"United States",Open,https://kidsoverprofits.org/facility/threepeaks-ascent-rtc-ut/
10547,"Timpanogos Shadows","American Fork",UT,"United States",Open,
10548,Timpview,Lindon,UT,"United States",Open,
10549,"Top Flight Academy","Mt. Pleasant",UT,"United States",Closed,
10550,"Triumph Youth Services/Triumph Academy – Alpine","Brigham City",UT,"United States",Open,
10551,"True North Academy",Provo,UT,"United States",Closed,
10552,"Turn About Ranch – Barn",Escalante,UT,"United States",Open,https://kidsoverprofits.org/facility/turn-about-ranch-barn-ut/
10553,"Turn About Ranch – Lodge",Escalante,UT,"United States",Open,
10554,"Turning Point Family Care, Inc. – Turning Point Family Care, Inc. Residential Treatment","Cedar City",UT,"United States",Open,
10555,"Turning Point in Granita Park",Duchesne,UT,"United States",Closed,
10556,"UHS of Provo Canyon – Provo Canyon Residential Services of Utah II",Orem,UT,"United States",Open,
10558,"Uinta Academy RTC, LLC – Uinta Academy RTC East",Wellsville,UT,"United States",Open,
10559,"Uinta Academy RTC, LLC – Uinta Academy RTC West",Wellsville,UT,"United States",Open,
10560,"Uinta Academy RTC, LLC – Uinta Academy, RTC Achievement",Wellsville,UT,"United States",Open,
10562,"Utah Youth Village",Riverton,UT,"United States",Open,https://kidsoverprofits.org/facility/utah-youth-village-ut/
10563,"Vantage Point",Provo,UT,"United States",Open,
10564,"Vila Nova – Boys","Spanish Fork",UT,"United States",Open,
10565,"Vila Real – Girls","Spanish Fork",UT,"United States",Open,
10566,"Vision Quest Academy","Cedar City",UT,"United States",Open,
10567,"Vista at Dimple Dell Canyon",Sandy,UT,"United States",Closed,
10568,"Vista Magna",Magna,UT,"United States",Closed,https://kidsoverprofits.org/facility/vista-magna-ut/
10569,"Vista Sage",Sandy,UT,"United States",Closed,
10570,"Vive Adolescent Care","Saint George",UT,"United States",Open,https://kidsoverprofits.org/facility/vive-adolescent-care-ut/
10571,"Voyage RTC","South Ogden",UT,"United States",Open,
10572,"Walkabout Therapeutic Expeditions",Lehi,UT,"United States",Closed,
10573,"Washington County Youth Center",Hurricane,UT,"United States",Open,
10574,"Waterfall Canyon Academy – Oakgrove – Girls Program",Ogden,UT,"United States",Open,
10575,"Waterfall Canyon Academy – Oakgrove – North Campus","North Ogden",UT,"United States",Open,
10576,"Waterfall Canyon Academy – Oakgrove – South Campus",Ogden,UT,"United States",Open,
10578,"Weber Valley Youth Center",Ogden,UT,"United States",Open,
10580,"Western Youth",Orem,UT,"United States",Closed,
10581,"White River Academy",Delta,UT,"United States",Open,https://kidsoverprofits.org/facility/white-river-academy-ut/
10582,"Whitmore Academy",Nephi,UT,"United States",Closed,
10583,"Who Am I Discovery",Nephi,UT,"United States",Closed,
10585,"Wildflower Mountain Ranch",Eden,UT,"United States",Open,https://kidsoverprofits.org/facility/wildflower-mountain-ranch-ut/
10586,"Willard Peak Residential Treatment Center","Brigham City",UT,"United States",Open,
10587,"Willow Creek School",Provo,UT,"United States",Closed,
10588,"Woodland Hills Maternity Home","Woodland Hills",UT,"United States",Closed,
10589,"Yes Families","Pleasant Grove",UT,"United States",Closed,
10590,"Young Women’s Empowerment Center House #1",Ephraim,UT,"United States",Open,
10591,"Youth Care of Utah – Brighton House",Draper,UT,"United States",Open,
10592,"Youth Foundation Success Academy","La Verkin",UT,"United States",Closed,https://kidsoverprofits.org/facility/youth-foundation-success-academy-ut/
10593,"Youth Futures",Ogden,UT,"United States",Open,https://kidsoverprofits.org/facility/youth-futures-ut/
10594,"Youth Health Associates – Eagle Academy",Clearfield,UT,"United States",Open,
10595,"Youth Health Associates – Lakeside Academy",Clearfield,UT,"United States",Open,
10596,"Youth Health Associates – Lakeview RTC",Provo,UT,"United States",Open,
10597,"Youth Health Associates Inc – Cedar Valley Ranch","Cedar City",UT,"United States",Open,
10598,"Youth Health Associates Inc – Manti Academy",Manti,UT,"United States",Open,https://kidsoverprofits.org/facility/youth-health-associates-inc-manti-academy-ut/
10599,"Therapy Associates Dba Star Guides","Saint George",UT,"United States",Open,
10600,"Triumph Youth Services/Triumph Academy – Expeditions","Brigham City",UT,"United States",Open,https://kidsoverprofits.org/facility/triumph-youth-services-triumph-academy-expeditions-ut/
10601,"Paradigm Treatment Centers",Malibu,CA,"United States",Open,https://kidsoverprofits.org/facility/paradigm-treatment-centers-ca/
10603,"OnTrack Wilderness Program",Mason,TX,"United States",Closed,https://kidsoverprofits.org/facility/ontrack-wilderness-program-tx/
10604,"Dallas County Juvenile Detention Center","Dallas County",TX,"United States",Unknown,https://kidsoverprofits.org/facility/dallas-county-juvenile-detention-center-tx/
10605,"Letot Center",Dallas,TX,"United States",Open,https://kidsoverprofits.org/facility/letot-center-tx/
10606,"Cedar Crest Hospital & RTC",Belton,TX,"United States",Open,https://kidsoverprofits.org/facility/cedar-crest-hospital-rtc-tx/
10607,"Excel Academy",Conroe,TX,"United States",Closed,https://kidsoverprofits.org/facility/excel-academy-tx/
10608,"Lone Star Expeditions","5101 Groveton",TX,"United States",Closed,https://kidsoverprofits.org/facility/lone-star-expeditions-tx/
10609,"Wellspring Texas","San Marcos",TX,"United States",Closed,https://kidsoverprofits.org/facility/wellspring-texas-tx/
10610,"Devereux Advanced Behavioral Health Texas","League City",TX,"United States",Unknown,https://kidsoverprofits.org/facility/devereux-advanced-behavioral-health-texas-tx/
10611,"Devereux Texas Autism Intensive Residential Program for Adolescents","League City",TX,"United States",Unknown,https://kidsoverprofits.org/facility/devereux-texas-autism-intensive-residential-program-for-adolescents-tx/
10612,"Fulshear Treatment to Transition",Needville,TX,"United States",Open,https://kidsoverprofits.org/facility/fulshear-treatment-to-transition-tx/
10613,"KIDS of El Paso","El Paso",TX,"United States",Closed,https://kidsoverprofits.org/facility/kids-of-el-paso-tx/
10614,"New Hope Boys Home",Kerrville,TX,"United States",Open,https://kidsoverprofits.org/facility/new-hope-boys-home-tx/
10616,"Laurel Ridge Treatment Center Child & Adolescent RTC","San Antonio",TX,"United States",Open,https://kidsoverprofits.org/facility/laurel-ridge-treatment-center-child-adolescent-rtc-tx/
10617,"Meridell Achievement Center","Liberty Hill",TX,"United States",Open,https://kidsoverprofits.org/facility/meridell-achievement-center-tx/
10619,"Timberlawn Psychiatric Hospital",Dallas,TX,"United States",Closed,https://kidsoverprofits.org/facility/timberlawn-psychiatric-hospital-tx/
10621,"2nd Chance Treatment Center",Dallas,TX,"United States",Open,https://kidsoverprofits.org/facility/2nd-chance-treatment-center-tx/
10622,"4 Healing Hearts","Fort Worth",TX,"United States",Closed,
10623,"A Fresh Start RTC",Houston,TX,"United States",Open,
10624,"A Fresh Start Treatment Center",Houston,TX,"United States",Open,
10625,"A New Day Foundation RTC",Spring,TX,"United States",Open,
10626,"A Pathway 2 New Beginnings",Houston,TX,"United States",Closed,
10627,"A Promising Journey Inc.",Houston,TX,"United States",Open,https://kidsoverprofits.org/facility/a-promising-journey-inc-tx/
10628,"A.B.E. Residential Services",Houston,TX,"United States",Open,https://kidsoverprofits.org/facility/a-b-e-residential-services-tx/
10629,"Abilene State School",Abilene,TX,"United States",Open,
10630,"Abundance of Joy Home Shelter",Houston,TX,"United States",Closed,https://kidsoverprofits.org/facility/abundance-of-joy-home-shelter-tx/
10631,"ACH Child and Family Services",", Fort Worth",TX,"United States",Open,https://kidsoverprofits.org/facility/ach-child-and-family-services-tx/
10632,"ACH Child and Family Services Robert and Jane Ferguson RTC","Fort Worth",TX,"United States",Open,
10633,"All Church Home for Children","Fort Worth",TX,"United States",Open,
10634,"AMIkids Rio Grande Valley","Los Fresnos",TX,"United States",Open,https://kidsoverprofits.org/facility/amikids-rio-grande-valley-tx/
10635,"Amor Purus LLC",Katy,TX,"United States",Open,https://kidsoverprofits.org/facility/amor-purus-llc-tx/
10636,"Anchor Home for Boys",Zapata,TX,"United States",Closed,https://kidsoverprofits.org/facility/anchor-home-for-boys-tx/
10637,"Angelina County Juvenile Detention Center",Lufkin,TX,"United States",Open,
10638,"Annunciation Maternity Home, Inc.",Georgetown,TX,"United States",Open,https://kidsoverprofits.org/facility/annunciation-maternity-home-inc-tx/
10639,"Arms of Hope Residential Care Home",Plano,TX,"United States",Open,
10640,"Aspire 2 Dream",Beaumont,TX,"United States",Open,https://kidsoverprofits.org/facility/aspire-2-dream-tx/
10641,"Atascosa County Juvenile Justice Center",Jourdanton,TX,"United States",Open,
10642,"Athletes for Change","Glenn Heights",TX,"United States",Open,https://kidsoverprofits.org/facility/athletes-for-change-tx/
10643,"Austin Children’s Shelter",Austin,TX,"United States",Open,
10645,"Autistic Treatment Center","Bldg 2 San Antonio",TX,"United States",Open,https://kidsoverprofits.org/facility/autistic-treatment-center-tx/
10646,"Avalon Center GRO",Eddy,TX,"United States",Open,
10647,"Ayres House","San Antonio",TX,"United States",Open,
10648,"Azleway Boys Ranch",Tyler,TX,"United States",Open,https://kidsoverprofits.org/facility/azleway-boys-ranch-tx/
10649,"Azleway Valley View – Training Center",Tyler,TX,"United States",Open,
10650,"Azleway, Inc.",Tyler,TX,"United States",Open,
10651,"Baptist Children’s Home Ministry","San Antonio",TX,"United States",Open,
10652,"Bayes Achievement Center",Huntsville,TX,"United States",Open,https://kidsoverprofits.org/facility/bayes-achievement-center-tx/
10653,"BCFS Health and Human Services – Basic Care","90 San Antonio",TX,"United States",Open,
10654,"Behavior Living",McKinney,TX,"United States",Open,
10655,"Bell County Juvenile Services Center",Killeen,TX,"United States",Open,
10656,"Ben Richey’s Boys Ranch",Abilene,TX,"United States",Open,https://kidsoverprofits.org/facility/ben-richey-s-boys-ranch-tx/
10657,"Bexar County Juvenile Detention Center","San Antonio",TX,"United States",Open,
10658,"Big Springs Ranch for Children",Leakey,TX,"United States",Open,
10659,"Bill Logue Juvenile Justice Center",Waco,TX,"United States",Open,
10660,"Bluebonnet Youth Ranch","77A S Yoakum",TX,"United States",Open,
10661,"Bokenkamp Children’s Shelter","Corpus Christi",TX,"United States",Open,
10662,"Boles Children’s Home Inc",", Quinlan",TX,"United States",Open,https://kidsoverprofits.org/facility/boles-children-s-home-inc-tx/
10663,"Boys & Girls Country of Houston",Hockley,TX,"United States",Open,https://kidsoverprofits.org/facility/boys-girls-country-of-houston-tx/
10664,"Boys Haven of America",Beaumont,TX,"United States",Open,https://kidsoverprofits.org/facility/boys-haven-of-america-tx/
10665,"Boysville Texas GRO",Converse,TX,"United States",Open,
10666,"Brazoria County Juvenile Detention Center",Angleton,TX,"United States",Open,
10667,"Bridge to Hope",Early,TX,"United States",Open,https://kidsoverprofits.org/facility/bridge-to-hope-tx/
10668,"Brookhaven Youth Ranch",West,TX,"United States",Open,https://kidsoverprofits.org/facility/brookhaven-youth-ranch-tx/
10669,"Brownson Home",Victoria,TX,"United States",Open,https://kidsoverprofits.org/facility/brownson-home-tx/
10670,"Buckner Baptist Children’s Home",Dallas,TX,"United States",Open,
10671,"Burke Center for Youth – Pathfinder’s Ranch",Driftwood,TX,"United States",Open,
10672,"Cal Farley’s Boys Ranch","Boys Ranch",TX,"United States",Open,https://kidsoverprofits.org/facility/cal-farley-s-boys-ranch-tx/
10673,"Camp Woodland Springs",Dallas,TX,"United States",Closed,
10674,"Camp Worth, LLC","Fort Worth",TX,"United States",Open,https://kidsoverprofits.org/facility/camp-worth-llc-tx/
10675,"Caring Heart Residential Care Services LLC",Richmond,TX,"United States",Open,https://kidsoverprofits.org/facility/caring-heart-residential-care-services-llc-tx/
10676,"Carter’s Kids RTC",Richmond,TX,"United States",Open,
10677,"Castillo Children’s Center",Woodville,TX,"United States",Open,https://kidsoverprofits.org/facility/castillo-children-s-center-tx/
10678,"Cenikor Foundation",Amarillo,TX,"United States",Open,https://kidsoverprofits.org/facility/cenikor-foundation-tx/
10679,"Center for Discovery – Cypress Campus",Cypress,TX,"United States",Open,
10680,"Center for Discovery – Plano Campus",Plano,TX,"United States",Open,
10681,"Center for Success and Independence",Houston,TX,"United States",Open,https://kidsoverprofits.org/facility/center-for-success-and-independence-tx/
10682,"Central Texas Children’s Home","Unit a Buda",TX,"United States",Open,https://kidsoverprofits.org/facility/central-texas-children-s-home-tx/
10683,"Champion Oak Ranch","080 Jasper",TX,"United States",Open,
10684,"Children’s Health Eating Disorders",Plano,TX,"United States",Open,
10685,"Children’s Hope Residential Services Inc – Lubbock",Lubbock,TX,"United States",Open,
10686,"Children’s Hope Residential Services Inc – Washington",Levelland,TX,"United States",Open,
10687,"Children’s Hope Residential Services Inc – West",Levelland,TX,"United States",Open,
10688,"Children’s Hope Residential Services, Inc.",Levelland,TX,"United States",Open,
10689,"Children’s Village and Family Service Agency, Inc.",Tyler,TX,"United States",Open,https://kidsoverprofits.org/facility/children-s-village-and-family-service-agency-inc-tx/
10690,"CHRIO Residential",Pharr,TX,"United States",Open,
10691,"Christ’s Haven for Children","Fort Worth",TX,"United States",Open,https://kidsoverprofits.org/facility/christ-s-haven-for-children-tx/
10692,"CHS Loma Alta Shelter",Brownsville,TX,"United States",Open,
10693,"CHS Trail House Program","El Paso",TX,"United States",Open,
10694,"CHSI Los Fresnos Shelter","Los Fresnos",TX,"United States",Open,
10695,"CHSI Norma Linda Shelter","100 Los Fresnos",TX,"United States",Open,
10696,"CHSI Stanford House Shelter",", Los Fresnos",TX,"United States",Open,
10697,"Clearfork Academy Boys Campus – Fort Worth","Fort Worth",TX,"United States",Open,
10698,"Clearfork Academy Girls Campus – Cleburne",Cleburne,TX,"United States",Open,
10700,"Coke County Juvenile Justice Center",Bronte,TX,"United States",Closed,
10701,"Concho Valley Home for Girls","San Angelo",TX,"United States",Open,https://kidsoverprofits.org/facility/concho-valley-home-for-girls-tx/
10702,"Connections Individual and Family Services, Inc.","New Braunfels",TX,"United States",Open,https://kidsoverprofits.org/facility/connections-individual-and-family-services-inc-tx/
10703,"Cook, Fannin, and Grayson County Juvenile Detention Center/Boot Camp",Denison,TX,"United States",Open,
10704,"Creighton Oaks Treatment Center",Conroe,TX,"United States",Open,
10705,"Crockett State School",Crockett,TX,"United States",Closed,https://kidsoverprofits.org/facility/crockett-state-school-tx/
10706,"Cumberland Presbyterian Children’s Home",Denton,TX,"United States",Open,
10707,"Cypress Creek",Houston,TX,"United States",Open,https://kidsoverprofits.org/facility/cypress-creek-tx/
10708,"Dallas County Juvenile Department – Letot RTC",Dallas,TX,"United States",Open,
10709,"Dallas County Juvenile Department – Lyle B. Medlock RTC",Dallas,TX,"United States",Open,
10710,"Dallas County Juvenile Department – Youth Village",Dallas,TX,"United States",Open,
10711,"Darrell B. Hester Juvenile Detention Center","San Benito",TX,"United States",Open,
10712,"Daystar Residential, Inc.",Manvel,TX,"United States",Closed,https://kidsoverprofits.org/facility/daystar-residential-inc-tx/
10713,"Denton County Juvenile Detention",Denton,TX,"United States",Open,
10714,"DePelchin Children’s Center – Houston",Houston,TX,"United States",Open,
10715,"DePelchin Children’s Center-Richmond Campus",Richmond,TX,"United States",Open,https://kidsoverprofits.org/facility/depelchin-children-s-center-richmond-campus-tx/
10716,"Devereux Advanced Behavioral Health RTC","League City",TX,"United States",Open,
10717,"Devereux RTC",Victoria,TX,"United States",Open,
10718,"Discovery Mood and Anxiety – Dripping Springs, TX,","Dripping Springs",TX,"United States",Open,
10719,"Discovery Practice Management",Plano,TX,"United States",Open,https://kidsoverprofits.org/facility/discovery-practice-management-tx/
10720,"Dr. Jerome McNeil Jr. Detention Center",Dallas,TX,"United States",Open,
10721,"Dream Residential Treatment Center Inc.",Houston,TX,"United States",Open,https://kidsoverprofits.org/facility/dream-residential-treatment-center-inc-tx/
10722,"East Texas Open Door",Marshall,TX,"United States",Open,https://kidsoverprofits.org/facility/east-texas-open-door-tx/
10723,"Eating Recovery Center – Plano Campus,",Plano,TX,"United States",Open,
10724,"Ector County Youth Center",Odessa,TX,"United States",Open,
10725,"Edna Tamayo House",Harlingen,TX,"United States",Open,
10726,"El Paso County Juvenile Detention Center","El Paso",TX,"United States",Open,
10727,"Elijah’s House Texarkana",Texarkana,TX,"United States",Open,
10728,"Embracing Destiny Foundation GRO",Spring,TX,"United States",Open,https://kidsoverprofits.org/facility/embracing-destiny-foundation-gro-tx/
10729,"Embracing Destiny Foundation RTC",Spring,TX,"United States",Open,https://kidsoverprofits.org/facility/embracing-destiny-foundation-rtc-tx/
10730,"Equinox Counseling and Wellness Center – Houston,","Sugar Land",TX,"United States",Open,
10731,"Everyday Life Inc",Bryan,TX,"United States",Open,https://kidsoverprofits.org/facility/everyday-life-inc-tx/
10732,"Evins Regional Juvenile Center",Edinburg,TX,"United States",Open,
10733,"Faith Outreach Center International Christian Base Camp","San Antonio",TX,"United States",Open,
10734,"Faith Ranch",Uvalde,TX,"United States",Closed,
10735,"Five Oaks Achievement Center","New Ulm",TX,"United States",Open,https://kidsoverprofits.org/facility/five-oaks-achievement-center-tx/
10736,"Fort Behavioral Health","Fort Worth",TX,"United States",Open,https://kidsoverprofits.org/facility/fort-behavioral-health-tx/
10737,"Fort Bend County Juvenile Detention Center",Richmond,TX,"United States",Open,
10738,"Foster’s Home for Children",Stephenville,TX,"United States",Open,
10739,"Fostering Life Youth Ranch",Levelland,TX,"United States",Open,https://kidsoverprofits.org/facility/fostering-life-youth-ranch-tx/
10740,"Freedom Place RTC",Spring,TX,"United States",Open,
10742,"Gainesville State School",Gainesville,TX,"United States",Open,
10743,"Galveston Multicultural Institute",Galveston,TX,"United States",Closed,
10744,"Garza County Regional Juvenile Center",Post,TX,"United States",Open,
10745,"Gatesville State School",Gatesville,TX,"United States",Unknown,https://kidsoverprofits.org/facility/gatesville-state-school-tx/
10746,"Giddings State School",Giddings,TX,"United States",Open,
10747,"Girls Haven RTC",Beaumont,TX,"United States",Open,
10748,"Gold Star Academy",Spring,TX,"United States",Open,
10749,"Good Shepherd RTC",Tomball,TX,"United States",Open,
10750,"Grace House Children’s Center",McAllen,TX,"United States",Open,
10751,"Grace of God Boys’ Home","Corpus Christi",TX,"United States",Closed,
10752,"Grace Place",Lucas,TX,"United States",Open,
10753,"Greater San Marcos Youth Council","San Marcos",TX,"United States",Open,https://kidsoverprofits.org/facility/greater-san-marcos-youth-council-tx/
10754,"Gregg County Juvenile Detention Center",Longview,TX,"United States",Open,
10755,"Guadalupe County Juvenile Detention Center",Seguin,TX,"United States",Open,
10756,"Guardian Angels I Residential Treatment Center",Houston,TX,"United States",Open,https://kidsoverprofits.org/facility/guardian-angels-i-residential-treatment-center-tx/
10757,"Guiding Light Residential Treatment Center LLC","San Antonio",TX,"United States",Open,
10758,"Gulf Winds RTC","Bay City",TX,"United States",Open,
10759,"Habilitative Homes","San Antonio",TX,"United States",Open,https://kidsoverprofits.org/facility/habilitative-homes-tx/
10761,"Hands of Faith GRO",Lancaster,TX,"United States",Open,https://kidsoverprofits.org/facility/hands-of-faith-gro-tx/
10762,"Hands of Healing RTC",Baytown,TX,"United States",Open,https://kidsoverprofits.org/facility/hands-of-healing-rtc-tx/
10763,"Happy Hills Farm Academy/Home",Granbury,TX,"United States",Open,
10764,"Hardin County Juvenile Detention Center",Kountze,TX,"United States",Open,
10765,"Harmony Therapy and Treatment Center",Spring,TX,"United States",Open,https://kidsoverprofits.org/facility/harmony-therapy-and-treatment-center-tx/
10766,"Harris County Juvenile Detention Center",Houston,TX,"United States",Open,
10767,"Have Haven Inc. RTC",Houston,TX,"United States",Open,
10768,"Haven of Rest Care Home","Fort Worth",TX,"United States",Open,https://kidsoverprofits.org/facility/haven-of-rest-care-home-tx/
10769,"Hays County Juvenile Detention","San Marcos",TX,"United States",Open,
10770,"Hazel Street Recovery Center for Adolescent Males",Texarkana,TX,"United States",Open,
10771,HeartBridges,Cypress,TX,"United States",Open,
10772,"Heartlight Ministries",Hallsville,TX,"United States",Open,https://kidsoverprofits.org/facility/heartlight-ministries-tx/
10773,"Hearts With Hope Foundation – GRO",Spring,TX,"United States",Open,https://kidsoverprofits.org/facility/hearts-with-hope-foundation-gro-tx/
10774,"Hearts with Hope Foundation – RTC",Spring,TX,"United States",Open,
10775,"Hector Garza Residential Treatment Center","San Antonio",TX,"United States",Open,
10776,"Helping Hand Home for Children – RTP",Austin,TX,"United States",Open,
10777,"Hendrick Home for Children",Abilene,TX,"United States",Open,https://kidsoverprofits.org/facility/hendrick-home-for-children-tx/
10778,"Hidden Cove Residential Treatment Center",Arlington,TX,"United States",Open,https://kidsoverprofits.org/facility/hidden-cove-residential-treatment-center-tx/
10779,"High Frontier RTC","Fort Davis",TX,"United States",Open,
10780,"High Plains Children’s Home",Amarillo,TX,"United States",Open,https://kidsoverprofits.org/facility/high-plains-children-s-home-tx/
10781,"High Sky Children’s Ranch",Midland,TX,"United States",Open,https://kidsoverprofits.org/facility/high-sky-children-s-ranch-tx/
10782,"Hill Country Youth Ranch Residential Treatment Center",Ingram,TX,"United States",Open,https://kidsoverprofits.org/facility/hill-country-youth-ranch-residential-treatment-center-tx/
10783,"HMIH Cedar Crest, LLC",Belton,TX,"United States",Open,https://kidsoverprofits.org/facility/hmih-cedar-crest-llc-tx/
10784,"Hold My Hand Residential Treatment Center",Houston,TX,"United States",Open,
10785,"Home of Hope Texas",Conroe,TX,"United States",Open,
10786,"Hope Center Wilderness Camp",Groveton,TX,"United States",Closed,
10787,"Hope Haven of East Texas",Lindale,TX,"United States",Open,https://kidsoverprofits.org/facility/hope-haven-of-east-texas-tx/
10788,"Hope Village",Friendswood,TX,"United States",Open,
10789,"Houston Serenity Place GRO",Houston,TX,"United States",Open,
10790,"Houston Serenity Place Inc.",Houston,TX,"United States",Open,
10791,"Houston Wee Care Shelter Inc",Spring,TX,"United States",Open,
10792,"Independence Farm",Corsicana,TX,"United States",Open,https://kidsoverprofits.org/facility/independence-farm-tx/
10793,"Inspirational Hope House",Conroe,TX,"United States",Open,https://kidsoverprofits.org/facility/inspirational-hope-house-tx/
10794,"J. Flowers Health Institute",Houston,TX,"United States",Open,
10795,"Jerry J. Esmond Juvenile Justice Center",Dickinson,TX,"United States",Open,
10796,"John R. Roach Juvenile Detention Center",McKinney,TX,"United States",Open,
10797,"Jonathan’s Place",Garland,TX,"United States",Open,
10798,"Joshua Home","Burnet County",TX,"United States",Closed,
10799,"Journey To Dream – Kyle’s Place",Lewisville,TX,"United States",Open,https://kidsoverprofits.org/facility/journey-to-dream-kyle-s-place-tx/
10800,"JStars Group Home Services",Richmond,TX,"United States",Open,
10801,"Judge Arthur R. Tipps Juvenile Justice Center","Wichita Falls",TX,"United States",Open,
10802,"Judge Mario E. Ramirez Jr. Juvenile Justice Center",Edinburg,TX,"United States",Open,
10803,"Judge Ricardo H. Garcia Regional Juvenile Detention Facility","San Diego",TX,"United States",Open,
10804,"KCI Servant’s Heart RTC","San Antonio",TX,"United States",Open,
10805,"Kensley Care Residential Treatment Center",Willis,TX,"United States",Open,
10806,"Kidz Harbor Home",Liverpool,TX,"United States",Open,https://kidsoverprofits.org/facility/kidz-harbor-home-tx/
10807,"Kidz Safe Harbor Treatment Center LLC",Richmond,TX,"United States",Open,
10808,"Kingwood Pines Hospital",Kingwood,TX,"United States",Open,
10809,"Kirby’s Place",Houston,TX,"United States",Open,https://kidsoverprofits.org/facility/kirby-s-place-tx/
10810,"Krause Children’s Center RTC",Katy,TX,"United States",Open,
10811,"L’Amor Village RTC",Houston,TX,"United States",Open,https://kidsoverprofits.org/facility/l-amor-village-rtc-tx/
10812,"La Maison, LLC",Anna,TX,"United States",Open,https://kidsoverprofits.org/facility/la-maison-llc-tx/
10813,"Lanier Therapeutic Wilderness Programs","Fort Worth",TX,"United States",Closed,
10814,"Latrell’s Landing",Houston,TX,"United States",Open,https://kidsoverprofits.org/facility/latrell-s-landing-tx/
10816,"Lean on Me Family",Hearne,TX,"United States",Open,https://kidsoverprofits.org/facility/lean-on-me-family-tx/
10817,"Lee and Beulah Moor Children’s Home","El Paso",TX,"United States",Open,https://kidsoverprofits.org/facility/lee-and-beulah-moor-children-s-home-tx/
10818,"Legacy Youth",Richmond,TX,"United States",Open,https://kidsoverprofits.org/facility/legacy-youth-tx/
10819,"Life’s Purpose Residential Treatment Center",Richmond,TX,"United States",Open,
10820,"Light of the Pines","Ste A. Lufkin",TX,"United States",Open,
10821,"Lubbock County Juvenile Justice Center",Lubbock,TX,"United States",Open,
10822,"Lynn W. Ross Juvenile Detention","Fort Worth",TX,"United States",Open,
10823,"McLennan County State Juvenile Correctional Facility & RTC",Mart,TX,"United States",Open,
10824,"Meadowland RTC / Roy Maas",Boerne,TX,"United States",Open,
10825,"Medina Children’s Home","16 N Medina",TX,"United States",Open,https://kidsoverprofits.org/facility/medina-children-s-home-tx/
10826,"Menninger Center",Houston,TX,"United States",Open,
10827,"Methodist Children’s Home – Boys Ranch RTC",Waco,TX,"United States",Open,
10828,"Methodist Children’s Home – Waco RTC",Waco,TX,"United States",Open,
10829,"Methodist Children’s Home BCC",Waco,TX,"United States",Open,https://kidsoverprofits.org/facility/methodist-children-s-home-bcc-tx/
10830,"Midland County Barbara Culver Center",Midland,TX,"United States",Open,
10831,"Minnie Rogers Juvenile Justice",Beaumont,TX,"United States",Open,
10832,"Minola’s Place of Texas, Inc.",Tomball,TX,"United States",Open,
10833,"Miracal’s Place",Houston,TX,"United States",Open,https://kidsoverprofits.org/facility/miracal-s-place-tx/
10834,"Miracle Farm Inc",Brenham,TX,"United States",Open,https://kidsoverprofits.org/facility/miracle-farm-inc-tx/
10835,"Mission Road Developmental Center","San Antonio",TX,"United States",Open,
10836,"Montgomery County Juvenile Detention Center",Conroe,TX,"United States",Open,
10837,"Nelson Children’s Center",Denton,TX,"United States",Closed,
10838,"New Beginnings Children’s Home","San Antonio",TX,"United States",Open,
10839,"New Encounters Residential Treatment",Corsicana,TX,"United States",Open,https://kidsoverprofits.org/facility/new-encounters-residential-treatment-tx/
10840,"New Hope Children’s Shelter",McAllen,TX,"United States",Open,
10841,"New Hope Christian Academy",Bastrop,TX,"United States",Open,
10842,"New Hope Youth Center",Richmond,TX,"United States",Open,https://kidsoverprofits.org/facility/new-hope-youth-center-tx/
10843,"New Horizons – Audrey Grace House",Abilene,TX,"United States",Open,
10844,"New Horizons – The Ranch RTC",Goldthwaite,TX,"United States",Open,
10845,"New Life Children’s Center RTC",Lake,TX,"United States",Open,
10846,"New Life Refuge Ministries","Corpus Christi",TX,"United States",Open,
10847,"North Fork Educational Center",Wylie,TX,"United States",Open,
10848,"North Star Residential Treatment Center",Farmersville,TX,"United States",Open,
10849,"North Texas State Hospital",Vernon,TX,"United States",Open,
10850,"Nothing Just Happens",Dallas,TX,"United States",Open,https://kidsoverprofits.org/facility/nothing-just-happens-tx/
10851,"Nueces County Juvenile Justice Center","Corpus Christi",TX,"United States",Open,
10852,"Odyssey Harbor Inc",Keene,TX,"United States",Open,https://kidsoverprofits.org/facility/odyssey-harbor-inc-tx/
10853,"Open Arms Open Hearts Foundation, LLC","4111 Dayton",TX,"United States",Open,https://kidsoverprofits.org/facility/open-arms-open-hearts-foundation-llc-tx/
10854,"Paloma Place","Corpus Christi",TX,"United States",Open,https://kidsoverprofits.org/facility/paloma-place-tx/
10855,"Paradigm Treatment Center – Austin",Austin,TX,"United States",Open,
10856,"PaRC Discovery Behavioral Health – Houston Campus",Houston,TX,"United States",Open,
10857,"Pathways 3H Youth Ranch","Mountain Home",TX,"United States",Open,https://kidsoverprofits.org/facility/pathways-3h-youth-ranch-tx/
10858,"Pegasus School",Lockhart,TX,"United States",Open,
10859,"Positive Steps Inc",Houston,TX,"United States",Open,https://kidsoverprofits.org/facility/positive-steps-inc-tx/
10860,"Prairie Harbor RTC","60 Wallis",TX,"United States",Open,
10861,"Presbyterian Children’s Home",Austin,TX,"United States",Open,
10862,"Prestige Care Services",Alvin,TX,"United States",Open,
10863,"Promise Rose Residential Care Home, Inc.",Houston,TX,"United States",Open,https://kidsoverprofits.org/facility/promise-rose-residential-care-home-inc-tx/
10864,"R.J. Holmgreen Juvenile Justice Center",Bryan,TX,"United States",Open,
10865,"Rebekah Home for Girls","Corpus Christi",TX,"United States",Closed,https://kidsoverprofits.org/facility/rebekah-home-for-girls-tx/
10866,Redicare,Richmond,TX,"United States",Open,https://kidsoverprofits.org/facility/redicare-tx/
10867,"Reeves County Juvenile Detention Center",Pecos,TX,"United States",Open,
10868,"Rejo Helping Hands Inc",Houston,TX,"United States",Open,https://kidsoverprofits.org/facility/rejo-helping-hands-inc-tx/
10869,"Renewed Strength, Inc.",Houston,TX,"United States",Open,https://kidsoverprofits.org/facility/renewed-strength-inc-tx/
10870,"Renewed Strength, Inc. East",Houston,TX,"United States",Open,https://kidsoverprofits.org/facility/renewed-strength-inc-east-tx/
10871,"Resolution Ranch Academy",Cameron,TX,"United States",Open,https://kidsoverprofits.org/facility/resolution-ranch-academy-tx/
10872,"Respectful Zone Emergency Shelter",Houston,TX,"United States",Open,
10873,"Retreat 4 Kids",Boerne,TX,"United States",Open,
10874,"Rising Star GRO",Houston,TX,"United States",Open,https://kidsoverprofits.org/facility/rising-star-gro-tx/
10875,"Road to Wisdom LLC",Houston,TX,"United States",Open,https://kidsoverprofits.org/facility/road-to-wisdom-llc-tx/
10876,"Rob & Simon’s Hawthorne House",Spring,TX,"United States",Open,https://kidsoverprofits.org/facility/rob-simon-s-hawthorne-house-tx/
10877,"Robbins Nest for Children",Fresno,TX,"United States",Open,
10879,"Ron Jackson State Juvenile Correctional Complex",Brownwood,TX,"United States",Open,
10880,"Roots Adolescent Renewal Ranch",Argyle,TX,"United States",Open,
10881,"Roy Maas Youth Alternative – Girlsville/Junction",Boerne,TX,"United States",Open,https://kidsoverprofits.org/facility/roy-maas-youth-alternative-girlsville-junction-tx/
10882,"Roy Maas Youth Alternatives Meadows",Boerne,TX,"United States",Open,https://kidsoverprofits.org/facility/roy-maas-youth-alternatives-meadows-tx/
10883,"Sacred Heart Children’s Home",Laredo,TX,"United States",Open,https://kidsoverprofits.org/facility/sacred-heart-children-s-home-tx/
10884,"Safe Haven Youth Ranch",Hempstead,TX,"United States",Open,https://kidsoverprofits.org/facility/safe-haven-youth-ranch-tx/
10885,"Safe Havens of Kornerstone",Arlington,TX,"United States",Open,
10886,"San Patricio County Juvenile Detention Center",Sinton,TX,"United States",Open,
10887,"Sanctuary of Hope",Bulverde,TX,"United States",Open,https://kidsoverprofits.org/facility/sanctuary-of-hope-tx/
10888,"Schaeffer House","El Paso",TX,"United States",Open,
10889,"Scott D. Moore Juvenile Justice","Fort Worth",TX,"United States",Open,
10890,"Seeds of Royalty",Richmond,TX,"United States",Open,https://kidsoverprofits.org/facility/seeds-of-royalty-tx/
10892,"Serving Children and Adults in Need – Youth Recovery Homes",Laredo,TX,"United States",Open,
10893,"Seton Home GRO","San Antonio",TX,"United States",Open,
10894,"Settlement Home for Children – RTC",Austin,TX,"United States",Open,
10895,"Shamar Hope Haven Residential Treatment Center",Houston,TX,"United States",Open,https://kidsoverprofits.org/facility/shamar-hope-haven-residential-treatment-center-tx/
10896,"Sheltering Harbour",Spring,TX,"United States",Open,
10897,"Shepherd Kidz Cares",Richmond,TX,"United States",Open,
10898,"Sherwood-Myrtie Foster Home Fo",Stephenville,TX,"United States",Open,https://kidsoverprofits.org/facility/sherwood-myrtie-foster-home-fo-tx/
10899,"Shiloh Ministries",Liberty,TX,"United States",Open,
10900,"Shiloh Treatment Center",Manvel,TX,"United States",Open,https://kidsoverprofits.org/facility/shiloh-treatment-center-tx/
10901,"Shoreline Inc. Treatment Center",Taft,TX,"United States",Open,
10902,"Silver Lining Residential, LLC",Fresno,TX,"United States",Open,
10903,"Sinclair Children’s Center RTC",Woodville,TX,"United States",Open,
10904,"Smith County Juvenile Detention Center",Tyler,TX,"United States",Open,
10905,"Solomon Casseb Jr. Webb County Youth Village",Laredo,TX,"United States",Open,
10906,"Solstice Southwest,",Irving,TX,"United States",Open,
10907,"Sophie’s House for Children",Lufkin,TX,"United States",Open,https://kidsoverprofits.org/facility/sophie-s-house-for-children-tx/
10908,"South Texas Adolescent Rehabilitation & Education – STARE",Houston,TX,"United States",Open,https://kidsoverprofits.org/facility/south-texas-adolescent-rehabilitation-education-stare-tx/
10909,"South Texas Children’s Home",Pettus,TX,"United States",Open,
10910,"Southwest Key Program Inc",Houston,TX,"United States",Open,
10911,"Southwest Key Programs – Casa Antigua","83 San Benito",TX,"United States",Open,
10912,"Southwest Key Programs – Casa Blanca","San Antonio",TX,"United States",Open,
10913,"Southwest Key Programs – Casa El Presidente",Brownsville,TX,"United States",Open,
10914,"Southwest Key Programs – Casa Franklin","El Paso",TX,"United States",Open,
10915,"Southwest Key Programs – Casa Houston",Houston,TX,"United States",Open,
10916,"Southwest Key Programs – Casa Montezuma",Channelview,TX,"United States",Open,
10917,"Southwest Key Programs – Casa Oasis",McAllen,TX,"United States",Open,
10918,"Southwest Key Programs – Casa Padre",Brownsville,TX,"United States",Open,
10919,"Southwest Key Programs – Casa Quetzal",Houston,TX,"United States",Open,
10920,"Southwest Key Programs – Casa Rio Grande","77 San Benito",TX,"United States",Open,
10921,"Southwest Key Programs – Casa Sueno",Weslaco,TX,"United States",Open,
10922,"Southwest Key Programs – Casa Sunzal",Houston,TX,"United States",Open,
10923,"Southwest Key Programs – Casita Del Valle",Clint,TX,"United States",Open,
10924,"Southwest Key Programs – La Esperanza",Brownsville,TX,"United States",Open,
10925,"Southwest Key Programs – Nueva Esperanza",Brownsville,TX,"United States",Open,
10926,"Southwest Key Shelter Care Program",Canutillo,TX,"United States",Open,
10927,"Southwest Mental Health Center","San Antonio",TX,"United States",Open,https://kidsoverprofits.org/facility/southwest-mental-health-center-tx/
10928,"St. Jude’s Ranch for Children",Bulverde,TX,"United States",Open,https://kidsoverprofits.org/facility/st-jude-s-ranch-for-children-tx/
10929,"St. Michael’s Home for Children",Houston,TX,"United States",Open,
10930,"St. Michael’s Home for Children II",Houston,TX,"United States",Open,
10931,"Stadium Shelter",Porter,TX,"United States",Open,https://kidsoverprofits.org/facility/stadium-shelter-tx/
10932,"Star Ranch",Ingram,TX,"United States",Closed,
10933,"Starlite Recovery Center Summit House","Center Point",TX,"United States",Closed,
10934,"Starr County Juvenile Justice Center","Rio Grande City",TX,"United States",Open,
10935,"Still Creek Ranch",Bryan,TX,"United States",Open,
10936,"Sundown Ranch",Canton,TX,"United States",Open,https://kidsoverprofits.org/facility/sundown-ranch-tx/
10937,"Sunny Glen Children’s Home","San Benito",TX,"United States",Open,https://kidsoverprofits.org/facility/sunny-glen-children-s-home-tx/
10938,"Sweeten Home for Children Inc",Brownwood,TX,"United States",Open,https://kidsoverprofits.org/facility/sweeten-home-for-children-inc-tx/
10939,"Tarrant County Community Correctional Facility Boot Camp Program",Mansfield,TX,"United States",Open,
10940,"Taylor County Juvenile Detention Center",Abilene,TX,"United States",Open,
10941,"Texas Baptist Children’s Home","Round Rock",TX,"United States",Open,
10942,"Texas Hill Country School",Maxwell,TX,"United States",Open,https://kidsoverprofits.org/facility/texas-hill-country-school-tx/
10944,"Texas Pythian Home Inc",Weatherford,TX,"United States",Open,https://kidsoverprofits.org/facility/texas-pythian-home-inc-tx/
10945,"Texas Tranquility Estates, Inc.",Tomball,TX,"United States",Open,https://kidsoverprofits.org/facility/texas-tranquility-estates-inc-tx/
10946,"The Ark","Corpus Christi",TX,"United States",Open,
10947,"The Brown Schools Hill Country Place",Austin,TX,"United States",Open,
10948,"The Burke Foundation-Pathfinders RTC",Driftwood,TX,"United States",Open,https://kidsoverprofits.org/facility/the-burke-foundation-pathfinders-rtc-tx/
10950,"The Care Cottage",Willis,TX,"United States",Open,
10951,"The Children’s Home",Amarillo,TX,"United States",Open,https://kidsoverprofits.org/facility/the-children-s-home-tx/
10952,"The Children’s Home of Lubbock",Lubbock,TX,"United States",Open,https://kidsoverprofits.org/facility/the-children-s-home-of-lubbock-tx/
10953,"The Gladney Center","Fort Worth",TX,"United States",Open,https://kidsoverprofits.org/facility/the-gladney-center-tx/
10954,"The Hemple Shelter",Rosenberg,TX,"United States",Open,https://kidsoverprofits.org/facility/the-hemple-shelter-tx/
10955,"The Holy Highway, Inc.",Pickton,TX,"United States",Open,
10956,"The Hook Center, Inc.",Dallas,TX,"United States",Open,
10957,"The Lighthouse for the Betterment of Life",Houston,TX,"United States",Open,
10958,"The Lullaby House",Dallas,TX,"United States",Open,https://kidsoverprofits.org/facility/the-lullaby-house-tx/
10959,"The Oaks Treatment Center",Brownwood,TX,"United States",Open,https://kidsoverprofits.org/facility/the-oaks-treatment-center-tx/
10960,"The One Discovery RTC",Houston,TX,"United States",Open,https://kidsoverprofits.org/facility/the-one-discovery-rtc-tx/
10961,"The Pillar of Progression for the Youth",Tomball,TX,"United States",Closed,
10962,"The Refuge for DMST",Austin,TX,"United States",Open,
10963,"The Settlement Club Home GRO",Austin,TX,"United States",Open,https://kidsoverprofits.org/facility/the-settlement-club-home-gro-tx/
10964,"The Zilker Center",Austin,TX,"United States",Open,
10965,"Thompson’s Residential Treatment Center",Greenville,TX,"United States",Open,https://kidsoverprofits.org/facility/thompson-s-residential-treatment-center-tx/
10966,"Thompson’s Residential Treatment Center- Farmersville","698 Farmersville",TX,"United States",Open,
10968,"Today’s Harbor for Children","Morgans Point",TX,"United States",Open,
10969,"Tom Green County Juvenile Detention Center","San Angelo",TX,"United States",Open,
10970,"Travis County Juvenile Detention/Gardner-Betts Juvenile Justice Center",Austin,TX,"United States",Open,
10971,"Tree of Life RTC",Hockley,TX,"United States",Open,https://kidsoverprofits.org/facility/tree-of-life-rtc-tx/
10972,"Trinity Home of Faith 1, Inc.",Waco,TX,"United States",Open,https://kidsoverprofits.org/facility/trinity-home-of-faith-1-inc-tx/
10973,"Triple 7 Ranch GRO",Houston,TX,"United States",Open,https://kidsoverprofits.org/facility/triple-7-ranch-gro-tx/
10974,"TruLight Youth Village",Seguin,TX,"United States",Open,https://kidsoverprofits.org/facility/trulight-youth-village-tx/
10975,"Turning Point Children’s Social Service",Spring,TX,"United States",Open,https://kidsoverprofits.org/facility/turning-point-children-s-social-service-tx/
10976,"U-Turn for Christ","San Angelo",TX,"United States",Closed,
10977,"Unique Avenue",Houston,TX,"United States",Open,https://kidsoverprofits.org/facility/unique-avenue-tx/
10978,"Unity Children’s Home RTC",Houston,TX,"United States",Open,https://kidsoverprofits.org/facility/unity-children-s-home-rtc-tx/
10979,"Val Verde County Juvenile Detention Facility","Del Rio",TX,"United States",Open,
10980,"Van Zandt County Multi-Youth Center","Grand Saline",TX,"United States",Open,
10981,"Victoria County Juvenile Center",Victoria,TX,"United States",Open,
10982,"Victory Acres Children’s Home",Alice,TX,"United States",Closed,
10983,"VisionQuest Residential Fort Worth","Fort Worth",TX,"United States",Open,
10984,"Waco Center for Youth",Waco,TX,"United States",Open,
10985,"Waco State Home",Waco,TX,"United States",Closed,
10986,"We Care Treatment Center",Spring,TX,"United States",Open,
10987,"West Texas Boys Ranch","San Angelo",TX,"United States",Open,https://kidsoverprofits.org/facility/west-texas-boys-ranch-tx/
10988,"West Texas State School",Pyote,TX,"United States",Closed,
10989,"Whale of Hope, Inc.",Prairie,TX,"United States",Open,
10990,"Whispering Hills Achievement Center",Flatonia,TX,"United States",Open,
10991,"Williamson County Juvenile Detention Center",Angleton,TX,"United States",Open,
10992,"Willoughby House","Fort Worth",TX,"United States",Open,
10993,"Willoughby Juvenile Services",Marshall,TX,"United States",Open,
10994,"Willow Bend Center","31 E Tyler",TX,"United States",Open,
10995,"Wilton Place RTC",Dallas,TX,"United States",Open,
10996,"Woodside Trails Therapeutic Camp",Bastrop,TX,"United States",Closed,
10997,"Yellow Canyon Academy",Amarillo,TX,"United States",Open,
10998,"Youth and Family Enrichment Centers Inc","155 S Tyler",TX,"United States",Open,
10999,"Youth Center of the High Plains",Amarillo,TX,"United States",Open,
11000,"Youth Reach",Houston,TX,"United States",Open,https://kidsoverprofits.org/facility/youth-reach-tx/
11001,"Behavior Training Research",,TX,"United States",Closed,https://kidsoverprofits.org/facility/behavior-training-research-tx/
11002,"Hope for Tomorrow dba Bridge to Hope",Early,TX,"United States",Open,https://kidsoverprofits.org/facility/hope-for-tomorrow-dba-bridge-to-hope-tx/
11003,"Cherokee Home for Children",,TX,"United States",Open,https://kidsoverprofits.org/facility/cherokee-home-for-children-tx/
11004,"ChildrenFirst Residential Care",,TX,"United States",Open,
11005,"ChildrenFirst Residential Care- Gasmer",,TX,"United States",Open,
11006,"Pathways Youth & Family Services, Inc. dba Habilitative Homes",,TX,"United States",Open,
11007,"Pleasant Hills Children’s Home",,TX,"United States",Open,https://kidsoverprofits.org/facility/pleasant-hills-children-s-home-tx/
11008,"The Jim H. Green Kidz Harbor, Inc. Dba Kidz Harbor Home",,TX,"United States",Open,https://kidsoverprofits.org/facility/the-jim-h-green-kidz-harbor-inc-dba-kidz-harbor-home-tx/
11010,"Beacon House",Buxton,ME,"United States",Open,https://kidsoverprofits.org/facility/beacon-house-me/
11012,"Bridge Crossing",Bridgton,ME,"United States",Open,https://kidsoverprofits.org/facility/bridge-crossing-me/
11013,"Calais Children’s Residential",Calais,ME,"United States",Open,https://kidsoverprofits.org/facility/calais-children-s-residential-me/
11014,"Connections for Kids – Park Place Gorham",Gorham,ME,"United States",Open,
11015,"Day One","South Portland",ME,"United States",Open,https://kidsoverprofits.org/facility/day-one-me/
11016,"Dirigo Place",Lewiston,ME,"United States",Open,https://kidsoverprofits.org/facility/dirigo-place-me/
11017,"Elan School",Poland,ME,"United States",Closed,https://kidsoverprofits.org/elan/
11018,"Elizabeth Levinson Center",Bangor,ME,"United States",Open,
11019,"Good Will-Hinckley Roundel Residential",Hinckley,ME,"United States",Open,https://kidsoverprofits.org/good-will-hinckley-roundel/
11020,"Harbor Family Services","West Rockport",ME,"United States",Open,
11021,"Hyde School",Bath,ME,"United States",Open,https://kidsoverprofits.org/hyde/
11022,"KidsPeace Graham Lake",Ellsworth,ME,"United States",Open,
11023,"Long Creek Youth Development Center",Portland,ME,"United States",Open,https://kidsoverprofits.org/long-creek/
11024,"New Horizons for Young Women",Orrington,ME,"United States",Closed,https://kidsoverprofits.org/me-new-horizons/
11025,"Oliver Place",Bath,ME,"United States",Open,https://kidsoverprofits.org/facility/oliver-place-me/
11026,"Opportunity Farm","New Gloucester",ME,"United States",Closed,
11028,"Sidney Riverbend",Sidney,ME,"United States",Open,https://kidsoverprofits.org/facility/sidney-riverbend-me/
11029,"Stetson Ranch",Stetson,ME,"United States",Open,https://kidsoverprofits.org/facility/stetson-ranch-me/
11030,"Summit Achievement",Stow,ME,"United States",Open,https://kidsoverprofits.org/summit-achievement/
11031,"Summit View",Bangor,ME,"United States",Open,https://kidsoverprofits.org/facility/summit-view-me/
11032,"Sweetser Residential Treatment Center",Saco,ME,"United States",Open,https://kidsoverprofits.org/sweetser/
11033,"Weymouth House",Jefferson,ME,"United States",Closed,https://kidsoverprofits.org/facility/weymouth-house-me/
11035,"Boylston Home",Manchester,NH,"United States",Open,
11036,"Child & Family Services Group Home",Concord,NH,"United States",Open,
11038,"Davenport School",Jefferson,NH,"United States",Open,https://kidsoverprofits.org/facility/davenport-school-nh/
11039,"Dover Children’s Home",Dover,NH,"United States",Open,
11040,"Easterseals Gammon Academy at Krol House",Manchester,NH,"United States",Open,
11041,"Easterseals Gammon Academy at Lancaster",Lancaster,NH,"United States",Open,
11042,"Easterseals Gammon Academy at Mammoth Road",Manchester,NH,"United States",Open,
11043,"Easterseals Gammon Academy at Zachary Road",Manchester,NH,"United States",Open,
11044,"Granite Pathways Youth Treatment Center","in Manchester",NH,"United States",Closed,
11045,"Hampshire Country School",Rindge,NH,"United States",Open,
11046,"Hampstead Hospital & RTC",Hampstead,NH,"United States",Open,
11047,"Hannah House, Inc.",Lebanon,NH,"United States",Open,
11048,"Hunter School",Rumney,NH,"United States",Closed,https://kidsoverprofits.org/facility/hunter-school-nh/
11050,"Legacy by Gersh",Greenfield,NH,"United States",Closed,
11051,"Lutheran Community Services of New Hampshire, Inc.",Concord,NH,"United States",Open,
11052,"Malley Farm Boys Home Inc.",Somersworth,NH,"United States",Open,
11053,"Midway Shelter",Bradford,NH,"United States",Open,https://kidsoverprofits.org/facility/midway-shelter-nh/
11054,"Mount Prospect Academy",Keene,NH,"United States",Open,
11055,"Mount Prospect Academy Adventure Based Treatment",Warren,NH,"United States",Open,
11056,"Mount Prospect Academy CAST",Plymouth,NH,"United States",Open,https://kidsoverprofits.org/facility/mount-prospect-academy-cast-nh/
11057,"Mount Prospect Academy ERT",Campton,NH,"United States",Open,https://kidsoverprofits.org/facility/mount-prospect-academy-ert-nh/
11058,"Mount Prospect Academy Hall Farm",Pike,NH,"United States",Open,
11059,"Mount Prospect Academy PSB",Rumney,NH,"United States",Open,
11060,"Mount Prospect Academy STEP",Campton,NH,"United States",Open,
11061,"Mount Prospect Academy Sub-Acute Program",Pike,NH,"United States",Open,
11062,"Nashua Children’s Home Adolescent Boys Residence",,NH,"United States",Open,https://kidsoverprofits.org/facility/nashua-children-s-home-adolescent-boys-residence-nh/
11063,"Nashua Children’s Home The Carriage House",Nashua,NH,"United States",Open,https://kidsoverprofits.org/facility/nashua-children-s-home-the-carriage-house-nh/
11064,"New England Salem Children’s Trust",Rumney,NH,"United States",Open,
11065,"Northern New Hampshire Youth Services",Bethlehem,NH,"United States",Open,https://kidsoverprofits.org/facility/northern-new-hampshire-youth-services-nh/
11066,"Odyssey NH",Hampton,NH,"United States",Open,
11067,"Oliverian School",Pike,NH,"United States",Open,
11068,"Our House for Girls",Dover,NH,"United States",Open,
11069,Philbrook,Concord,NH,"United States",Closed,
11070,"Pine Haven Boys Center",Allenstown,NH,"United States",Open,
11071,"Ridge RTC – New Hampshire",Milton,NH,"United States",Open,
11072,"Rolfe and Rumford Home",Concord,NH,"United States",Open,
11074,"St. Charles Children’s Home",Rochester,NH,"United States",Open,
11075,"The Chase Home for Children",Portsmouth,NH,"United States",Open,
11076,"The Doorway at Granite Pathways","#210 Manchester",NH,"United States",Open,
11077,"The Orion Group",Newport,NH,"United States",Open,
11078,"Tobey School",Concord,NH,"United States",Open,
11079,"Webster House",Manchester,NH,"United States",Open,
11080,"Wediko Children’s Services",Windsor,NH,"United States",Open,
11081,"Wolfeboro Camp School",Wolfeboro,NH,"United States",Open,
11082,"The Brown Schools at High Point","Broward County",FL,"United States",Closed,https://kidsoverprofits.org/facility/the-brown-schools-at-high-point-fl/
11083,"Devereux Advanced Behavioral Health Florida",Orlando,FL,"United States",Unknown,https://kidsoverprofits.org/facility/devereux-advanced-behavioral-health-florida-fl/
11084,"Devereux Florida Child and Adolescent Psychiatric Specialty Hospital",Orlando,FL,"United States",Unknown,https://kidsoverprofits.org/facility/devereux-florida-child-and-adolescent-psychiatric-specialty-hospital-fl/
11085,"Devereux Florida I/DD Group Homes","Orange County",FL,"United States",Open,https://kidsoverprofits.org/facility/devereux-florida-i-dd-group-homes-fl/
11086,"Devereux Florida Residential Group Care",Orlando,FL,"United States",Open,https://kidsoverprofits.org/facility/devereux-florida-residential-group-care-fl/
11087,"Devereux Florida RTC",", Orlando",FL,"United States",Open,https://kidsoverprofits.org/facility/devereux-florida-rtc-fl/
11088,"Devereux Florida Specialized Therapeutic Group Home",Titusville,FL,"United States",Unknown,https://kidsoverprofits.org/facility/devereux-florida-specialized-therapeutic-group-home-fl/
11089,"Eckerd Comprehensive Youth Treatment Program",Raiford,FL,"United States",Closed,https://kidsoverprofits.org/facility/eckerd-comprehensive-youth-treatment-program-fl/
11090,"Eckerd Re-Entry Program","North Palm Beach",FL,"United States",Unknown,https://kidsoverprofits.org/facility/eckerd-re-entry-program-fl/
11091,"Alachua Academy",Gainesville,FL,"United States",Transferred,https://kidsoverprofits.org/facility/alachua-academy-fl/
11093,"Columbus Youth Academy",Tampa,FL,"United States",Open,https://kidsoverprofits.org/facility/columbus-youth-academy-fl/
11094,"Duval Academy",Jacksonville,FL,"United States",Transferred,https://kidsoverprofits.org/facility/duval-academy-fl/
11096,"Pompano Youth Treatment Center","Pompano Beach",FL,"United States",Closed,https://kidsoverprofits.org/facility/pompano-youth-treatment-center-fl/
11098,"St. John's Youth Academy","St. Augustine",FL,"United States",Transferred,https://kidsoverprofits.org/facility/st-john-s-youth-academy-fl/
11099,"Gateway Boys Academy",Bonifay,FL,"United States",Open,https://kidsoverprofits.org/facility/gateway-boys-academy-fl/
11100,"Lakeland Girls Academy",Lakeland,FL,"United States",Closed,https://kidsoverprofits.org/facility/lakeland-girls-academy-fl/
11101,"Anderson Academy","Vero Beach",FL,"United States",Unknown,https://kidsoverprofits.org/facility/anderson-academy-fl/
11103,"Fort Myers Academy","Fort Myers",FL,"United States",Transferred,https://kidsoverprofits.org/facility/fort-myers-academy-fl/
11104,"Highlands Youth Academy","Avon Park",FL,"United States",Unknown,https://kidsoverprofits.org/facility/highlands-youth-academy-fl/
11105,"Hillsborough Girls Academy",Tampa,FL,"United States",Open,https://kidsoverprofits.org/facility/hillsborough-girls-academy-fl/
11106,"Jacksonville Youth Academy",Jacksonville,FL,"United States",Transferred,https://kidsoverprofits.org/facility/jacksonville-youth-academy-fl/
11107,"Lake Academy",Tampa,FL,"United States",Open,https://kidsoverprofits.org/facility/lake-academy-fl/
11108,"Les Peters Academy",Tampa,FL,"United States",Open,https://kidsoverprofits.org/facility/les-peters-academy-fl/
11109,"Miami Youth Academy",Miami,FL,"United States",Open,https://kidsoverprofits.org/facility/miami-youth-academy-fl/
11110,"Orange Youth Academy",Orlando,FL,"United States",Transferred,https://kidsoverprofits.org/facility/orange-youth-academy-fl/
11111,"Orlando Intensive Youth Academy",Orlando,FL,"United States",Open,https://kidsoverprofits.org/facility/orlando-intensive-youth-academy-fl/
11112,"Polk Halfway House",Bartow,FL,"United States",Unknown,https://kidsoverprofits.org/facility/polk-halfway-house-fl/
11113,"South Florida Youth Academy",Miami,FL,"United States",Open,https://kidsoverprofits.org/facility/south-florida-youth-academy-fl/
11114,"Tampa Residential Facility",Tampa,FL,"United States",Open,https://kidsoverprofits.org/facility/tampa-residential-facility-fl/
11115,"Bristol Youth Academy",Bristol,FL,"United States",Closed,https://kidsoverprofits.org/facility/bristol-youth-academy-fl/
11116,"Gulf Coast Treatment Center","Fort Walton Beach",FL,"United States",Open,https://kidsoverprofits.org/facility/gulf-coast-treatment-center-fl/
11117,"La Amistad Behavioral Health Services Teen Residential Treatment",Maitland,FL,"United States",Open,https://kidsoverprofits.org/facility/la-amistad-behavioral-health-services-teen-residential-treatment-fl/
11118,"Milton Girls Residential Facility",Milton,FL,"United States",Closed,https://kidsoverprofits.org/facility/milton-girls-residential-facility-fl/
11119,"National Deaf Academy","Mt Dora",FL,"United States",Closed,https://kidsoverprofits.org/facility/national-deaf-academy-fl/
11120,"Okaloosa Youth Academy",Crestview,FL,"United States",Transferred,https://kidsoverprofits.org/facility/okaloosa-youth-academy-fl/
11121,"Palm Shores Behavioral Health Center",Bradenton,FL,"United States",Open,https://kidsoverprofits.org/facility/palm-shores-behavioral-health-center-fl/
11122,"SandyPines RTC",Jupiter,FL,"United States",Open,https://kidsoverprofits.org/facility/sandypines-rtc-fl/
11123,"Suncoast Behavioral Health Center RTP",Bradenton,FL,"United States",Open,https://kidsoverprofits.org/facility/suncoast-behavioral-health-center-rtp-fl/
11124,"Broward Youth Treatment Center","Pembroke Pines",FL,"United States",Transferred,https://kidsoverprofits.org/facility/broward-youth-treatment-center-fl/
11125,"Center for Success and Independence – Ocala",Ocala,FL,"United States",Transferred,https://kidsoverprofits.org/facility/center-for-success-and-independence-ocala-fl/
11126,"Crestview Youth Academy",Crestview,FL,"United States",Open,https://kidsoverprofits.org/facility/crestview-youth-academy-fl/
11127,"Deep Creek Youth Academy",Hastings,FL,"United States",Transferred,https://kidsoverprofits.org/facility/deep-creek-youth-academy-fl/
11128,"Everglades Youth Academy",Okeechobee,FL,"United States",Transferred,https://kidsoverprofits.org/facility/everglades-youth-academy-fl/
11129,"Kissimmee Youth Academy",Kissimmee,FL,"United States",Open,https://kidsoverprofits.org/facility/kissimmee-youth-academy-fl/
11132,"7 Arrows Academy",Tallahassee,FL,"United States",Closed,
11133,"AMIkids Big Cypress Wilderness Institute",Ochopee,FL,"United States",Closed,
11136,"Anneewakee School",Carrabelle,FL,"United States",Closed,https://kidsoverprofits.org/facility/anneewakee-school-fl/
11137,"Apalachicola Forest Youth Camp",Hosford,FL,"United States",Open,https://kidsoverprofits.org/facility/apalachicola-forest-youth-camp-fl/
11139,"Back to Basics Military Academy",Hallandale,FL,"United States",Closed,
11140,"Bay County Sheriff’s Boot Camp","Panama City",FL,"United States",Closed,https://kidsoverprofits.org/facility/bay-county-sheriff-s-boot-camp-fl/
11141,"Bay Point Schools",Miami,FL,"United States",Closed,
11142,"Brevard Juvenile Detention Center",Cocoa,FL,"United States",Open,https://kidsoverprofits.org/facility/brevard-juvenile-detention-center-fl/
11143,"Brighter Heights Florida","Port Saint Lucie",FL,"United States",Closed,https://kidsoverprofits.org/facility/brighter-heights-florida-fl/
11146,"Camelot Care Center",Seminole,FL,"United States",Closed,
11147,"Camp E-Kel-Etu","Silver Springs",FL,"United States",Closed,https://kidsoverprofits.org/facility/camp-e-kel-etu-fl/
11148,"Camp E-Ma-Chamee",Milton,FL,"United States",Closed,https://kidsoverprofits.org/facility/camp-e-ma-chamee-fl/
11149,"Camp E-Tu-Makee",Clewiston,FL,"United States",Closed,https://kidsoverprofits.org/facility/camp-e-tu-makee-fl/
11150,"Camp Tracey Children’s Home",Jacksonville,FL,"United States",Closed,
11151,"Carlton Manor","St. Petersburg",FL,"United States",Open,
11152,"Carlton Palms Educational Center","Mt Dora",FL,"United States",Closed,https://kidsoverprofits.org/facility/carlton-palms-educational-center-fl/
11153,"Center for Discovery",Montverde,FL,"United States",Open,
11154,"Central Florida Behavioral Hospital Adolescent Inpatient Program",Orlando,FL,"United States",Open,
11155,"Central Pasco Girls Academy","Land O’ Lakes",FL,"United States",Closed,
11156,"Charity Haven Christian Academy",Milton,FL,"United States",Open,
11157,"Cypress Creek Treatment Center",Lecanto,FL,"United States",Open,https://kidsoverprofits.org/facility/cypress-creek-treatment-center-fl/
11160,"Devereux Florida I/DD Program",Viera,FL,"United States",Open,
11161,"Devereux Florida IRTC",Viera,FL,"United States",Open,
11162,"Devereux Florida SIPP",", Orlando",FL,"United States",Open,
11163,"Devereux Florida Specialized Therapeutic Group Homes",Titusville,FL,"United States",Open,https://kidsoverprofits.org/facility/devereux-florida-specialized-therapeutic-group-homes-fl/
11164,"DOVE Academy",Graceville,FL,"United States",Open,https://kidsoverprofits.org/facility/dove-academy-fl/
11166,"Eckerd Intensive Halfway House",Okeechobee,FL,"United States",Closed,https://kidsoverprofits.org/facility/eckerd-intensive-halfway-house-fl/
11168,"Eckerd Youth Academy",Christmas,FL,"United States",Closed,https://kidsoverprofits.org/facility/eckerd-youth-academy-fl/
11169,"Edgewood Children’s Ranch",Orlando,FL,"United States",Open,
11170,"Escambia Boys Base",Pensacola,FL,"United States",Open,https://kidsoverprofits.org/facility/escambia-boys-base-fl/
11172,"Family First Adolescent Services","Palm Beach Gardens",FL,"United States",Open,https://kidsoverprofits.org/facility/family-first-adolescent-services-fl/
11173,"Florida Palms Academy",Hollywood,FL,"United States",Open,https://kidsoverprofits.org/facility/florida-palms-academy-fl/
11174,"Florida Sheriffs Youth Ranch in Safety Harbor","Safety Harbor",FL,"United States",Open,
11175,"Florida Sheriffs Youth Ranches Boys Ranch","Live Oak",FL,"United States",Open,
11176,"Florida United Methodist Children’s Home",Enterprise,FL,"United States",Open,https://kidsoverprofits.org/facility/florida-united-methodist-children-s-home-fl/
11177,"Gator Wilderness Camp School","Punta Gorda",FL,"United States",Open,
11178,"Global Medical and Behavioral Health","Avon Park",FL,"United States",Closed,
11179,"Greenville Hills Academy",Greenville,FL,"United States",Closed,
11183,"Hope Children’s Home",Tampa,FL,"United States",Open,
11184,"Insight Program",Greensboro,NC,"United States",Closed,
11185,"Inspirations for Youth and Families","Fort Lauderdale",FL,"United States",Open,
11186,"Juvenile Unit for Specialized Treatment – JUST",Sumatra,FL,"United States",Open,https://kidsoverprofits.org/facility/juvenile-unit-for-specialized-treatment-just-fl/
11187,"Kanner Academy",Sarasota,FL,"United States",Closed,
11188,"Kurt Emmanuel Haire Center for Children","Riviera Beach",FL,"United States",Closed,
11189,"LIFE – Life Is For Everyone",Osprey,FL,"United States",Closed,
11190,"Lifestream Youth and Recovery Care Center",Clermont,FL,"United States",Open,
11191,"Lighthouse Christian Academy",Jay,FL,"United States",Closed,https://kidsoverprofits.org/facility/lighthouse-christian-academy-fl/
11192,"Lippman Youth Shelter","Oakland Park",FL,"United States",Open,
11193,"Lotus Behavioral Health Teen RTC","Winter Springs",FL,"United States",Open,
11194,"Madalyn Program at Warrington Ranch",Okeechobee,FL,"United States",Closed,https://kidsoverprofits.org/facility/madalyn-program-at-warrington-ranch-fl/
11195,"Manatee Palms Group Homes",Bradenton,FL,"United States",Closed,
11196,"Martin Girls Academy",Stuart,FL,"United States",Closed,https://kidsoverprofits.org/facility/martin-girls-academy-fl/
11198,"Melbourne Center for Personal Growth",Melbourne,FL,"United States",Closed,https://kidsoverprofits.org/facility/melbourne-center-for-personal-growth-fl/
11199,"Miami Dade Regional Juvenile Detention Center",Miami,FL,"United States",Open,https://kidsoverprofits.org/facility/miami-dade-regional-juvenile-detention-center-fl/
11200,"NIA Residential Treatment Center for Children and Adolescents","Port Saint Lucie",FL,"United States",Open,
11202,"Our Father’s House",Milton,FL,"United States",Closed,
11203,"Palm Beach Juvenile Detention Center","West Palm Beach",FL,"United States",Open,
11204,"Palm Lane Baptist Boarding Academy",", Arcadia",FL,"United States",Closed,
11205,"Palmetto Youth Academy",Palmetto,FL,"United States",Closed,https://kidsoverprofits.org/facility/palmetto-youth-academy-fl/
11206,"Personal Enrichment Through Mental Health Services","Pinellas Park",FL,"United States",Open,
11207,"Polk County Juvenile Boot Camp",Bartow,FL,"United States",Open,
11208,"Potter’s House Girls Home","Lake Placid",FL,"United States",Closed,
11209,"Providence Pass",Kissimmee,FL,"United States",Open,
11210,"Refresh Canopy Cove Eating Disorder Treatment Center",Tallahassee,FL,"United States",Closed,
11211,"Residing Hope Madison Youth Ranch",Pinetta,FL,"United States",Open,
11212,"Residing Hope Residential Care",Enterprise,FL,"United States",Open,
11213,"Right Way Academy at 7 Arrows",Tallahassee,FL,"United States",Open,https://kidsoverprofits.org/facility/right-way-academy-at-7-arrows-fl/
11214,"SalusCare Florida Vince Smith Center","Fort Myers",FL,"United States",Open,
11215,"Santa Rosa Juvenile Residential Facility",Holt,FL,"United States",Closed,
11216,"Sister Soldier Military Academy","Fort Lauderdale",FL,"United States",Closed,
11218,"Step, Inc.",Tampa,FL,"United States",Closed,
11219,"Steppin’ Stone Farm",Lithia,FL,"United States",Closed,
11220,"Stewart Marchman Residential Adolescent Program","Daytona Beach",FL,"United States",Open,
11221,"Stonesoup School","Crescent City",FL,"United States",Closed,
11223,"Tampa Bay Academy",Riverview,FL,"United States",Open,https://kidsoverprofits.org/facility/tampa-bay-academy-fl/
11224,"Tampa Marine Institute",Tampa,FL,"United States",Open,
11225,"The Children’s Home Society of Florida RTC",Ocala,FL,"United States",Open,
11226,"The Children’s Place at Home Safe","Lake Worth Beach",FL,"United States",Open,
11227,"The Meridian",Pensacola,FL,"United States",Open,https://kidsoverprofits.org/facility/the-meridian-fl/
11229,"The Seed","Fort Lauderdale",FL,"United States",Closed,https://kidsoverprofits.org/facility/the-seed-fl/
11230,"The Vines PRTF",Ocala,FL,"United States",Open,
11231,"Thompson Academy","Pembroke Pines",FL,"United States",Closed,
11232,"Twin Oaks Academy II",Sumatra,FL,"United States",Open,https://kidsoverprofits.org/facility/twin-oaks-academy-ii-fl/
11233,"University Behavioral Center",Orlando,FL,"United States",Open,https://kidsoverprofits.org/facility/university-behavioral-center-fl/
11234,"Volusia County Regional Juvenile Detention Facility","Daytona Beach",FL,"United States",Open,
11235,"Volusia Halfway House","Daytona Beach",FL,"United States",Closed,
11236,"Wellspring Camps Florida",Melbourne,FL,"United States",Closed,
11237,"Wimauma Academy",Wimauma,FL,"United States",Open,https://kidsoverprofits.org/facility/wimauma-academy-fl/
11238,"Braveheart Academy",,FL,"United States",Closed,
11239,"Sawmill Academy for Girls",,FL,"United States",Closed,
11241,"Embark at The Forge",Benton,TN,"United States",Open,https://kidsoverprofits.org/facility/embark-at-the-forge-tn/
11243,"Cedar Grove RTC",Murfreesboro,TN,"United States",Open,https://kidsoverprofits.org/facility/cedar-grove-rtc-tn/
11245,"Hermitage Hall",", South Nashville",TN,"United States",Open,https://kidsoverprofits.org/facility/hermitage-hall-tn/
11246,"McDowell Center for Children","51 Bypass South Dyersburg",TN,"United States",Open,https://kidsoverprofits.org/facility/mcdowell-center-for-children-tn/
11247,"Mountain Youth Academy",", Mountain City",TN,"United States",Open,https://kidsoverprofits.org/facility/mountain-youth-academy-tn/
11248,"Natchez Trace Youth Academy",Waverly,TN,"United States",Open,https://kidsoverprofits.org/facility/natchez-trace-youth-academy-tn/
11249,"Oak Plains Academy","Ashland City",TN,"United States",Unknown,https://kidsoverprofits.org/facility/oak-plains-academy-tn/
11250,"Bledsoe Youth Academy",Gallatin,TN,"United States",Unknown,https://kidsoverprofits.org/facility/bledsoe-youth-academy-tn/
11251,"Cleveland Academy",Cleveland,TN,"United States",Unknown,https://kidsoverprofits.org/facility/cleveland-academy-tn/
11252,"Elizabethton Academy",Elizabethton,TN,"United States",Unknown,https://kidsoverprofits.org/facility/elizabethton-academy-tn/
11253,"Lebanon Academy",Lebanon,TN,"United States",Unknown,https://kidsoverprofits.org/facility/lebanon-academy-tn/
11254,"Memphis Youth Academy",Bartlett,TN,"United States",Unknown,https://kidsoverprofits.org/facility/memphis-youth-academy-tn/
11255,"Mount Juliet Academy","Mt. Juliet",TN,"United States",Unknown,https://kidsoverprofits.org/facility/mount-juliet-academy-tn/
11256,"Roane Academy",Rockwood,TN,"United States",Unknown,https://kidsoverprofits.org/facility/roane-academy-tn/
11257,"Rosewood Youth Academy",Nashville,TN,"United States",Open,https://kidsoverprofits.org/facility/rosewood-youth-academy-tn/
11258,"A King’s Place Specialty Group Home, Inc.",Jackson,TN,"United States",Open,
11259,"ABM Family Preparatory",Westmoreland,TN,"United States",Closed,https://kidsoverprofits.org/facility/abm-family-preparatory-tn/
11261,"Achievement Valley Ranch",Westmoreland,TN,"United States",Closed,
11262,"Adolescent Male Insight – Chattanooga",Chattanooga,TN,"United States",Open,
11263,"Advent Home Learning Center","950 Calhoun",TN,"United States",Open,
11264,"ARCH Academy","70 Kingston Springs",TN,"United States",Open,https://kidsoverprofits.org/facility/arch-academy-tn/
11265,"Bachman Academy",McDonald,TN,"United States",Closed,
11266,"Bedford County Juvenile Detention",Shelbyville,TN,"United States",Open,
11267,"Bethel Bible Village Children’s Home",Hixson,TN,"United States",Open,
11268,"Bill’s Place",", Memphis",TN,"United States",Open,https://kidsoverprofits.org/facility/bill-s-place-tn/
11269,"Blount County Juvenile Detention Center",Maryville,TN,"United States",Open,
11270,"Bradley County Juvenile Detention Center",Huntsville,TN,"United States",Open,
11271,"Brentwood Academy",Brentwood,TN,"United States",Open,
11272,"Buffalo Mountain Camp","Johnson City",TN,"United States",Closed,
11274,"CCS Adolescent Residential Center","Fall Branch",TN,"United States",Open,
11275,"Center for Success and Independence – Cleveland Academy","W. Cleveland",TN,"United States",Open,https://kidsoverprofits.org/facility/center-for-success-and-independence-cleveland-academy-tn/
11276,"Center for Success and Independence – Elizabethton Academy",Elizabethton,TN,"United States",Open,https://kidsoverprofits.org/facility/center-for-success-and-independence-elizabethton-academy-tn/
11277,"Center for Success and Independence – Memphis Youth Academy",Bartlett,TN,"United States",Open,https://kidsoverprofits.org/facility/center-for-success-and-independence-memphis-youth-academy-tn/
11278,"Center for Success and Independence – Roane Academy",", Rockwood",TN,"United States",Open,https://kidsoverprofits.org/facility/center-for-success-and-independence-roane-academy-tn/
11279,"Chad Youth Enhancement Center – Oak Plains Academy",", Ashland City",TN,"United States",Open,https://kidsoverprofits.org/facility/chad-youth-enhancement-center-oak-plains-academy-tn/
11280,"Compass Intervention Center",", Memphis",TN,"United States",Open,
11281,"Comprehensive Community Services, Inc.",", Kingsport",TN,"United States",Open,
11282,"Covenant Home",Buchanan,TN,"United States",Open,
11283,"Crossville Mission Bible Training Center",Crossville,TN,"United States",Open,
11284,"CSI – Bledsoe Youth Academy",", Gallatin",TN,"United States",Open,https://kidsoverprofits.org/facility/csi-bledsoe-youth-academy-tn/
11285,"CSI – Rosewood Youth Academy",Nashville,TN,"United States",Open,
11286,"Cumberland Heights Youth Program – ARCH Academy","Pike Nashville",TN,"United States",Open,
11287,"Davidson County Juvenile Detention Center",Nashville,TN,"United States",Open,
11288,"East Tennessee Christian Home",Elizabethton,TN,"United States",Open,
11289,"Eden of Youth Town",", Beech Bluff",TN,"United States",Open,
11290,"Edge Academy",Memphis,TN,"United States",Open,
11291,"Fairhaven Treatment Center",", Memphis",TN,"United States",Open,
11292,"Freedom Mountain Academy","Mountain City",TN,"United States",Open,https://kidsoverprofits.org/facility/freedom-mountain-academy-tn/
11293,"Freewill Baptist Family Ministry",Greenville,TN,"United States",Open,
11295,"Good Shepherd Children’s Home",Murfreesboro,TN,"United States",Open,
11296,"Grace Oasis",Nashville,TN,"United States",Open,https://kidsoverprofits.org/facility/grace-oasis-tn/
11297,"Happy Hills Youth Ranch","Ashland City",TN,"United States",Open,
11298,"Hope Hall",", Pinson",TN,"United States",Open,
11299,"Jackson Academy",Dickson,TN,"United States",Closed,
11300,"Janie’s House",", Memphis",TN,"United States",Open,
11301,"Kids 1st of Tennessee",Murfreesboro,TN,"United States",Open,
11302,Lakebrook,Knoxville,TN,"United States",Open,
11303,"Lakeside Behavioral Health System",", Memphis",TN,"United States",Open,
11304,"Lebanon Academy, A Center for Success and Independence",Lebanon,TN,"United States",Open,
11305,"Love in Action International – Refuge",Memphis,TN,"United States",Open,
11306,"Madison County Detention Center",Jackson,TN,"United States",Open,
11307,"Magnolia Academy",Lewisburg,TN,"United States",Closed,
11308,"Memphis Recovery Centers",", Memphis",TN,"United States",Open,https://kidsoverprofits.org/facility/memphis-recovery-centers-tn/
11309,"Middle Tennessee Juvenile Detention",Columbia,TN,"United States",Open,
11310,"Miller Hall",", Pinson",TN,"United States",Open,
11311,"Mount Juliet Academy, A Center for Success and Independence","Mt. Juliet",TN,"United States",Open,
11312,"Mountain View Academy",Dandridge,TN,"United States",Open,https://kidsoverprofits.org/facility/mountain-view-academy-tn/
11313,"New Life Lodge",Burns,TN,"United States",Open,
11314,"Parents Hope Ministries – Hope Academy",Adams,TN,"United States",Open,
11315,"Parkridge Valley Hospital",", Chattanooga",TN,"United States",Open,
11316,"Perimeter Behavioral of Jackson",Jackson,TN,"United States",Open,
11317,"PURE Academy",Memphis,TN,"United States",Open,
11318,"Putnam County Juvenile Detention",Cookeville,TN,"United States",Open,
11319,"Rhea County Juvenile Detention",Dayton,TN,"United States",Open,
11320,"Richard L. Bean Juvenile Detention Center",Knoxville,TN,"United States",Open,
11321,"Rose Center for Girls",", Bartlett",TN,"United States",Open,https://kidsoverprofits.org/facility/rose-center-for-girls-tn/
11322,"Rotary Hall",", Pinson",TN,"United States",Open,
11323,"Rutherford County Juvenile Detention Center",Murfreesboro,TN,"United States",Open,
11324,"Scholze Adolescent Center",", Chattanooga",TN,"United States",Open,
11325,"Scott County Juvenile Center",Huntsville,TN,"United States",Open,
11326,"Second Chance Ministry",Collierville,TN,"United States",Open,
11327,"Sevier County Juvenile Facility",Sevierville,TN,"United States",Open,
11329,"Shenandoah Boys Ranch",Calhoun,TN,"United States",Open,
11330,"Shenandoah Girls Haven",Cleveland,TN,"United States",Open,
11331,"Smoky Mountain Children’s Home",Seiverville,TN,"United States",Open,
11332,"Standing Tall Music City/Hollis Academy",Nashville,TN,"United States",Open,
11333,"SteppenStone Youth Treatment Center",Limestone,TN,"United States",Open,
11334,"Stones River Academy",Nashville,TN,"United States",Open,
11335,"Taft Youth Center",Spencer,TN,"United States",Closed,
11336,"Tennessee Baptist Children’s Homes, Inc.",Brentwood,TN,"United States",Open,
11337,"Tennessee Valley Juvenile Detention",Tuscumbia,AL,"United States",Open,
11338,"The Academy for Young Men",Nashville,TN,"United States",Open,
11339,"The Academy for Young Women",Nashville,TN,"United States",Open,
11340,"The Florence Crittenton Agency",", Knoxville",TN,"United States",Open,
11341,"The Forge School","30, Benton",TN,"United States",Open,
11342,"The Gateway Center",", Louisville",TN,"United States",Open,
11343,"The King’s Daughters’ School Center for Autism",", Columbia",TN,"United States",Open,
11344,"Upper East Tennessee Juvenile Detention Center","Johnson City",TN,"United States",Open,
11345,"Wears Valley Ranch",Sevierville,TN,"United States",Open,
11346,"Wilder Youth Development Center",Somerville,TN,"United States",Open,
11347,"Williamson County Juvenile Detention",Franklin,TN,"United States",Open,
11348,"Woolfolk Hall",", Pinson",TN,"United States",Open,
11349,"Youth Villages – Bartlett Campus",Memphis,TN,"United States",Open,
11350,"Youth Villages – Bartlett Cottages",", Memphis",TN,"United States",Open,https://kidsoverprofits.org/facility/youth-villages-bartlett-cottages-tn/
11351,"Youth Villages – Dogwood Campus",Arlington,TN,"United States",Open,
11352,"Youth Villages – Dogwood Cottages",", Arlington",TN,"United States",Open,https://kidsoverprofits.org/facility/youth-villages-dogwood-cottages-tn/
11353,"Adolescent Recovery of Cumberland Heights / DBA ARCH Academy",,TN,"United States",Open,
11354,"Lakeland Behavioral Health System Residential Treatment Program",Springfield,MO,"United States",Open,https://kidsoverprofits.org/facility/lakeland-behavioral-health-system-residential-treatment-program-mo/
11355,"CALO Programs","Lake Ozark",MO,"United States",Open,https://kidsoverprofits.org/facility/calo-programs-mo/
11357,"Ozarks Teen Challenge","Branson West",MO,"United States",Open,https://kidsoverprofits.org/facility/ozarks-teen-challenge-mo/
11358,"Heartland Behavioral Health Services RTF",Nevada,MO,"United States",Open,https://kidsoverprofits.org/facility/heartland-behavioral-health-services-rtf-mo/
11359,"Two Rivers Psychiatric Hospital","Kansas City",MO,"United States",Closed,https://kidsoverprofits.org/facility/two-rivers-psychiatric-hospital-mo/
11360,"Adair County Bruce Normile Juvenile Justice Center",Kirksville,MO,"United States",Open,
11362,"Alsana Castlewood Treatment Center",Fenton,MO,"United States",Open,
11363,"Babler Lodge",Wildwood,MO,"United States",Closed,
11364,"Boys and Girls Town of Missouri","Saint James",MO,"United States",Closed,https://kidsoverprofits.org/facility/boys-and-girls-town-of-missouri-mo/
11365,"Building Bridges II Inc.",Waynesville,MO,"United States",Closed,
11366,"Burrell – Milano House",Nixa,MO,"United States",Open,
11367,"Butterfield Youth Services",Marshall,MO,"United States",Open,
11368,"Camp Avery Park",Troy,MO,"United States",Open,
11369,"Cayman’s House of Hope, Inc.","Fair Play",MO,"United States",Closed,
11370,"Challenge N Change",Nevada,MO,"United States",Open,
11371,"Child Center Marygrove",Florissant,MO,"United States",Open,
11372,"Child Center of Our Lady of Grace","St. Louis",MO,"United States",Open,
11374,"Circle of Hope Girls’ Ranch",Humansville,MO,"United States",Closed,https://kidsoverprofits.org/facility/circle-of-hope-girls-ranch-mo/
11375,"Cornerstone Group Home",Columbia,MO,"United States",Closed,
11376,"Cornerstones of Care Ozanam Campus","Kansas City",MO,"United States",Open,
11377,"Covenant House Missouri","St. Louis",MO,"United States",Open,
11378,"Delmina Woods",Forsyth,MO,"United States",Closed,
11380,"Eagle Summit",Silex,MO,"United States",Closed,https://kidsoverprofits.org/facility/eagle-summit-mo/
11381,"Edgewood Children’s Center","St. Louis",MO,"United States",Open,
11382,"Edgewood Children’s Home","Poplar Bluff",MO,"United States",Closed,
11383,"Epworth Residential Services","Webster Groves",MO,"United States",Open,
11384,"Every Child’s Hope","St. Louis",MO,"United States",Open,
11385,"Fair Haven Children’s Home",Strafford,MO,"United States",Open,
11386,"Faith Foundation Children’s Home – Grace House/Mercy House",Fredericktown,MO,"United States",Open,
11387,"Faith Foundation Children’s Home – Hope House","Poplar Bluff",MO,"United States",Open,
11388,"Faith Foundation Children’s Home – Joy House",Fredericktown,MO,"United States",Open,
11389,"Faith/Integrity House",Fredericktown,MO,"United States",Open,
11390,"Family Matters2",Waynesville,MO,"United States",Open,
11391,"Father Dunne’s Newsboys Home and Protectorate",Florissant,MO,"United States",Open,
11392,"Fulton Treatment Center",Fulton,MO,"United States",Open,
11393,"Future Men",Kirbyville,MO,"United States",Open,
11394,"Gateways Boys and Girls Home Inc.",Galena,MO,"United States",Open,
11395,"Gentry Residential Treatment Center",Cabool,MO,"United States",Open,
11396,"Good Samaritan Boys Ranch",Brighton,MO,"United States",Open,
11397,"Green Gables Lodge Treatment Center","Mack’s Creek",MO,"United States",Open,
11398,"Heartland Christian Academy",Bethel,MO,"United States",Open,
11399,"Heaven’s View Christian Boarding Academy",Richland,MO,"United States",Open,
11400,"Hillsboro Treatment Center",Hillsboro,MO,"United States",Open,
11401,"Hogan Street Regional Youth Center","St. Louis",MO,"United States",Open,
11402,"Holland Residential",Grandview,MO,"United States",Open,
11403,"Home Court Advantage Inc II & III",Bolivar,MO,"United States",Open,
11404,"Home Court Advantage Inc IV",Bolivar,MO,"United States",Open,
11405,"Home Court Advantage Inc V",Bolivar,MO,"United States",Open,
11406,"Home Court Advantage Inc VI","83 Bolivar",MO,"United States",Open,
11407,"Hope Ranch of Missouri",Sullivan,MO,"United States",Open,
11408,"House of Compassion",Grandview,MO,"United States",Open,
11409,"Kanakuk Kamps",Branson,MO,"United States",Open,https://kidsoverprofits.org/facility/kanakuk-kamps-mo/
11410,"Kemper Military Academy",Boonville,MO,"United States",Open,
11412,"Lakeside RTC","St. Louis",MO,"United States",Open,
11413,"Langsford House Youth Center","Lee’s Summit",MO,"United States",Open,
11414,"Legacy Academy Adventures","Jericho Springs",MO,"United States",Closed,https://kidsoverprofits.org/facility/legacy-academy-adventures-mo/
11415,"Living Water Refuge",Hartville,MO,"United States",Open,
11416,"LUC Ranch",Lampe,MO,"United States",Open,https://kidsoverprofits.org/facility/luc-ranch-mo/
11417,"Making a Difference Treatment, Inc.","32 Bolivar",MO,"United States",Open,
11418,"Master’s Ranch Christian Academy",Couch,MO,"United States",Open,https://kidsoverprofits.org/facility/master-s-ranch-christian-academy-mo/
11419,"Master’s Ranch Girls Academy",Thayer,MO,"United States",Closed,https://kidsoverprofits.org/facility/master-s-ranch-girls-academy-mo/
11420,"Master’s Ranch Junior High",Myrtle,MO,"United States",Open,
11421,"MBCH Children and Family Ministries – Byrne Campus",Peculiar,MO,"United States",Open,
11422,"MBCH Children and Family Ministries – Lowe-Frill Campus",Bridgeton,MO,"United States",Open,
11423,"MCBH Children and Family Ministries – Hutchens Campus","Mt. Vernon",MO,"United States",Open,
11424,"Missouri Girls Town Foundation, Inc.","Kingdom City",MO,"United States",Open,
11425,"Missouri Hills Youth Center","St. Louis",MO,"United States",Open,
11426,"Missouri Training School for Boys",Boonville,MO,"United States",Closed,https://kidsoverprofits.org/facility/missouri-training-school-for-boys-mo/
11427,"Missouri Training School for N*gro Girls",Tipton,MO,"United States",Closed,
11428,"Mount Vernon Treatment Center","Mt Vernon",MO,"United States",Open,
11429,"Mountain Park Baptist Boarding Academy",Patterson,MO,"United States",Closed,https://kidsoverprofits.org/facility/mountain-park-baptist-boarding-academy-mo/
11430,"New Beginnings Girls Academy","La Russell",MO,"United States",Open,https://kidsoverprofits.org/facility/new-beginnings-girls-academy-mo/
11431,"New Hope Residential Care Inc.","Park Hills",MO,"United States",Open,
11432,"New Madrid Bend Youth Center","New Madrid",MO,"United States",Open,
11433,"Northeast Community Treatment Center",Mexico,MO,"United States",Closed,
11434,"Northwest Regional Youth Center","Kansas City",MO,"United States",Open,
11435,"Noyes Home For Children","St. Joseph",MO,"United States",Open,
11436,"Ozark Trails Academy","Willow Springs",MO,"United States",Open,https://kidsoverprofits.org/facility/ozark-trails-academy-mo/
11439,"Proverb Academy",Morehouse,MO,"United States",Open,
11440,"Renovo Boys Academy",Silex,MO,"United States",Closed,
11441,"Rich Hill Youth Development Center","Rich Hill",MO,"United States",Open,
11442,"Riverbend Treatment Facility","St Joseph",MO,"United States",Open,
11443,"Rocky Creek Youth Ranch","Park Hills",MO,"United States",Open,
11444,"Rosa Parks Center",Fulton,MO,"United States",Open,
11445,"Sharpe Farms and Heartland Community Center",Monticello,MO,"United States",Open,
11446,"Sierra-Osage Treatment Center","Poplar Bluff",MO,"United States",Open,
11447,"Spofford Home","Kansas City",MO,"United States",Closed,
11448,"SSM DePaul Health Center",Bridgeton,MO,"United States",Open,https://kidsoverprofits.org/facility/ssm-depaul-health-center-mo/
11449,"Thayer Learning Center",Kidder,MO,"United States",Closed,https://kidsoverprofits.org/facility/thayer-learning-center-mo/
11450,"The Greenhouse Children’s Treatment Center",Marshfield,MO,"United States",Open,
11451,"The Joshua Home",Pineville,MO,"United States",Open,
11452,"The Legacy Ranch","Bonne Terre",MO,"United States",Open,
11453,"Turnaround Ranch",Joplin,MO,"United States",Open,https://kidsoverprofits.org/facility/turnaround-ranch-mo/
11454,"Valley Springs Youth Ranch","Black Reynolds",MO,"United States",Open,
11456,"Victory Mountain Boys Ranch",Ironton,MO,"United States",Open,
11457,"W.E. Sears Youth Center","Poplar Bluff",MO,"United States",Open,
11458,"Watkins Mill Park Camp",Kearney,MO,"United States",Open,
11459,"Waverly Regional Youth Center",Waverly,MO,"United States",Open,
11460,"Whetstone Boys Ranch","Mountain View",MO,"United States",Open,https://kidsoverprofits.org/facility/whetstone-boys-ranch-mo/
11461,"Wilson’s Creek Youth Home",Springfield,MO,"United States",Open,
11463,"Women of Unity","Kansas City",MO,"United States",Open,
11464,"Little Creek Behavioral Health Residential Treatment Facility",Conway,AR,"United States",Open,https://kidsoverprofits.org/facility/little-creek-behavioral-health-residential-treatment-facility-ar/
11465,"Millcreek Behavioral Health Psychiatric Residential Treatment Facility",Fordyce,AR,"United States",Open,https://kidsoverprofits.org/facility/millcreek-behavioral-health-psychiatric-residential-treatment-facility-ar/
11466,"Ridgeview Group Home",Fayetteville,AR,"United States",Open,https://kidsoverprofits.org/facility/ridgeview-group-home-ar/
11467,"Vantage Point Behavioral Health Hospital RTP",Fayetteville,AR,"United States",Open,https://kidsoverprofits.org/facility/vantage-point-behavioral-health-hospital-rtp-ar/
11468,"Teen Challenge Adventure Ranch",Morrow,AR,"United States",Unknown,https://kidsoverprofits.org/facility/teen-challenge-adventure-ranch-ar/
11469,"Pinnacle Pointe Hospital Sub-Acute Inpatient Treatment","Little Rock",AR,"United States",Unknown,https://kidsoverprofits.org/facility/pinnacle-pointe-hospital-sub-acute-inpatient-treatment-ar/
11470,"Mansfield Juvenile Treatment Center",Mansfield,AR,"United States",Unknown,https://kidsoverprofits.org/facility/mansfield-juvenile-treatment-center-ar/
11471,"Alexander Youth Services Center",Alexander,AR,"United States",Open,
11472,"Arbor House",", North Little Rock",AR,"United States",Open,
11473,"Arkansas Baptist Home for Children Monticello Campus",Monticello,AR,"United States",Open,
11474,"Arkansas Baptist Ranch",Harrison,AR,"United States",Open,
11475,"Arkansas County Juvenile Center",DeWitt,AR,"United States",Open,
11476,"Arkansas Juvenile Assessment and Treatment Center",", Alexander",AR,"United States",Open,
11477,"Arkansas Sheriff Youth RANCHs Inc. – Bethesda",", Batesville",AR,"United States",Open,
11478,"Basic Life Principles Training Center","Little Rock",AR,"United States",Open,
11479,"Benton County Juvenile Detention",Bentonville,AR,"United States",Open,
11480,"Capstone Treatment Center",", Judsonia",AR,"United States",Open,https://kidsoverprofits.org/facility/capstone-treatment-center-ar/
11481,"Cartwright House","Little Rock",AR,"United States",Open,
11482,"Centers for Youth and Families, Inc.",",, Ste. 101 Little Rock",AR,"United States",Open,
11483,"Children’s Homes, Inc.",Paragould,AR,"United States",Open,
11484,"Compact Family Services",", Hot Springs",AR,"United States",Open,
11485,"Consolidated Youth Services",Jonesboro,AR,"United States",Open,
11486,"Craighead County Detention Center",Jonesboro,AR,"United States",Open,
11487,"Crestview House","Little Rock",AR,"United States",Open,
11488,"Crittenden County Juvenile Detention Center","West Memphis",AR,"United States",Open,
11489,"Curt, Cliff & Opal Young Children’s Home","Fort Smith",AR,"United States",Open,
11490,"Dana’s House",", De Witt",AR,"United States",Open,
11491,"Delta Family Health and Fitness Center for Children",", Hamburg",AR,"United States",Open,
11492,"Dermott Juvenile Treatment Facility",Dermott,AR,"United States",Open,
11493,"East Arkansas Youth Services",", Marion",AR,"United States",Open,
11494,"Elizabeth Mitchell Centers",", Little Rock",AR,"United States",Open,
11495,"Faulkner County Juvenile Detention Center",Conway,AR,"United States",Open,
11496,"Florence Crittenton Home",", Little Rock",AR,"United States",Open,
11497,"Fort Smith Children’s Emergency Shelter",", Fort Smith",AR,"United States",Open,
11498,"Fostering Change Residential Community Reintegration","Fort Smith",AR,"United States",Open,
11499,"Garland County Juvenile Detention","Hot Springs",AR,"United States",Open,
11500,"Girl’s Shelter of Fort Smith",", Fort Smith",AR,"United States",Open,
11501,"Glenhaven Youth Ranch",Plainview,AR,"United States",Open,
11502,H.A.V.E.N.,", Conway",AR,"United States",Open,
11503,"Harrisburg Juvenile Treatment Center",", Harrisburg",AR,"United States",Open,
11504,"Henry Hank Wilkins IV House",", Pine Bluff",AR,"United States",Open,
11505,"Hillcrest Children’s Home",Hotsprings,AR,"United States",Open,
11506,"Immerse Arkansas",", Little Rock",AR,"United States",Open,
11507,"Jack Jones Juvenile Detention Center","Pine Bluff",AR,"United States",Open,
11508,"Joanna Magale Manor",", Magnolia",AR,"United States",Open,
11509,"Joseph Pfeifer Kiwanis Camp",", Little Rock",AR,"United States",Open,
11510,"Lantz Lurry Juvenile Detention Center",Texarkana,AR,"United States",Open,
11511,"Lewisville Juvenile Treatment Center",Lewisville,AR,"United States",Open,
11512,"Little Creek Behavioral Health",Conway,AR,"United States",Open,https://kidsoverprofits.org/facility/little-creek-behavioral-health-ar/
11513,"Lords Ranch Behavioral Health Care Systems",", Warm Springs",AR,"United States",Open,
11514,"Maggie House",", Charleston",AR,"United States",Open,
11515,"Millcreek of Arkansas",", Fordyce",AR,"United States",Open,
11516,"Millcreek of Arkansas PRTF",", Fordyce",AR,"United States",Open,
11517,"NeuroRestorative – Timber Ridge",", Benton",AR,"United States",Open,
11518,"New Life Children’s Home",", Oil Trough",AR,"United States",Open,
11519,"Northwest Arkansas Children’s Shelter",", Bentonville",AR,"United States",Open,
11520,"Open Arms Shelter",Lonoke,AR,"United States",Open,
11521,"Ophelia Polk Moore Home",", Lexa",AR,"United States",Open,
11522,"Ouachita Children’s Shelter",", Hot Springs",AR,"United States",Open,
11526,"Piney Ridge Treatment Center",", Fayetteville",AR,"United States",Open,https://kidsoverprofits.org/facility/piney-ridge-treatment-center-ar/
11527,"Pinnacle Pointe Sub-Acute Inpatient Treatment","Little Rock",AR,"United States",Open,
11528,"Pulaski County Juvenile Detention","Little Rock",AR,"United States",Open,
11529,"Quapaw House Adolescent Residential Treatment Center",", Hot Springs",AR,"United States",Open,
11530,"Ridge View Program",", Fayetteville",AR,"United States",Open,
11531,"Rivendell of Arkansas",Benton,AR,"United States",Open,https://kidsoverprofits.org/facility/rivendell-of-arkansas-ar/
11532,"Searcy Children’s Home, Inc.",Searcy,AR,"United States",Open,
11533,"Sebastian County Juvenile Detention Center","Fort Smith",AR,"United States",Open,
11534,"Second Chance Ranch",", Paron",AR,"United States",Open,
11535,"Soaring Wings Ranch",", Vilonia",AR,"United States",Open,
11536,"Southeast Arkansas Residential Treatment Facility",Monticello,AR,"United States",Open,
11537,"Southern Christian Home",", Morrilton",AR,"United States",Open,
11539,"Texarkana Baptist Children’s Home",", Texarkana",AR,"United States",Open,
11540,"The Boy’s Shelter",", Fort Smith",AR,"United States",Open,
11541,"The Centers for Youth and Families – Monticello","Walnut Ridge",AR,"United States",Open,https://kidsoverprofits.org/facility/the-centers-for-youth-and-families-monticello-ar/
11542,"The Lord’s Ranch","Warm Springs",AR,"United States",Open,
11543,"Timothy Hill Children’s Ranch",Searcy,AR,"United States",Open,
11544,"Trinity Behavioral Health",", Warm Springs",AR,"United States",Open,
11545,"United Methodist Children’s Home Dacus RTC",", Bono",AR,"United States",Open,
11546,"United Methodist Children’s Home John Magale Manor",", Magnolia",AR,"United States",Open,
11547,"United Methodist Children’s Home Little Rock Campus","Little Rock",AR,"United States",Open,
11548,"United Methodist Children’s Homes Fayetteville Home",", Fayetteville",AR,"United States",Open,
11549,"United Methodist Children’s Homes Mulberry Boy’s Home",", Mulberry",AR,"United States",Open,
11550,"United Methodist Children’s Homes Searcy Home",Searcy,AR,"United States",Open,
11551,"United Methodist Children’s Homes Springdale Girl’s Home",", Fayetteville",AR,"United States",Open,
11552,"Vantage Point Behavioral Health RTP",Fayetteville,AR,"United States",Open,
11553,"Vera Lloyd Presbyterian Home and Family Services, Inc",", Monticello",AR,"United States",Open,
11554,"Washington County Juvenile Detention Center",Fayetteville,AR,"United States",Open,
11555,"Watersprings Ranch",", Texarkana",AR,"United States",Open,
11556,"White River Juvenile Detention Center",Batesville,AR,"United States",Open,
11557,"Wilson & Field Homes","Little Rock",AR,"United States",Open,
11558,"Winfred Polk Home",", Heber Springs",AR,"United States",Open,
11559,"Yell County Juvenile Detention Center",Danville,AR,"United States",Open,
11560,"Youth Home, Inc.","Little Rock",AR,"United States",Open,https://kidsoverprofits.org/facility/youth-home-inc-ar/
11561,"Southwood Psychiatric Hospital Residential Treatment Program",Pittsburgh,PA,"United States",Open,https://kidsoverprofits.org/facility/southwood-psychiatric-hospital-residential-treatment-program-pa/
11562,"Wellspring Pennsylvania",Scranton,PA,"United States",Closed,https://kidsoverprofits.org/facility/wellspring-pennsylvania-pa/
11563,"Devereux Advanced Behavioral Health Pennsylvania",Villanova,PA,"United States",Open,https://kidsoverprofits.org/facility/devereux-advanced-behavioral-health-pennsylvania-pa/
11564,"Devereux Pennsylvania Autism Intensive Residential Services","West Chester",PA,"United States",Open,https://kidsoverprofits.org/facility/devereux-pennsylvania-autism-intensive-residential-services-pa/
11565,"Devereux Pennsylvania Behavioral Health Psychiatric Residential Treatment Program","West Chester",PA,"United States",Open,https://kidsoverprofits.org/facility/devereux-pennsylvania-behavioral-health-psychiatric-residential-treatment-program-pa/
11566,"Devereux Pennsylvania Brandywine School",Glenmoore,PA,"United States",Open,https://kidsoverprofits.org/facility/devereux-pennsylvania-brandywine-school-pa/
11568,"Devereux Pennsylvania ID/ASD Residential Program",Malvern,PA,"United States",Open,https://kidsoverprofits.org/facility/devereux-pennsylvania-id-asd-residential-program-pa/
11569,"Devereux Pennsylvania ID/MH Program",Malvern,PA,"United States",Open,https://kidsoverprofits.org/facility/devereux-pennsylvania-id-mh-program-pa/
11570,"Devereux Pennsylvania Mapleton Intensive Program",Malvern,PA,"United States",Open,https://kidsoverprofits.org/facility/devereux-pennsylvania-mapleton-intensive-program-pa/
11571,"The Devereux School for Integrated Learning","West Chester",PA,"United States",Open,https://kidsoverprofits.org/facility/the-devereux-school-for-integrated-learning-pa/
11572,"Embark at The Poconos","White Haven",PA,"United States",Open,https://kidsoverprofits.org/facility/embark-at-the-poconos-pa/
11573,"The Meadows Psychiatric Center","Centre Hall",PA,"United States",Open,https://kidsoverprofits.org/facility/the-meadows-psychiatric-center-pa/
11575,"Abraxas I",Marienville,PA,"United States",Open,
11576,"Abraxas PRTF",Marienville,PA,"United States",Open,
11579,"Adelphoi Alliance House",Connellsville,PA,"United States",Open,
11580,"Adelphoi Anchor House",Connellsville,PA,"United States",Open,
11581,"Adelphoi Benet Home",Latrobe,PA,"United States",Open,
11582,"Adelphoi Colony Home",Bradenville,PA,"United States",Open,
11583,"Adelphoi Greystone House",Boswell,PA,"United States",Open,
11584,"Adelphoi Judge Charles E. Marker House","PA 15650.",PA,"United States",Open,
11585,"Adelphoi La Sa Quik","Cogan Station",PA,"United States",Open,
11586,"Adelphoi Loyalhanna House",Latrobe,PA,"United States",Open,https://kidsoverprofits.org/facility/adelphoi-loyalhanna-house-pa/
11587,"Adelphoi Manor",Ebensburg,PA,"United States",Open,
11588,"Adelphoi Margaret Home",Latrobe,PA,"United States",Open,
11589,"Adelphoi Middle Creek I",Latrobe,PA,"United States",Open,
11590,"Adelphoi Middle Creek II",Latrobe,PA,"United States",Open,
11591,"Adelphoi Middle Creek III",Latrobe,PA,"United States",Open,
11592,"Adelphoi Middle Creek IV",Latrobe,PA,"United States",Open,
11593,"Adelphoi Raphael House",Latrobe,PA,"United States",Open,
11594,"Adelphoi Susan’s Place",Latrobe,PA,"United States",Open,
11595,"Adelphoi Sweeney Home",Latrobe,PA,"United States",Open,
11596,"Adelphoi Vincent Home",Latrobe,PA,"United States",Open,
11597,"Adelphoi Williams Home",Duncansville,PA,"United States",Open,
11598,"Beacon Light First Street RTF",Bradford,PA,"United States",Open,
11599,"Beacon Light GIRLS Program",Bradford,PA,"United States",Open,
11600,"Beacon Light STAR Program",Bradford,PA,"United States",Open,
11601,"Beacon Light STRIDE Program",Bradford,PA,"United States",Open,
11602,"Beacon Light STRIDE Southwest Program",Kittanning,PA,"United States",Open,
11603,"Beacon Light Youngsville Specialized Residential Treatment Program",Youngsville,PA,"United States",Open,
11604,"Blue Ridge Eating Disorder Care Center Residential Program",Saylorsburg,PA,"United States",Open,
11605,"Carlisle Indian Industrial School",Carlisle,PA,"United States",Closed,
11606,"Children’s Home of Reading Eastern Manor",Doylestown,PA,"United States",Open,
11607,"Children’s Home of Reading Mathom House",Doylestown,PA,"United States",Open,
11608,"Children’s Home of Reading PATHS Group Treatment Home",Breinigsville,PA,"United States",Open,
11609,"Children’s Home of Reading RTF",Reading,PA,"United States",Open,
11610,"Circle C Youth Center",Carrick,PA,"United States",Closed,
11611,"CSG Adolescent Residential Treatment Facility",Manheim,PA,"United States",Open,
11612,"Devereux Pennsylvania Children’s Behavioral Health Center",Malvern,PA,"United States",Open,https://kidsoverprofits.org/facility/devereux-pennsylvania-children-s-behavioral-health-center-pa/
11613,"DTAC Danville RTC",Danville,PA,"United States",Open,
11614,"DTAC Lewisburg RTC",Lewisburg,PA,"United States",Open,
11615,"Fairmount Behavioral Health System Adolescent Inpatient Program",Philadelphia,PA,"United States",Open,
11616,"Foundations Behavioral Health RTF",Doylestown,PA,"United States",Open,
11617,"Friends Hospital Adolescents Program",Philadelphia,PA,"United States",Open,
11618,"George Junior Republic","Grove City",PA,"United States",Open,
11620,"Hoffman Homes Psychiatric Residential Treatment Program",Littlestown,PA,"United States",Open,
11621,"Huntington Creek Recovery Center",Shickshinny,PA,"United States",Open,https://kidsoverprofits.org/facility/huntington-creek-recovery-center-pa/
11622,"KidsPeace PRTF",Orefield,PA,"United States",Open,
11623,"Loysville Youth Development Center",Loysville,PA,"United States",Open,
11624,"Manos House",Columbia,PA,"United States",Open,
11625,"Mathom House",Doylestown,PA,"United States",Open,https://kidsoverprofits.org/facility/mathom-house-pa/
11626,"Melmark Pennsylvania RTF",Berwyn,PA,"United States",Open,
11627,"New Outlook Academy",Pittsburgh,PA,"United States",Open,
11628,"North Central Secure Treatment Unit",Danville,PA,"United States",Open,
11629,"​North East Secure Treatment Unit",Pittston,PA,"United States",Open,
11630,"Northwestern Academy",Excelsior,PA,"United States",Closed,
11631,"Outside In Voyagers Program",Bolivar,PA,"United States",Open,
11632,"PA Child Care",Pittston,PA,"United States",Closed,
11633,"PATH Adolescent Residential Treatment Program",Philadelphia,PA,"United States",Open,
11634,"Prescott House",Lancaster,PA,"United States",Closed,
11635,"Pressley Ridge Home Places",Pittsburgh,PA,"United States",Open,
11636,"Pressley Ridge School",Ohiopyle,PA,"United States",Closed,
11637,"Sarah Reed Children’s Center Residential Treatment",Erie,PA,"United States",Open,
11638,"​South Mountain Secure Treatment Unit","South Mountain",PA,"United States",Open,
11639,"Summit Quest Academy",Ephrata,PA,"United States",Closed,https://kidsoverprofits.org/facility/summit-quest-academy-pa/
11641,"The Bradley Center PRTF",Pittsburgh,PA,"United States",Open,
11642,"The Bridge Philadelphia",Philadelphia,PA,"United States",Open,
11644,"The Summit Academy",Herman,PA,"United States",Open,
11645,"The Village School","Bryn Mawr",PA,"United States",Closed,
11646,"Warwick House",Hartsville,PA,"United States",Closed,
11647,"Western Center",Canonsburg,PA,"United States",Closed,https://kidsoverprofits.org/facility/western-center-pa/
11648,"Western PA Child Care",Emlenton,PA,"United States",Closed,
11649,"Western Psychiatric Institute and Clinic",Pittsburgh,PA,"United States",Open,
11650,"Outside In Pathway to Recovery",,PA,"United States",Open,
11651,"Talisman Camps",Zirconia,NC,"United States",Open,https://kidsoverprofits.org/facility/talisman-camps-nc/
11652,"New Leaf Academy of North Carolina",Hendersonville,NC,"United States",Closed,https://kidsoverprofits.org/facility/new-leaf-academy-of-north-carolina-nc/
11654,"Wellspring Adventure Camp North Carolina",Canton,NC,"United States",Closed,https://kidsoverprofits.org/facility/wellspring-adventure-camp-north-carolina-nc/
11655,"Lake House Academy","Flat Rock",NC,"United States",Open,https://kidsoverprofits.org/facility/lake-house-academy-nc/
11657,"Equinox RTC",Hendersonville,NC,"United States",Closed,https://kidsoverprofits.org/facility/equinox-rtc-nc/
11658,"Foundations Asheville",Asheville,NC,"United States",Unknown,https://kidsoverprofits.org/facility/foundations-asheville-nc/
11661,"Newport Academy – Charlotte",Charlotte,NC,"United States",Open,https://kidsoverprofits.org/facility/newport-academy-charlotte-nc/
11663,"North Carolina Boys Academy",Conover,NC,"United States",Open,https://kidsoverprofits.org/facility/north-carolina-boys-academy-nc/
11664,"Keys of Carolina",Charlotte,NC,"United States",Closed,https://kidsoverprofits.org/facility/keys-of-carolina-nc/
11665,"A Better Path, Inc",Burlington,NC,"United States",Closed,https://kidsoverprofits.org/facility/a-better-path-inc-nc/
11666,"A Better Way Residential Services",Shannon,NC,"United States",Open,https://kidsoverprofits.org/facility/a-better-way-residential-services-nc/
11667,"A Caring Heart","Rocky Mount",NC,"United States",Closed,
11668,"A Mother’s Love",Burlington,NC,"United States",Open,https://kidsoverprofits.org/facility/a-mother-s-love-nc/
11669,"A Place of their Own LLC",McLeansville,NC,"United States",Open,https://kidsoverprofits.org/facility/a-place-of-their-own-llc-nc/
11670,"A Positive Solution",Durham,NC,"United States",Open,
11671,"A Special Touch, Inc.",Willard,NC,"United States",Open,https://kidsoverprofits.org/facility/a-special-touch-inc-nc/
11672,"A Sure House, Inc.",Winston-Salem,NC,"United States",Open,https://kidsoverprofits.org/facility/a-sure-house-inc-nc/
11673,"Abounding Grace School for Boys",Lexington,NC,"United States",Closed,
11674,"About Face Boot Camp",Conover,NC,"United States",Closed,
11675,"ACE Program",Rockwell,NC,"United States",Open,https://kidsoverprofits.org/facility/ace-program-nc/
11676,"Adolescent Alternatives",Greensboro,NC,"United States",Open,https://kidsoverprofits.org/facility/adolescent-alternatives-nc/
11678,"Alamance Academy, LLC",Burlington,NC,"United States",Closed,
11679,"Alexander Youth Network – Dickson Unit",Charlotte,NC,"United States",Open,https://kidsoverprofits.org/facility/alexander-youth-network-dickson-unit-nc/
11680,"Alexander Youth Network – Elm Unit",Charlotte,NC,"United States",Open,https://kidsoverprofits.org/facility/alexander-youth-network-elm-unit-nc/
11681,"Alexander Youth Network – Nisbet Unit",Charlotte,NC,"United States",Open,https://kidsoverprofits.org/facility/alexander-youth-network-nisbet-unit-nc/
11682,"Alexander Youth Network – Oak Unit PTRF",Charlotte,NC,"United States",Open,
11683,"All God’s Children of Burlington","Haw River",NC,"United States",Open,
11684,"Alphin Cottage",Matthews,NC,"United States",Open,https://kidsoverprofits.org/facility/alphin-cottage-nc/
11685,"Alston Home",Zebulon,NC,"United States",Open,
11686,"Amani Residential",Williamston,NC,"United States",Open,
11687,"Anderson Health Services – Ashford",Marshville,NC,"United States",Open,
11688,"Anderson Health Services – Walfus",Marshville,NC,"United States",Open,
11689,"Ann’s House",Shelby,NC,"United States",Open,
11690,ASAP,Greensboro,NC,"United States",Open,
11691,"Ashley View Home",Charlotte,NC,"United States",Open,
11693,"Barium Springs – Nelson Home",Statesville,NC,"United States",Open,
11694,"Barium Springs Home for Children – King Home",Statesville,NC,"United States",Open,
11695,"Barium Springs Home for Children – Kulynych Cottage","North Wilkesboro",NC,"United States",Open,
11696,"Bellwick Place",Greensboro,NC,"United States",Open,https://kidsoverprofits.org/facility/bellwick-place-nc/
11697,"Bisbee Place",Greensboro,NC,"United States",Open,https://kidsoverprofits.org/facility/bisbee-place-nc/
11698,"Black Mountain Academy","Black Mountain",NC,"United States",Open,https://kidsoverprofits.org/facility/black-mountain-academy-nc/
11699,"Black Mountain Home for Children Residential Care","Black Mountain",NC,"United States",Open,
11700,"Blessed New Beginnings",Greensboro,NC,"United States",Open,https://kidsoverprofits.org/facility/blessed-new-beginnings-nc/
11701,"Blossom Community Services, Inc.",Gastonia,NC,"United States",Open,
11702,"Blue Horizons",Statesville,NC,"United States",Open,https://kidsoverprofits.org/facility/blue-horizons-nc/
11703,"Blue Sapphire House",Cherryville,NC,"United States",Open,https://kidsoverprofits.org/facility/blue-sapphire-house-nc/
11704,"Bobcat Group Home",Marion,NC,"United States",Open,
11705,"Bonnie Lane Group Home",Statesville,NC,"United States",Open,https://kidsoverprofits.org/facility/bonnie-lane-group-home-nc/
11706,"Bonnie’s Home for Youth",Charlotte,NC,"United States",Open,https://kidsoverprofits.org/facility/bonnie-s-home-for-youth-nc/
11707,"Bost Children’s Center",Concord,NC,"United States",Open,
11708,"Brannock Home",Greensboro,NC,"United States",Open,
11709,"Brighter Dayz LLC",Gastonia,NC,"United States",Open,
11710,"Brite Horizon",Charlotte,NC,"United States",Open,https://kidsoverprofits.org/facility/brite-horizon-nc/
11711,"Brynn Marr Hospital",Jacksonville,NC,"United States",Open,https://kidsoverprofits.org/facility/brynn-marr-hospital-nc/
11712,Burkwell,Lenoir,NC,"United States",Open,https://kidsoverprofits.org/facility/burkwell-nc/
11713,"Cameron Boys Camp",Cameron,NC,"United States",Open,
11714,"Camp Duncan",Aberdeen,NC,"United States",Open,
11715,"Camp E-Ma-Henwu",Newport,NC,"United States",Closed,https://kidsoverprofits.org/facility/camp-e-ma-henwu-nc/
11716,"Camp E-Mun-Talee",Lowgap,NC,"United States",Closed,https://kidsoverprofits.org/facility/camp-e-mun-talee-nc/
11717,"Camp E-Tik-Etu",Elizabethtown,NC,"United States",Closed,https://kidsoverprofits.org/facility/camp-e-tik-etu-nc/
11718,"Camp E-Toh-Kalu",Hendersonville,NC,"United States",Closed,https://kidsoverprofits.org/facility/camp-e-toh-kalu-nc/
11719,"Canyon Hills Treatment Facility",Raeford,NC,"United States",Open,https://kidsoverprofits.org/facility/canyon-hills-treatment-facility-nc/
11721,"Carolina Dunes Behavioral Health",Leland,NC,"United States",Open,
11722,"Carolina Dunes PTRF",Leland,NC,"United States",Open,
11723,"Catabwa River Group Home",Marion,NC,"United States",Open,
11724,"Chances Group Home",Salisbury,NC,"United States",Open,https://kidsoverprofits.org/facility/chances-group-home-nc/
11725,"Chaparral Youth Services LLC",Maxton,NC,"United States",Open,https://kidsoverprofits.org/facility/chaparral-youth-services-llc-nc/
11726,"Charlotte Counseling and Consulting RTC",Williamston,NC,"United States",Open,
11727,"Cherrywood Court",Raleigh,NC,"United States",Open,https://kidsoverprofits.org/facility/cherrywood-court-nc/
11728,"Children Under Construction Treatment Center","Four Oaks",NC,"United States",Open,
11729,"Christ Church Cottage Thompson Child & Family Center",Matthews,NC,"United States",Open,
11731,"Church Street","Elizabeth City",NC,"United States",Open,
11732,"Clear Sky Group Home",Marion,NC,"United States",Open,https://kidsoverprofits.org/facility/clear-sky-group-home-nc/
11733,"Cognitive Contacts",Gastonia,NC,"United States",Open,
11734,"Cole Home",Charlotte,NC,"United States",Open,
11735,"Community Outreach Youth Services",Lumberton,NC,"United States",Open,
11736,"Community Treatment Alternatives I",Charlotte,NC,"United States",Open,https://kidsoverprofits.org/facility/community-treatment-alternatives-i-nc/
11737,"Community Treatment Alternatives II",Charlotte,NC,"United States",Open,https://kidsoverprofits.org/facility/community-treatment-alternatives-ii-nc/
11738,"Cornerstone Treatment Facility",Wadesboro,NC,"United States",Open,https://kidsoverprofits.org/facility/cornerstone-treatment-facility-nc/
11739,"Cosby Counseling & Consulting, PLLC",Gastonia,NC,"United States",Open,https://kidsoverprofits.org/facility/cosby-counseling-consulting-pllc-nc/
11740,"Creative Helping Hands, LLC",Rockingham,NC,"United States",Open,https://kidsoverprofits.org/facility/creative-helping-hands-llc-nc/
11741,"Cultivating Minds",Belmont,NC,"United States",Open,
11742,"Cummings Cottage",Asheville,NC,"United States",Open,
11743,"Cynthia’s Place",Candler,NC,"United States",Open,https://kidsoverprofits.org/facility/cynthia-s-place-nc/
11744,"Dalton’s Dugout – Lifespan, Inc.",Murphy,NC,"United States",Open,
11745,"Davis Avenue Group Home",Whiteville,NC,"United States",Open,
11746,"Directcare Group Home","Forest City",NC,"United States",Open,
11747,"Directcare Group Home #2",Ellenboro,NC,"United States",Open,
11748,"Divine Guidance Integrative Services",Greenville,NC,"United States",Open,https://kidsoverprofits.org/facility/divine-guidance-integrative-services-nc/
11749,"Dorothy’s Place",Gastonia,NC,"United States",Open,https://kidsoverprofits.org/facility/dorothy-s-place-nc/
11750,"Echelon 1",Charlotte,NC,"United States",Open,https://kidsoverprofits.org/facility/echelon-1-nc/
11751,"Echelon 3",Charlotte,NC,"United States",Open,https://kidsoverprofits.org/facility/echelon-3-nc/
11752,"Echelon 4",Charlotte,NC,"United States",Open,https://kidsoverprofits.org/facility/echelon-4-nc/
11753,"Echelon 5",Charlotte,NC,"United States",Open,https://kidsoverprofits.org/facility/echelon-5-nc/
11756,"Eckerd Connects Boys Residential Academy at Yanceyville",Yanceyville,NC,"United States",Open,https://kidsoverprofits.org/facility/eckerd-connects-boys-residential-academy-at-yanceyville-nc/
11758,"Elevated Family Services, LLC",Winston-Salem,NC,"United States",Open,https://kidsoverprofits.org/facility/elevated-family-services-llc-nc/
11759,"Eliada Treatment Center",Asheville,NC,"United States",Open,https://kidsoverprofits.org/facility/eliada-treatment-center-nc/
11760,"Envisions of Life Gatwick House",Greensboro,NC,"United States",Open,
11761,"Extra Special Care",Fayetteville,NC,"United States",Open,https://kidsoverprofits.org/facility/extra-special-care-nc/
11762,"Fairstone Home",Charlotte,NC,"United States",Open,
11763,"Faith House",Reidsville,NC,"United States",Open,https://kidsoverprofits.org/facility/faith-house-nc/
11764,"Falcon Crest Residential Care 2",Mebane,NC,"United States",Open,https://kidsoverprofits.org/facility/falcon-crest-residential-care-2-nc/
11765,"Falcon Crest Residential Care 3",Burlington,NC,"United States",Open,https://kidsoverprofits.org/facility/falcon-crest-residential-care-3-nc/
11766,"Family Advantage LLC",Garysburg,NC,"United States",Open,https://kidsoverprofits.org/facility/family-advantage-llc-nc/
11767,"Farmer Christian Academy",Asheboro,NC,"United States",Closed,
11768,"Fisher House",Salisbury,NC,"United States",Open,
11769,"Foothills at Red Oak Recovery",Ellenboro,NC,"United States",Open,
11770,"Fort Henry",Gastonia,NC,"United States",Open,https://kidsoverprofits.org/facility/fort-henry-nc/
11771,"Foundation Strong, LLC",Kernersville,NC,"United States",Open,https://kidsoverprofits.org/facility/foundation-strong-llc-nc/
11772,"Fresh New Start",Gastonia,NC,"United States",Open,
11773,"Fresh Start – Boundary House",Salisbury,NC,"United States",Open,https://kidsoverprofits.org/facility/fresh-start-boundary-house-nc/
11774,"Fresh Start for Children",Greensboro,NC,"United States",Open,
11775,"Glen Willow Academy",Weaverville,NC,"United States",Closed,
11777,"Grace House",Raeford,NC,"United States",Open,
11778,"Grandfather Home for Children – Campbell","Banner Elk",NC,"United States",Open,
11779,"Harmony Teen Challenge",Harmony,NC,"United States",Closed,
11780,"Harris Home",Charlotte,NC,"United States",Open,
11782,"Heartfelt Homes of the Carolinas",Statesville,NC,"United States",Open,
11783,"Helms House",Mooresville,NC,"United States",Open,
11784,"Helmsdale Group Home",Cary,NC,"United States",Open,https://kidsoverprofits.org/facility/helmsdale-group-home-nc/
11785,"Helping Hands #1",Charlotte,NC,"United States",Open,
11786,"Highland Mist Home",Charlotte,NC,"United States",Open,https://kidsoverprofits.org/facility/highland-mist-home-nc/
11787,"Hope Gardens Treatment Center",Raeford,NC,"United States",Open,
11788,"Hope Street Group Home",Greensboro,NC,"United States",Open,
11789,"Horizons Kids",Hays,NC,"United States",Open,
11790,"Hummingbird Home",Tryon,NC,"United States",Open,
11791,"Idlewild Home",Charlotte,NC,"United States",Open,https://kidsoverprofits.org/facility/idlewild-home-nc/
11792,"Independent Living at Ransom Rd",Winston-Salem,NC,"United States",Open,
11793,Inspirationz,Winston-Salem,NC,"United States",Open,https://kidsoverprofits.org/facility/inspirationz-nc/
11794,"Inspirationz Level II",Winston-Salem,NC,"United States",Open,
11795,"Inspirationz, LLC Cuatro",Winston-Salem,NC,"United States",Open,
11796,"Intervention Concepts, Inc.","Mount Holly",NC,"United States",Open,
11797,"Inward Bound",Shelby,NC,"United States",Open,https://kidsoverprofits.org/facility/inward-bound-nc/
11798,"J. Iverson Riddle Developmental Center",Morganton,NC,"United States",Open,
11799,"Jackson Springs Treatment Center","West End",NC,"United States",Open,https://kidsoverprofits.org/facility/jackson-springs-treatment-center-nc/
11800,"Johnson Center I","Red Springs",NC,"United States",Open,https://kidsoverprofits.org/facility/johnson-center-i-nc/
11801,"Johnson Center II","Red Springs",NC,"United States",Open,https://kidsoverprofits.org/facility/johnson-center-ii-nc/
11802,"Johnson Enrichment Services",Winston-Salem,NC,"United States",Open,https://kidsoverprofits.org/facility/johnson-enrichment-services-nc/
11803,"Johnson’s House of Hope Family Care Home",Durham,NC,"United States",Open,
11804,"Judy Hilliard Home","Mint Hill",NC,"United States",Open,
11805,"Just In Time Youth Services",Burlington,NC,"United States",Open,https://kidsoverprofits.org/facility/just-in-time-youth-services-nc/
11806,"Just In Time Youth Services II",Burlington,NC,"United States",Open,
11807,"Kaleo Autumn Winds",Goldsboro,NC,"United States",Open,
11808,"Kandakai Home",Charlotte,NC,"United States",Open,
11809,"Karita Freeman Home",Charlotte,NC,"United States",Open,
11810,"Kaye Webb Home","Spruce Pine",NC,"United States",Open,
11811,"Kelden Walker Home",Charlotte,NC,"United States",Open,
11812,"Kenan Cottage Thompson Child & Family Focus",Matthews,NC,"United States",Open,https://kidsoverprofits.org/facility/kenan-cottage-thompson-child-family-focus-nc/
11813,"Keswick Manor – Keep Hope Alive Human Services",Greenville,NC,"United States",Open,
11815,"King George Group Home",Greenville,NC,"United States",Open,https://kidsoverprofits.org/facility/king-george-group-home-nc/
11817,"Life Cycles Residential Facility",Burlington,NC,"United States",Open,https://kidsoverprofits.org/facility/life-cycles-residential-facility-nc/
11818,"Life Cycles Residential Facility Level III",Mebane,NC,"United States",Open,
11819,"Lions Cottage",Asheville,NC,"United States",Open,
11820,"Lochwood II",Greensboro,NC,"United States",Open,
11821,"Lockwood Place",Greensboro,NC,"United States",Open,https://kidsoverprofits.org/facility/lockwood-place-nc/
11822,"Loretta’s Place",Albemarle,NC,"United States",Open,https://kidsoverprofits.org/facility/loretta-s-place-nc/
11823,"Loving Hearts Home",Greensboro,NC,"United States",Open,
11824,"Luca’s Hope III",Taylorsvill,NC,"United States",Open,https://kidsoverprofits.org/facility/luca-s-hope-iii-nc/
11825,"Lucille House",Monroe,NC,"United States",Open,
11826,"Lydia’s Home, LLC Phase 2",Greensboro,NC,"United States",Open,https://kidsoverprofits.org/facility/lydia-s-home-llc-phase-2-nc/
11827,"Lydia’s Home, LLC Phase I",Greensboro,NC,"United States",Open,https://kidsoverprofits.org/facility/lydia-s-home-llc-phase-i-nc/
11828,"Lynn Road",Durham,NC,"United States",Open,https://kidsoverprofits.org/facility/lynn-road-nc/
11829,"Magnolia Group Home",Aberdeen,NC,"United States",Open,
11830,"Majestic Solutions, LLC","High Point",NC,"United States",Open,
11831,"Manning Home","HIgh Point",NC,"United States",Open,
11832,"Maplewood Facility",Kinston,NC,"United States",Open,
11833,"Marie G. Smith Group Home",Albemarle,NC,"United States",Open,https://kidsoverprofits.org/facility/marie-g-smith-group-home-nc/
11834,"Melmark Carolinas RTF",Charlotte,NC,"United States",Open,
11835,"Merancas Cottage",Matthews,NC,"United States",Open,https://kidsoverprofits.org/facility/merancas-cottage-nc/
11836,"Miracle Haven of Wagram",Wagram,NC,"United States",Open,https://kidsoverprofits.org/facility/miracle-haven-of-wagram-nc/
11837,"Miracle House 1",Charlotte,NC,"United States",Open,https://kidsoverprofits.org/facility/miracle-house-1-nc/
11838,"Miracle Houses – Monteith",Charlotte,NC,"United States",Open,https://kidsoverprofits.org/facility/miracle-houses-monteith-nc/
11839,"Miracle Houses – Swearingan",Charlotte,NC,"United States",Open,https://kidsoverprofits.org/facility/miracle-houses-swearingan-nc/
11840,"Miracle Houses – Twin Avenue",Gastonia,NC,"United States",Open,https://kidsoverprofits.org/facility/miracle-houses-twin-avenue-nc/
11841,"Miracle Houses Valley Brook I",Troutman,NC,"United States",Open,
11842,"Miracle Houses Valley Brook II",Troutman,NC,"United States",Open,
11844,"Miracle Houses Winchester II",Troutman,NC,"United States",Open,
11845,"Miss Daisy’s Gentlemen of the Future",Wilson,NC,"United States",Open,https://kidsoverprofits.org/facility/miss-daisy-s-gentlemen-of-the-future-nc/
11846,"Montford House",Asheville,NC,"United States",Open,
11847,"Mr. Bill’s Place",Charlotte,NC,"United States",Open,https://kidsoverprofits.org/facility/mr-bill-s-place-nc/
11848,"My Brother’s House",Gastonia,NC,"United States",Open,https://kidsoverprofits.org/facility/my-brother-s-house-nc/
11849,"N U Generation",Gastonia,NC,"United States",Open,
11850,"New Beginnings Health Care",Raleigh,NC,"United States",Open,https://kidsoverprofits.org/facility/new-beginnings-health-care-nc/
11851,"New Bridge",Gastonia,NC,"United States",Open,https://kidsoverprofits.org/facility/new-bridge-nc/
11852,"New Foundation",Charlotte,NC,"United States",Open,https://kidsoverprofits.org/facility/new-foundation-nc/
11853,"New Grace",Williamston,NC,"United States",Open,https://kidsoverprofits.org/facility/new-grace-nc/
11854,"New Hope Home III",Belmont,NC,"United States",Open,
11855,"New Hope Home IV",Gastonia,NC,"United States",Open,https://kidsoverprofits.org/facility/new-hope-home-iv-nc/
11856,"New Horizon Group Home",Laurinburg,NC,"United States",Open,https://kidsoverprofits.org/facility/new-horizon-group-home-nc/
11857,"New Place",Charlotte,NC,"United States",Open,
11858,"New Possibilities Home for Children, LLC",Burlington,NC,"United States",Open,https://kidsoverprofits.org/facility/new-possibilities-home-for-children-llc-nc/
11859,"New Vision Home",Charlotte,NC,"United States",Open,https://kidsoverprofits.org/facility/new-vision-home-nc/
11860,"North McDowell Group Home",Marion,NC,"United States",Open,https://kidsoverprofits.org/facility/north-mcdowell-group-home-nc/
11861,"Nowlin Home",Greensboro,NC,"United States",Open,
11862,"Oak House",Lenoir,NC,"United States",Open,
11863,"Oakmont Home",Greensboro,NC,"United States",Open,https://kidsoverprofits.org/facility/oakmont-home-nc/
11864,"Oakwood Facility",Kinston,NC,"United States",Open,
11865,"Old Greenlee Group Home",Marion,NC,"United States",Open,https://kidsoverprofits.org/facility/old-greenlee-group-home-nc/
11866,"Old Linville Group Home",Marion,NC,"United States",Open,https://kidsoverprofits.org/facility/old-linville-group-home-nc/
11867,"Our Home – Aunt Zola’s",Greensboro,NC,"United States",Open,https://kidsoverprofits.org/facility/our-home-aunt-zola-s-nc/
11868,"Paradigm BC II for Kids","La Grange",NC,"United States",Open,
11869,"Paradigm for Kids",Ayden,NC,"United States",Open,
11870,"Peace Cottage",Matthews,NC,"United States",Open,https://kidsoverprofits.org/facility/peace-cottage-nc/
11871,"Peace in the CIty",Rutherfordton,NC,"United States",Open,
11872,"Peace in the City House of Hope","Forest City",NC,"United States",Open,https://kidsoverprofits.org/facility/peace-in-the-city-house-of-hope-nc/
11873,"Peace in the City House of Love",Spindale,NC,"United States",Open,https://kidsoverprofits.org/facility/peace-in-the-city-house-of-love-nc/
11874,"Pearl’s Angel Care, Inc.",Fayetteville,NC,"United States",Open,https://kidsoverprofits.org/facility/pearl-s-angel-care-inc-nc/
11875,"Phoenix Outdoor",Conover,NC,"United States",Closed,https://kidsoverprofits.org/facility/phoenix-outdoor-nc/
11876,"Pine Forest II",Raleigh,NC,"United States",Open,
11877,"Pinewood Facility",Kinston,NC,"United States",Open,
11878,"PORT Health Services – Aberdeen",Aberdeen,NC,"United States",Open,
11879,"PORT Health Services – Greenville Residential",Greenville,NC,"United States",Open,
11880,"Precious Haven #2",Fayetteville,NC,"United States",Open,
11881,"Precious Haven #3 Comet",Fayetteville,NC,"United States",Open,
11882,"Precious Haven, Inc.",Fayetteville,NC,"United States",Open,https://kidsoverprofits.org/facility/precious-haven-inc-nc/
11883,"Quality Care III, LLC","Browns Summit",NC,"United States",Open,
11884,"Quality-Care Behavioral Health Services",Maysville,NC,"United States",Open,
11885,"Quest #1332",Charlotte,NC,"United States",Open,
11886,"Realistic Change by Choice Valleybrook",Troutman,NC,"United States",Open,
11887,"Renewing Grace Residential Home","Red Springs",NC,"United States",Open,
11888,"Residential Adolescent Community Services",Charlotte,NC,"United States",Open,https://kidsoverprofits.org/facility/residential-adolescent-community-services-nc/
11889,"Reuter Cottage",Asheville,NC,"United States",Open,https://kidsoverprofits.org/facility/reuter-cottage-nc/
11890,"Revive Housing, LLC",Salisbury,NC,"United States",Open,https://kidsoverprofits.org/facility/revive-housing-llc-nc/
11891,"Reynolds Cottage",Asheville,NC,"United States",Open,
11892,"Rising Phoenix Inc.",Greensboro,NC,"United States",Open,https://kidsoverprofits.org/facility/rising-phoenix-inc-nc/
11893,"Riverbend Residential Services #1",Orrum,NC,"United States",Open,https://kidsoverprofits.org/facility/riverbend-residential-services-1-nc/
11894,"Riverbend Residential Services #2",Orrum,NC,"United States",Open,https://kidsoverprofits.org/facility/riverbend-residential-services-2-nc/
11895,"Romas Home",Charlotte,NC,"United States",Open,
11896,"Ropes, Inc",Charlotte,NC,"United States",Open,https://kidsoverprofits.org/facility/ropes-inc-nc/
11897,"Rorie’s Safe Haven",Winston-Salem,NC,"United States",Open,
11898,"Rotary Adolescent Drug Treatment Center",Belmont,NC,"United States",Closed,
11899,"Royal Child",Charlotte,NC,"United States",Open,https://kidsoverprofits.org/facility/royal-child-nc/
11900,"S & S Residential Services",Salisbury,NC,"United States",Open,https://kidsoverprofits.org/facility/s-s-residential-services-nc/
11901,"Sandra’s House",Shelby,NC,"United States",Open,
11902,"Savin Grace II",Selma,NC,"United States",Open,https://kidsoverprofits.org/facility/savin-grace-ii-nc/
11904,"Serenity House",Gastonia,NC,"United States",Open,https://kidsoverprofits.org/facility/serenity-house-nc/
11905,"Shadowridge Retreat",Jacksonville,NC,"United States",Open,https://kidsoverprofits.org/facility/shadowridge-retreat-nc/
11906,"Sherrod Alternative","Rocky Mount",NC,"United States",Open,
11907,"Shining Light School for Boys",Lexington,NC,"United States",Open,
11908,"Sierra’s Residential Inc","Spring Lake",NC,"United States",Open,
11909,"Sierra’s Residential Services Group Home II","Spring Lake",NC,"United States",Open,
11910,"Sierra’s Residential Services Group Home III",Cameron,NC,"United States",Open,
11911,"Smith Cottage",Matthews,NC,"United States",Open,https://kidsoverprofits.org/facility/smith-cottage-nc/
11912,"Smythe Home",Charlotte,NC,"United States",Open,
11913,SOAR,Balsam,NC,"United States",Open,https://kidsoverprofits.org/facility/soar-nc/
11914,"Solomon Palace",Charlotte,NC,"United States",Open,https://kidsoverprofits.org/facility/solomon-palace-nc/
11915,"Spruce Cottage",Charlotte,NC,"United States",Open,https://kidsoverprofits.org/facility/spruce-cottage-nc/
11916,"Stickney House",Mooresville,NC,"United States",Open,
11917,"Stockton Home",Canton,NC,"United States",Open,
11918,"Strategic Behavioral Center – Charlotte",Charlotte,NC,"United States",Closed,
11919,"Strategic Behavioral Center – Garner",Garner,NC,"United States",Closed,
11920,"Successful Transitions, LLC Residential Home Level III","High Point",NC,"United States",Open,
11921,"Successful Visions, LLC","High Point",NC,"United States",Open,
11922,Summerhill,Fayetteville,NC,"United States",Open,https://kidsoverprofits.org/facility/summerhill-nc/
11923,"Sunlight Behavior Center",Fayetteville,NC,"United States",Open,https://kidsoverprofits.org/facility/sunlight-behavior-center-nc/
11924,"SUWS of the Carolinas","Old Fort",NC,"United States",Open,https://kidsoverprofits.org/facility/suws-of-the-carolinas-nc/
11925,"Tapestry Adolescent Residential Program",Fletcher,NC,"United States",Open,
11926,"Taylor Made Home",Charlotte,NC,"United States",Open,
11927,"Terry’s Safe Haven",Raleigh,NC,"United States",Open,
11928,"TGH Phase 2 Residential Services",Salisbury,NC,"United States",Open,
11929,"TGH Residential Services",Salisbury,NC,"United States",Open,https://kidsoverprofits.org/facility/tgh-residential-services-nc/
11930,"The Bruson Group / New Beginnings Health Care",Raleigh,NC,"United States",Open,
11931,"The Dove House",Reidsville,NC,"United States",Open,https://kidsoverprofits.org/facility/the-dove-house-nc/
11932,"The Goodale School and Recovery Community",Asheville,NC,"United States",Closed,
11933,"The Grove",Statesville,NC,"United States",Open,https://kidsoverprofits.org/facility/the-grove-nc/
11934,"The Lighthouse",Clayton,NC,"United States",Open,https://kidsoverprofits.org/facility/the-lighthouse-nc/
11935,"The Lighthouse II of Clayton",Clayton,NC,"United States",Open,
11936,"The Norland House",Charlotte,NC,"United States",Open,https://kidsoverprofits.org/facility/the-norland-house-nc/
11937,"The Palace of Restoration",Ayden,NC,"United States",Open,
11938,"The Threatt’s Home",Mooresville,NC,"United States",Open,
11940,"THS #1",Roxboro,NC,"United States",Open,
11941,"Timber Ridge Treatment Center","Gold Hill",NC,"United States",Open,https://kidsoverprofits.org/facility/timber-ridge-treatment-center-nc/
11942,"TLC W",Maiden,NC,"United States",Open,
11943,"TMR Residential",Salisbury,NC,"United States",Open,https://kidsoverprofits.org/facility/tmr-residential-nc/
11944,"Tournament Street",Concord,NC,"United States",Open,https://kidsoverprofits.org/facility/tournament-street-nc/
11945,"Trinity House",Gastonia,NC,"United States",Open,
11946,"Truly Blessed Residential LLC","Bear Creek",NC,"United States",Open,https://kidsoverprofits.org/facility/truly-blessed-residential-llc-nc/
11947,"Turn Around","Mint Hill",NC,"United States",Open,
11948,"United Family Network at Fuquay-Varina","Willow Spring",NC,"United States",Open,https://kidsoverprofits.org/facility/united-family-network-at-fuquay-varina-nc/
11949,"United Family Network at Ridge Road",Angier,NC,"United States",Open,https://kidsoverprofits.org/facility/united-family-network-at-ridge-road-nc/
11950,"United Family Network at Willow Springs","Willow Springs",NC,"United States",Open,
11951,"Unity Healing Center",Cherokee,NC,"United States",Open,
11952,"Veritas Collaborative, LLC",Durham,NC,"United States",Open,
11953,"Violet Hameed-Nelson Home",Charlotte,NC,"United States",Open,
11954,"Virtue, Inc. Meantime Home IV",Lincolnton,NC,"United States",Open,
11955,"Voca-Oakhaven Drive Group Home",Charlotte,NC,"United States",Open,https://kidsoverprofits.org/facility/voca-oakhaven-drive-group-home-nc/
11956,"Water Mill Home",Charlotte,NC,"United States",Open,https://kidsoverprofits.org/facility/water-mill-home-nc/
11957,"Webster Group Home",Webster,NC,"United States",Open,
11958,"WeCare Residential Facility",Greenville,NC,"United States",Open,
11959,"WeCare Residential Facility #2",Stokes,NC,"United States",Open,
11961,"Whalen House",Mooresville,NC,"United States",Open,
11962,"Will Woods Home",Franklinton,NC,"United States",Open,
11963,"Williamson Cottage – Thompson Child and Family Focus",Matthews,NC,"United States",Open,https://kidsoverprofits.org/facility/williamson-cottage-thompson-child-and-family-focus-nc/
11964,"Willow Manor",Greenville,NC,"United States",Open,https://kidsoverprofits.org/facility/willow-manor-nc/
11965,"Wilson’s Constant Care",Winston-Salem,NC,"United States",Open,https://kidsoverprofits.org/facility/wilson-s-constant-care-nc/
11967,"Young Expressions",Gastonia,NC,"United States",Open,https://kidsoverprofits.org/facility/young-expressions-nc/
11968,"Youth Builders, LLC",Burlington,NC,"United States",Open,
11969,"Youth Unlimited Hayworth Home",Sophia,NC,"United States",Open,https://kidsoverprofits.org/facility/youth-unlimited-hayworth-home-nc/
11970,"Youth Unlimited Slane Home",Sophia,NC,"United States",Open,https://kidsoverprofits.org/facility/youth-unlimited-slane-home-nc/
11971,"Stepping Stone Services",Salisbury,NC,"United States",Open,https://kidsoverprofits.org/facility/stepping-stone-services-nc/
11972,"Alternatives Residential Care Homes, LLC",,NC,"United States",Open,
11973,"Mables Home",,NC,"United States",Open,
11974,"Mt. Gilead Children’s Home",,NC,"United States",Open,https://kidsoverprofits.org/facility/mt-gilead-children-s-home-nc/
11975,"Total Access Care Liberty",,NC,"United States",Open,
11976,"Vinetta Green Home",,NC,"United States",Open,
11977,"Academy at Swift River",Cummington,MA,"United States",Closed,https://kidsoverprofits.org/facility/academy-at-swift-river-ma/
11978,"Ashby Academy",Ashby,MA,"United States",Closed,https://kidsoverprofits.org/facility/ashby-academy-ma/
11979,"Bloom Home for Girls",Brockton,MA,"United States",Open,https://kidsoverprofits.org/facility/bloom-home-for-girls-ma/
11980,"Bridge Campus – Walden Street School",Concord,MA,"United States",Open,https://kidsoverprofits.org/facility/bridge-campus-walden-street-school-ma/
11981,"Case House",Taunton,MA,"United States",Open,https://kidsoverprofits.org/facility/case-house-ma/
11983,"Cutchins Programs for Children & Families Pomeroy Terrace",Northampton,MA,"United States",Open,
11984,"Cutchins Programs for Children & Families Three Rivers CIRT",Springfield,MA,"United States",Open,
11985,"DeSisto School",Stockbridge,MA,"United States",Closed,
11986,"Devereux Advanced Behavioral Health Massachusetts & Rhode Island",Rutland,MA,"United States",Open,https://kidsoverprofits.org/facility/devereux-advanced-behavioral-health-massachusetts-rhode-island-ma/
11987,"Devereux Cathy House",Fitchburg,MA,"United States",Open,https://kidsoverprofits.org/facility/devereux-cathy-house-ma/
11988,"Devereux Devon House",Fitchburg,MA,"United States",Open,https://kidsoverprofits.org/facility/devereux-devon-house-ma/
11989,"Devereux Eastmeadow",Rutland,MA,"United States",Open,https://kidsoverprofits.org/facility/devereux-eastmeadow-ma/
11990,"Devereux Fentress House",Rutland,MA,"United States",Open,https://kidsoverprofits.org/facility/devereux-fentress-house-ma/
11991,"Devereux Gate House",Rutland,MA,"United States",Open,https://kidsoverprofits.org/facility/devereux-gate-house-ma/
11992,"Devereux Hillcrest",Rutland,MA,"United States",Open,https://kidsoverprofits.org/facility/devereux-hillcrest-ma/
11993,"Devereux Hillside",Rutland,MA,"United States",Open,https://kidsoverprofits.org/facility/devereux-hillside-ma/
11995,"Devereux Massachusetts Boys’ Residential Program",Rutland,MA,"United States",Open,https://kidsoverprofits.org/facility/devereux-massachusetts-boys-residential-program-ma/
11997,"Devereux Massachusetts Girls’ Residential Program",Rutland,MA,"United States",Open,https://kidsoverprofits.org/facility/devereux-massachusetts-girls-residential-program-ma/
11998,"Devereux STARR Program",Webster,MA,"United States",Open,https://kidsoverprofits.org/facility/devereux-starr-program-ma/
11999,"Devereux Trafford House",Rutland,MA,"United States",Open,https://kidsoverprofits.org/facility/devereux-trafford-house-ma/
12001,"Eagle Hill School",Hardwick,MA,"United States",Open,
12002,"Eagleton School","Great Barrington",MA,"United States",Closed,https://kidsoverprofits.org/facility/eagleton-school-ma/
12003,"Eliot Atlantic House",Saugus,MA,"United States",Closed,
12004,"Hillcrest Educational Foundation ASD Residential Program",Lenox,MA,"United States",Open,
12006,"Hillcrest Educational Foundation Highpoint Campus",Lenox,MA,"United States",Open,
12007,"John Dewey Academy","Great Barrington",MA,"United States",Closed,https://kidsoverprofits.org/facility/john-dewey-academy-ma/
12008,"Judge Rotenberg Educational Center",Canton,MA,"United States",Open,
12009,"McLean Hospital: 3East",Arlington,MA,"United States",Open,
12010,"McLean Hospital: OCDI Jr.",Belmont,MA,"United States",Open,
12011,"Riverview School","East Sandwich",MA,"United States",Open,https://kidsoverprofits.org/facility/riverview-school-ma/
12012,"Southcoast Behavioral Health Adolescent Inpatient Program",Dartmouth,MA,"United States",Open,
12013,"Stetson School",Barre,MA,"United States",Open,
12014,"The Devereux School",Viera,FL,"United States",Unknown,https://kidsoverprofits.org/facility/the-devereux-school-fl/
12015,"The New England Center for Children",Southborough,MA,"United States",Open,https://kidsoverprofits.org/facility/the-new-england-center-for-children-ma/
12016,"The Pavilion Behavioral Health System RTC",Haverhill,MA,"United States",Unknown,https://kidsoverprofits.org/facility/the-pavilion-behavioral-health-system-rtc-ma/
12017,"Valley View School","North Brookfield",MA,"United States",Open,https://kidsoverprofits.org/facility/valley-view-school-ma/
12018,"Westwood Lodge",Westwood,MA,"United States",Closed,https://kidsoverprofits.org/facility/westwood-lodge-ma/
12019,"Adirondack Leadership Expeditions","Saranac Lake",NY,"United States",Closed,https://kidsoverprofits.org/facility/adirondack-leadership-expeditions-ny/
12020,"Camp Huntington","High Falls",NY,"United States",Closed,https://kidsoverprofits.org/facility/camp-huntington-ny/
12021,"Wellspring New York","Paul Smiths",NY,"United States",Closed,https://kidsoverprofits.org/facility/wellspring-new-york-ny/
12022,"The Devereux Red Hook School","Red Hook",NY,"United States",Open,https://kidsoverprofits.org/facility/the-devereux-red-hook-school-ny/
12023,"Academy at Ivy Ridge",Ogdensburg,NY,"United States",Closed,https://kidsoverprofits.org/facility/academy-at-ivy-ridge-ny/
12024,"Abbott House Mt. Kisco Group Home","Mt. Kisco",NY,"United States",Open,
12025,"Abbott House Old Mamaroneck Rd Group Home","White Plains",NY,"United States",Open,
12026,"Abbott House Pleasantville Community Residence",Pleasantville,NY,"United States",Open,
12027,"Abbott House Swan Lake Group Home","Swan Lake",NY,"United States",Open,
12028,"Academy of New Horizons","St. Johnsville",NY,"United States",Closed,
12029,"Allynwood Academy",Hancock,NY,"United States",Closed,https://kidsoverprofits.org/facility/allynwood-academy-ny/
12030,"August Aichhorn Center for Adolescent Care","New York",NY,"United States",Open,
12031,"Aurora Concept Inc",Flushing,NY,"United States",Closed,
12032,"Aurora House Children and Youth Community Residence",Lockport,NY,"United States",Open,
12033,"Bonding Links-Enlazos Familiares Community Residence",Brooklyn,NY,"United States",Open,
12034,"Brentwood Residential Center for Girls","Dix Hills",NY,"United States",Open,
12035,"Brooklyn Teen Challenge",Brooklyn,NY,"United States",Open,
12036,"Brookwood Secure Center for Youth",Claverack,NY,"United States",Open,
12037,"Brownsville CCR",Brooklyn,NY,"United States",Open,
12038,"Bruner Avenue Community Residence",Bronx,NY,"United States",Open,
12039,"Casa de la Salle","Ozone Park",NY,"United States",Open,
12040,"Catholic Charities – Boys of Courage Children & Youth CR",Binghamton,NY,"United States",Open,
12041,"Cattaraugus Rehabilitation Center",Olean,NY,"United States",Open,
12042,"Charlton School","Burnt Hills",NY,"United States",Open,
12043,"Child and Family Services Conners Children’s Center RTF",Buffalo,NY,"United States",Open,
12044,"Child and Family Services Lee Randall Jones Community Residence",Cheektowaga,NY,"United States",Open,
12045,"Child and Family Services Morey House Group Home",Buffalo,NY,"United States",Open,
12046,"Children’s Home of Poughkeepsie Empower Program",Poughkeepsie,NY,"United States",Open,
12047,"Children’s Village Residential","Dobbs Ferry",NY,"United States",Open,https://kidsoverprofits.org/facility/children-s-village-residential-ny/
12048,"Citizen Advocates Adirondack Youth Lodge",Malone,NY,"United States",Open,
12049,"Crossroads Juvenile Center",Brooklyn,NY,"United States",Open,
12050,"Family Foundation School",Hancock,NY,"United States",Closed,https://kidsoverprofits.org/facility/family-foundation-school-ny/
12051,"FCA Lakeview House","West Hempstead",NY,"United States",Open,
12052,"Finger Lakes Residential Center",Lansing,NY,"United States",Open,
12053,"Freedom Village USA",Lakemont,NY,"United States",Closed,
12054,"Glove House Community Residence",Elmira,NY,"United States",Open,
12055,"Goshen Secure Center",Goshen,NY,"United States",Open,
12056,"Green Chimneys",Brewster,NY,"United States",Open,https://kidsoverprofits.org/facility/green-chimneys-ny/
12057,"Hamptonburgh Community Residence for Adolescents",Altamont,NY,"United States",Open,
12058,"Harriet Tubman Residential Center",Auburn,NY,"United States",Open,
12059,"Hawthorne Cedar Knolls RTC",Hawthorne,NY,"United States",Closed,
12060,"HeartShare St. Vincent’s Community Residences",Laurelton,NY,"United States",Open,https://kidsoverprofits.org/facility/heartshare-st-vincent-s-community-residences-ny/
12061,"Henry Ittleson Community Residence",Bronx,NY,"United States",Open,
12062,"Highland Residential Center",Highland,NY,"United States",Open,
12063,"Highland Road Community Residence",Johnstown,NY,"United States",Open,
12064,"Hillside Children’s Center",Rochester,NY,"United States",Open,
12065,"Hillside Finger Lakes RTF",Auburn,NY,"United States",Open,
12066,"Hillside Monroe/Emerson RTF",Rochester,NY,"United States",Open,
12067,"Hillside Scottsville RTF",Rochester,NY,"United States",Open,https://kidsoverprofits.org/facility/hillside-scottsville-rtf-ny/
12068,"Horizon Juvenile Center",Bronx,NY,"United States",Open,
12069,"House of Good Shepherd RTF",Utica,NY,"United States",Open,
12070,"Industry Residential Center",Rush,NY,"United States",Open,
12071,"JCCA Pleasantville Cottage School",Pleasantville,NY,"United States",Open,
12072,"Kaydeross House","Saratoga Springs",NY,"United States",Open,
12073,"Linden House Community Residence","New York",NY,"United States",Open,
12074,"Little Flower RTC","Wading River",NY,"United States",Open,
12075,"Louis Gossett Jr. Residential Center",Lansing,NY,"United States",Open,
12076,"MacCormick Secure Center",Brooktondale,NY,"United States",Open,
12077,"Merrick House",Syosset,NY,"United States",Open,
12078,"Mills Lane Community Residence","Old Bethpage",NY,"United States",Open,
12079,"Mountain Lake Academy","Lake Placid",NY,"United States",Open,
12080,"Never Alone Treatment",Hurley,NY,"United States",Open,
12081,"New Directions Youth and Family Services Randolph QRTP","ER Randolph",NY,"United States",Open,
12082,"New Directions Youth and Family Services Wyndham Lawn QRTP",Lockport,NY,"United States",Open,
12083,"Northern Rivers Academy Place",Albany,NY,"United States",Open,
12084,"Northern Rivers Miriam House",Albany,NY,"United States",Open,
12085,"Northern Rivers Schenectady Residence",Schenectady,NY,"United States",Open,
12086,OLV,Lackawanna,NY,"United States",Open,
12087,"Oswald D. Heck Developmental Center",Schenectady,NY,"United States",Closed,
12088,"Outreach House I",", Queens",NY,"United States",Open,
12089,"Outreach House II",Brentwood,NY,"United States",Open,
12090,"Parsons RTF",Albany,NY,"United States",Open,
12091,"Pathways, Inc. Conable House Community Residence",Bath,NY,"United States",Open,
12092,"Pathways, Inc. Lake Breeze CR","South Canandaigua",NY,"United States",Open,
12093,"Phoenix House",Astoria,NY,"United States",Open,https://kidsoverprofits.org/facility/phoenix-house-ny/
12094,"Phoenix House Springfield Gardens Community Residence","Springfield Gardens",NY,"United States",Open,
12095,"Rehabilitation Support Services Elmwood Residence",Altamont,NY,"United States",Open,
12097,"Rochester Psychiatric Center Smith Road CR",Webster,NY,"United States",Open,
12098,"Sagamore Children’s Psychiatric Center","Dix Hills",NY,"United States",Open,
12101,"SCO Madonna Heights RTF","Dix Hills",NY,"United States",Open,
12102,"SCO Otillie RTF",Briarwood,NY,"United States",Open,
12103,"SCO Our Place Community Residence","Queens Village",NY,"United States",Open,
12104,"SLS Residential, Inc.",", Suite 210 Brewster",NY,"United States",Closed,
12105,"Snell Farm Children’s Center",Bath,NY,"United States",Open,
12106,"St. Christopher’s Dobbs Ferry Campus","Dobbs Ferry",NY,"United States",Open,
12107,"St. Christopher’s Jennie Clarkson Campus","North Castle",NY,"United States",Open,
12108,"Staten Island Children’s Community Residence","Staten Island",NY,"United States",Open,
12110,"Stony Lodge Hospital",Ossining,NY,"United States",Closed,
12111,"Sua Sponte",Brooklyn,NY,"United States",Closed,
12112,"Summit Avenue Community Residence",Purchase,NY,"United States",Open,
12113,"Summit School at Nyack",Nyack,NY,"United States",Open,https://kidsoverprofits.org/facility/summit-school-at-nyack-ny/
12114,"Taberg Residential Center for Girls",Taberg,NY,"United States",Open,
12115,"The Center for Discovery",Harris,NY,"United States",Open,
12116,"The Child Center Brooklyn RTF",Brooklyn,NY,"United States",Open,
12117,"The Children’s Community Residence",Syracuse,NY,"United States",Open,
12118,"The Gow School","South Wales",NY,"United States",Open,
12119,"The House of the Good Shepherd RTF",Utica,NY,"United States",Open,
12120,"Timothy Hill Ranch",Riverhead,NY,"United States",Open,
12121,"Tryon Residential Center",Johnstown,NY,"United States",Closed,https://kidsoverprofits.org/facility/tryon-residential-center-ny/
12123,"Villa of Hope Tuckahoe Road CR",Williamson,NY,"United States",Open,
12124,"Washington Street Community Residence",Watertown,NY,"United States",Open,
12125,"WellLife Network Dix Hills Community Residence","Dix Hills",NY,"United States",Open,
12126,"WellLife Network Manorville CR",Manorville,NY,"United States",Open,
12127,"WellLife Network Setauket CR","East Setauket",NY,"United States",Open,
12128,"Westchester Ave. Community Residence",Bronx,NY,"United States",Open,
12129,"Willowbrook State School","Staten Island",NY,"United States",Closed,
12130,"Zafron Home for Parenting Teens",Salamanca,NY,"United States",Open,
12131,"JBFCS Henry Ittleson Community Residence I",,NY,"United States",Open,
12132,"Bromley Brook School","Manchester Center",VT,"United States",Closed,https://kidsoverprofits.org/facility/bromley-brook-school-vt/
12133,"Bennington School",Bennington,VT,"United States",Open,
12134,"Brookhaven Treatment and Learning Center",Chelsea,VT,"United States",Open,
12135,"Fields of Harvest School",Johnson,VT,"United States",Closed,
12136,"Howard Center",Burlington,VT,"United States",Open,
12137,"King George School",Sutton,VT,"United States",Closed,https://kidsoverprofits.org/facility/king-george-school-vt/
12138,"Kurn Hattin Homes for Children",Westminster,VT,"United States",Open,https://kidsoverprofits.org/facility/kurn-hattin-homes-for-children-vt/
12139,"SEALL INC.",Bennington,VT,"United States",Open,
12140,"The Lund Family Center",Richmond,VT,"United States",Open,
12141,"True North Wilderness Programs",Waitsfield,VT,"United States",Open,
12142,"VPI South Vermont & New England School for Girls",Bennington,VT,"United States",Open,
12143,"Woodside Juvenile Rehabilitation Center",Colchester,VT,"United States",Closed,
12144,"Cedars Academy",Bridgeville,DE,"United States",Closed,https://kidsoverprofits.org/facility/cedars-academy-de/
12145,AdvoServ,Bear,DE,"United States",Closed,https://kidsoverprofits.org/facility/advoserv-de/
12146,"Ferris School",Wilmington,DE,"United States",Open,
12147,"Grace Cottage",Wilmington,DE,"United States",Open,
12148,"New Castle Detention Center",Wilmington,DE,"United States",Open,
12149,"Rockford Center",Dover,DE,"United States",Open,
12151,"Snowden Cottage",Wilmington,DE,"United States",Open,
12152,"Stevenson House Detention Center",Milford,DE,"United States",Open,
12153,"Sun Behavioral Delaware Adolescent Inpatient",Georgetown,DE,"United States",Open,
12154,"Terry Children’s Center","New Castle",DE,"United States",Open,
12155,"Copper Canyon Academy",Rimrock,AZ,"United States",Transferred,https://kidsoverprofits.org/facility/copper-canyon-academy-az/
12156,"Devereux Advanced Behavioral Health Arizona",Phoenix,AZ,"United States",Unknown,https://kidsoverprofits.org/facility/devereux-advanced-behavioral-health-arizona-az/
12157,"Devereux Arizona Assessment and Intervention Center",Tucson,AZ,"United States",Unknown,https://kidsoverprofits.org/facility/devereux-arizona-assessment-and-intervention-center-az/
12158,"Devereux Arizona Brief Intervention Program",Tucson,AZ,"United States",Unknown,https://kidsoverprofits.org/facility/devereux-arizona-brief-intervention-program-az/
12159,"Devereux Arizona RTC",Scottsdale,AZ,"United States",Open,https://kidsoverprofits.org/facility/devereux-arizona-rtc-az/
12160,"Red Mountain Sedona",Sedona,AZ,"United States",Open,https://kidsoverprofits.org/facility/red-mountain-sedona-az/
12163,"Mingus Mountain Academy","Prescott Valley",AZ,"United States",Open,https://kidsoverprofits.org/facility/mingus-mountain-academy-az/
12165,"A Caring Community LLC",Phoenix,AZ,"United States",Open,https://kidsoverprofits.org/facility/a-caring-community-llc-az/
12166,"A Dream Called Hope LLC",Laveen,AZ,"United States",Closed,
12167,"A New Leaf, Inc. – Alice Peterson Residence",Mesa,AZ,"United States",Closed,
12168,"A New Leaf, Inc. – Dorothy Mitchell Residence",Mesa,AZ,"United States",Closed,
12169,"A New Leaf, Inc. – Larry Simmons Residence",Mesa,AZ,"United States",Closed,
12170,"Adobe Mountain School",Phoenix,AZ,"United States",Open,https://kidsoverprofits.org/facility/adobe-mountain-school-az/
12172,"All Minds Crave Success, LLC",Laveen,AZ,"United States",Open,
12173,"Amazing G LLC",Mesa,AZ,"United States",Open,
12174,"America’s Buffalo Soldiers Boot Camp",Phoenix,AZ,"United States",Closed,
12175,"American Eagle Boys Ranch, LLC",Somerton,AZ,"United States",Closed,
12176,"Anasazi Foundation",Mesa,AZ,"United States",Open,https://kidsoverprofits.org/facility/anasazi-foundation-az/
12177,"Angel Kids Academy",Peoria,AZ,"United States",Open,https://kidsoverprofits.org/facility/angel-kids-academy-az/
12178,"Angel’s Safe Haven, LLC",Goodyear,AZ,"United States",Open,
12179,"Animals Facilitating Adolescents and Children Therapeutically, Inc.",Marana,AZ,"United States",Open,
12180,"Arivaca Boys Ranch",Arivaca,AZ,"United States",Closed,https://kidsoverprofits.org/facility/arivaca-boys-ranch-az/
12181,"Arizona Children’s Group LLC",Chandler,AZ,"United States",Open,https://kidsoverprofits.org/facility/arizona-children-s-group-llc-az/
12182,"Arizona Community First","Huachuca City",AZ,"United States",Closed,
12183,"Ascending Roots",Phoenix,AZ,"United States",Closed,
12184,"Avery’s House","Apache Junction",AZ,"United States",Open,https://kidsoverprofits.org/facility/avery-s-house-az/
12185,"AZ Lavender Behavioral Health Services LLC Residential",Phoenix,AZ,"United States",Closed,
12186,"Back to Life, Inc – Sunset House",Phoenix,AZ,"United States",Open,
12187,"Back to Life, Inc.",Phoenix,AZ,"United States",Open,https://kidsoverprofits.org/facility/back-to-life-inc-az/
12188,"Basami House, LLC",Phoenix,AZ,"United States",Open,https://kidsoverprofits.org/facility/basami-house-llc-az/
12189,"Beautiful Beginnings Residential Homes, LLC",Laveen,AZ,"United States",Closed,
12190,"Best Care Behavioral Homes",Avondale,AZ,"United States",Closed,
12191,"Black Canyon Juvenile Rehabilitation Center",Phoenix,AZ,"United States",Open,
12192,"Blue Hills Academy",Dewey,AZ,"United States",Closed,https://kidsoverprofits.org/facility/blue-hills-academy-az/
12193,"Blue Ridge Manor",Dewey-Humboldt,AZ,"United States",Closed,
12194,"Boj Residential Homes",Gilbert,AZ,"United States",Open,https://kidsoverprofits.org/facility/boj-residential-homes-az/
12195,"Camelback Kids",Laveen,AZ,"United States",Open,https://kidsoverprofits.org/facility/camelback-kids-az/
12196,"Casa Amanecer",Youngtown,AZ,"United States",Closed,
12197,"Casa de Fortaleza",Phoenix,AZ,"United States",Closed,
12198,"Casa de Sonrisa",Tucson,AZ,"United States",Closed,
12199,"Casa de Tucson LLC",Tucson,AZ,"United States",Closed,
12200,"Catalina Mountain School",Tucson,AZ,"United States",Closed,
12201,"Coconino Juvenile Detention Center",Flagstaff,AZ,"United States",Open,
12202,"Colpayne Care, LLC",Laveen,AZ,"United States",Closed,
12203,"Copa’s Caring Hands",Maricopa,AZ,"United States",Open,https://kidsoverprofits.org/facility/copa-s-caring-hands-az/
12204,"Cottonwood Tucson",Tucson,AZ,"United States",Unknown,https://kidsoverprofits.org/facility/cottonwood-tucson-az/
12205,"Dalia Homecare LLC – Children’s Residential Facility",Phoenix,AZ,"United States",Open,
12206,"Day Starz Group Home, Inc.",Maricopa,AZ,"United States",Open,
12207,"Desert Angels Behavioral Health Services, LLC",Maricopa,AZ,"United States",Closed,
12208,"Destiny Behavioral Health Residential Care LLC",Tolleson,AZ,"United States",Closed,
12209,"Devereux Arizona – AIC",Tucson,AZ,"United States",Open,
12210,"Devereux Arizona – Broadway Campus",Tucson,AZ,"United States",Open,https://kidsoverprofits.org/facility/devereux-arizona-broadway-campus-az/
12211,"Devereux Arizona – Casa Amistad",Tucson,AZ,"United States",Open,https://kidsoverprofits.org/facility/devereux-arizona-casa-amistad-az/
12212,"Devereux Arizona – Casa Ensueno",Tucson,AZ,"United States",Open,https://kidsoverprofits.org/facility/devereux-arizona-casa-ensueno-az/
12213,"Devereux Arizona – Casa Sol",Tucson,AZ,"United States",Open,https://kidsoverprofits.org/facility/devereux-arizona-casa-sol-az/
12214,"Devereux Arizona – Casa Valor",Tucson,AZ,"United States",Open,https://kidsoverprofits.org/facility/devereux-arizona-casa-valor-az/
12215,"Dream Builders",Tucson,AZ,"United States",Open,
12216,"Eagle’s Nest Residential – Euclid",Phoenix,AZ,"United States",Open,https://kidsoverprofits.org/facility/eagle-s-nest-residential-euclid-az/
12217,"Eagles Nest Boys & Girls Residential Agency",Phoenix,AZ,"United States",Open,https://kidsoverprofits.org/facility/eagles-nest-boys-girls-residential-agency-az/
12218,"Elevate Residential Behavioral Health Facilities, LLC",Avondale,AZ,"United States",Closed,
12219,"Empire Group Home LLC",Phoenix,AZ,"United States",Closed,
12220,"Empowered Care Homes LLC",Gilbert,AZ,"United States",Closed,
12221,"Empowerment Family Care, Inc.",Phoenix,AZ,"United States",Closed,
12222,"Estrella Vista Ranch",Dragoon,AZ,"United States",Closed,
12223,"FACTS Behavioral Health",", Phoenix",AZ,"United States",Closed,
12224,"Family Solutions Foundation",Taylor,AZ,"United States",Closed,
12225,"Fay’s House 1, 2, 3",Phoenix,AZ,"United States",Closed,
12226,"First Step Behavioral Health",Phoenix,AZ,"United States",Open,
12227,"Florence Crittenton Services Of Arizona, Inc.",Phoenix,AZ,"United States",Closed,https://kidsoverprofits.org/facility/florence-crittenton-services-of-arizona-inc-az/
12228,"Forward In Life",Phoenix,AZ,"United States",Open,https://kidsoverprofits.org/facility/forward-in-life-az/
12229,"Forward In Life II",Phoenix,AZ,"United States",Closed,https://kidsoverprofits.org/facility/forward-in-life-ii-az/
12230,"Generations Group Home","Sierra Vista",AZ,"United States",Open,https://kidsoverprofits.org/facility/generations-group-home-az/
12231,"Grace of Serenity Living",Phoenix,AZ,"United States",Open,
12232,"Heart of Gold Group Home, LLC",Maricopa,AZ,"United States",Open,https://kidsoverprofits.org/facility/heart-of-gold-group-home-llc-az/
12233,"Hope And Peace LLC",Phoenix,AZ,"United States",Closed,
12234,"Horizon Recovery – Arrowhead",Glendale,AZ,"United States",Open,
12235,"Horizon Recovery – Buckeye",Buckeye,AZ,"United States",Closed,
12236,"Horizon Recovery – Deer Valley",Peoria,AZ,"United States",Open,https://kidsoverprofits.org/facility/horizon-recovery-deer-valley-az/
12237,"House Of Joy",Maricopa,AZ,"United States",Open,
12238,"In Balance Ranch Academy","Huachuca City",AZ,"United States",Open,https://kidsoverprofits.org/facility/in-balance-ranch-academy-az/
12239,"Intermountain Centers For Human Development",Tucson,AZ,"United States",Open,https://kidsoverprofits.org/facility/intermountain-centers-for-human-development-az/
12240,"KidsQuest Wagon Train",Tucson,AZ,"United States",Closed,
12241,"L’Amour Group Home",Avondale,AZ,"United States",Open,
12242,"La Paloma Family Services – Diamondback Group Home for Girls",Tucson,AZ,"United States",Open,
12243,"La Paloma Family Services – McKinley Group Home",Tucson,AZ,"United States",Open,
12244,"La Paloma Family Services – Menninger House",Tucson,AZ,"United States",Open,
12245,"La Paloma Family Services – Timrod Group Home",Tucson,AZ,"United States",Open,
12246,"La Paloma Family Services – Victoria House",Tucson,AZ,"United States",Open,
12247,"Life Change Family Services Inc.",Maricopa,AZ,"United States",Open,https://kidsoverprofits.org/facility/life-change-family-services-inc-az/
12248,"Life Is A Circle LLC","San Tan Valley",AZ,"United States",Open,https://kidsoverprofits.org/facility/life-is-a-circle-llc-az/
12249,"Mary’s Mission And Developmental Center",Hereford,AZ,"United States",Closed,https://kidsoverprofits.org/facility/mary-s-mission-and-developmental-center-az/
12250,"Mattie’s Care House LLC",Laveen,AZ,"United States",Open,https://kidsoverprofits.org/facility/mattie-s-care-house-llc-az/
12252,"Mingus Mountain Estate Residential Center, Inc. – Amber Hills",Phoenix,AZ,"United States",Closed,
12253,"Mingus Mountain Estate Residential Center, Inc. – Emily House","Prescott Valley",AZ,"United States",Open,
12254,"Mingus Mountain Estate Residential Center, Inc. – Farrington House",Dewey,AZ,"United States",Open,
12255,"Miss A’s LLC",Peoria,AZ,"United States",Open,https://kidsoverprofits.org/facility/miss-a-s-llc-az/
12256,"Modern Recovery Services",Tempe,AZ,"United States",Open,
12257,"Mohave Mental Health Clinic, Inc. – Diamond House",Kingman,AZ,"United States",Open,https://kidsoverprofits.org/facility/mohave-mental-health-clinic-inc-diamond-house-az/
12258,"Mon Ami 2 Group Home, LLC",Maricopa,AZ,"United States",Closed,
12259,"Mountain View","Prescott Valley",AZ,"United States",Closed,
12260,"Native Youth Development Services LLC","San Tan Valley",AZ,"United States",Open,
12261,"Navajo County Juvenile Restoration Services",Holbrook,AZ,"United States",Open,
12262,"New Age Horizon Residential","Laveen Village",AZ,"United States",Open,
12263,"New Haven Communities LLC","Laveen Village",AZ,"United States",Closed,https://kidsoverprofits.org/facility/new-haven-communities-llc-az/
12264,"Next Generation Youth And Family Services, Inc.",Phoenix,AZ,"United States",Closed,
12265,"Oak Creek Ranch School",Cornville,AZ,"United States",Closed,https://kidsoverprofits.org/facility/oak-creek-ranch-school-az/
12266,"Our House Residentials",Peoria,AZ,"United States",Open,https://kidsoverprofits.org/facility/our-house-residentials-az/
12267,"P.O.W.E.R. House Youth Facility","Queen Creek",AZ,"United States",Open,
12268,"Palo Verde Behavioral Health Unit",Tucson,AZ,"United States",Open,
12269,"Pascua Yaqui Tribe Yoeme Kari Group Home",Tucson,AZ,"United States",Open,
12270,"Pathway Drug Abuse Programs",Tempe,AZ,"United States",Closed,
12271,"Pinal County Juvenile Detention Center",Florence,AZ,"United States",Open,
12272,"Progressive Health Alliance",Laveen,AZ,"United States",Open,https://kidsoverprofits.org/facility/progressive-health-alliance-az/
12273,"Re-Creation Retreat",Fredonia,AZ,"United States",Open,https://kidsoverprofits.org/facility/re-creation-retreat-az/
12274,"Red Hawk Academy for Girls",Littlefield,AZ,"United States",Open,
12275,"Rey Ash Residential Facility LLC","Queen Creek",AZ,"United States",Closed,
12276,"RMBHS – Arvada House",Mesa,AZ,"United States",Closed,
12277,"RMBHS – Cogdell House",Mesa,AZ,"United States",Open,
12278,"RMBHS – Lakeview House",Mesa,AZ,"United States",Open,
12279,"RMBHS – Opal House",Mesa,AZ,"United States",Closed,
12280,"RMBHS – Plata House",Mesa,AZ,"United States",Open,
12281,"RMBHS – Posada House",Mesa,AZ,"United States",Open,https://kidsoverprofits.org/facility/rmbhs-posada-house-az/
12282,"RMBHS – Renata House",Mesa,AZ,"United States",Open,
12283,"RMBHS – Somerset House",Mesa,AZ,"United States",Open,
12284,"RMBHS – Vincent House",Mesa,AZ,"United States",Open,
12285,"Rosewood Ranch",Wickenburg,AZ,"United States",Open,https://kidsoverprofits.org/facility/rosewood-ranch-az/
12286,"Saharan Oasis, LLC",Phoenix,AZ,"United States",Closed,https://kidsoverprofits.org/facility/saharan-oasis-llc-az/
12287,"San Tan Behavioral Health Services LLC",Gilbert,AZ,"United States",Open,https://kidsoverprofits.org/facility/san-tan-behavioral-health-services-llc-az/
12288,"Second Chance Behavioral Health","Casa Grande",AZ,"United States",Closed,
12289,"Serenity Preferred LLC",Surprise,AZ,"United States",Open,
12290,"Shining Hearts Residential Treatment Center",Maricopa,AZ,"United States",Closed,
12291,"Smoki Trail",Dewey-Humboldt,AZ,"United States",Closed,
12292,"Southwest Key Programs, Inc – Campbell",Phoenix,AZ,"United States",Closed,
12293,"Spring Ridge Academy",Mayer,AZ,"United States",Closed,https://kidsoverprofits.org/facility/spring-ridge-academy-az/
12294,"St. Paul’s Preparatory Academy",Phoenix,AZ,"United States",Closed,
12295,"Star House BHRF, LLC",Maricopa,AZ,"United States",Closed,
12296,"Starks Homes LLC",Vail,AZ,"United States",Open,
12297,"Start Living Behavioral Health Center, LLC",Phoenix,AZ,"United States",Open,
12298,StreetLightUSA,Glendale,AZ,"United States",Open,https://kidsoverprofits.org/facility/streetlightusa-az/
12299,"Sunflower Living LLC",Phoenix,AZ,"United States",Open,https://kidsoverprofits.org/facility/sunflower-living-llc-az/
12300,"Sunny Side Group Home","Casa Grande",AZ,"United States",Open,https://kidsoverprofits.org/facility/sunny-side-group-home-az/
12301,"Teen Reach",Phoenix,AZ,"United States",Closed,
12303,"The Meadows Adolescent Center",Morristown,AZ,"United States",Closed,
12305,"The U-Turn Foundation",Mesa,AZ,"United States",Open,https://kidsoverprofits.org/facility/the-u-turn-foundation-az/
12306,"The U-Turn Foundation – Keep Right",Mesa,AZ,"United States",Open,https://kidsoverprofits.org/facility/the-u-turn-foundation-keep-right-az/
12307,"The Wick Home for Emotional Growth and Recovery",Cottonwood,AZ,"United States",Closed,
12308,"Thy Grace Care LLC",Maricopa,AZ,"United States",Closed,
12309,"Tree Of Life Arizona",Mesa,AZ,"United States",Open,https://kidsoverprofits.org/facility/tree-of-life-arizona-az/
12310,"Trinity Recovery Home",Goodyear,AZ,"United States",Closed,
12311,"Twin Hearts LLC",Goodyear,AZ,"United States",Closed,
12312,"Victory Behavioral Healthcare PLLC",Phoenix,AZ,"United States",Closed,
12314,"Yavapai Juvenile Justice Center",Prescott,AZ,"United States",Open,
12315,"Youth Development Institute",Phoenix,AZ,"United States",Open,https://kidsoverprofits.org/facility/youth-development-institute-az/
12316,"Youth Development Institute – Portland House",Phoenix,AZ,"United States",Open,
12317,"Youth Transition Services, Inc.",Gilbert,AZ,"United States",Closed,
12318,"Zarephath Inc.",Mesa,AZ,"United States",Open,https://kidsoverprofits.org/facility/zarephath-inc-az/
12319,"Zarephath Inc. – Apache House","Apache Junction",AZ,"United States",Open,
12320,"Zarephath Inc. – Chaparral House","Apache Junction",AZ,"United States",Open,
12321,"Zarephath Inc. – Yuma House",Yuma,AZ,"United States",Open,
12322,"Mount Bachelor Academy",Prineville,OR,"United States",Closed,https://kidsoverprofits.org/facility/mount-bachelor-academy-or/
12323,"New Leaf Academy of Oregon",Bend,OR,"United States",Closed,https://kidsoverprofits.org/facility/new-leaf-academy-of-oregon-or/
12324,"SageWalk Wilderness",Redmond,OR,"United States",Closed,https://kidsoverprofits.org/facility/sagewalk-wilderness-or/
12325,"Wellspring Oregon",Corvallis,OR,"United States",Closed,https://kidsoverprofits.org/facility/wellspring-oregon-or/
12326,"Deschutes Wilderness Therapy",Bend,OR,"United States",Closed,https://kidsoverprofits.org/facility/deschutes-wilderness-therapy-or/
12327,"Northwest Behavioral Healthcare Services",Gladstone,OR,"United States",Closed,https://kidsoverprofits.org/facility/northwest-behavioral-healthcare-services-or/
12328,"A Village for One – Anisa’s Place","Oregon City",OR,"United States",Open,
12329,"Academy at Sisters",Bend,OR,"United States",Open,https://kidsoverprofits.org/facility/academy-at-sisters-or/
12330,"Adapt Deer Creek Adolescent Treatment Center",Roseburg,OR,"United States",Open,
12331,"Affect Youth Services, Inc.",Salem,OR,"United States",Open,https://kidsoverprofits.org/facility/affect-youth-services-inc-or/
12332,"Albertina Kerr Subacute",Portland,OR,"United States",Open,https://kidsoverprofits.org/facility/albertina-kerr-subacute-or/
12333,"Bailie Memorial Youth Ranch",Mesa,WA,"United States",Closed,
12334,"Barriers 2 Bridges at Jackson County Juvenile Detention",Medford,OR,"United States",Open,
12335,"Bob Belloni Ranch","Coos Bay",OR,"United States",Closed,
12336,"Bridges Boys Academy",Bend,OR,"United States",Closed,https://kidsoverprofits.org/facility/bridges-boys-academy-or/
12337,"Camp Florence Youth Transitional Facility",Florence,OR,"United States",Open,
12338,"Camp Riverbend Youth Transitional Facility","La Grande",OR,"United States",Open,
12339,"Camp Tillamook Youth Transitional Facility",Tillamook,OR,"United States",Open,
12340,"Cascade Boys Ranch of Southern Oregon",Medford,OR,"United States",Open,
12341,"Catherine Freer Wilderness Program",Albany,OR,"United States",Closed,https://kidsoverprofits.org/facility/catherine-freer-wilderness-program-or/
12342,"Children’s Farm Home",Corvallis,OR,"United States",Open,
12343,"Christie School",Marylhurst,OR,"United States",Closed,
12344,"Clackamas County Juvenile","Oregon City",OR,"United States",Open,
12345,"Connections365 Residential Programs",Salem,OR,"United States",Open,
12346,"Cordero Residential Treatment",Portland,OR,"United States",Open,
12347,"Crater Lake School","Sprague River",OR,"United States",Closed,https://kidsoverprofits.org/facility/crater-lake-school-or/
12348,"Delphian School",Sheridan,OR,"United States",Open,
12349,"Dennis Maloney Juvenile Community Justice Center",Bend,OR,"United States",Open,
12350,"Discovery Mood & Anxiety",Beavercreek,OR,"United States",Open,https://kidsoverprofits.org/facility/discovery-mood-anxiety-or/
12351,"Donald E. Long Juvenile Detention Center",Portland,OR,"United States",Open,
12352,"Douglas County Juvenile Detention & Shelter Care Facility",Roseburg,OR,"United States",Open,
12353,"Eastern Oregon Academy",Hines,OR,"United States",Closed,
12354,"Eastern Oregon Youth Correctional Facility",Burns,OR,"United States",Open,
12356,"Family Solutions – Cascade House",Medford,OR,"United States",Open,https://kidsoverprofits.org/facility/family-solutions-cascade-house-or/
12357,"Family Solutions – Willow House",Phoenix,OR,"United States",Open,
12358,"Haag Home for Boys","Junction City",OR,"United States",Open,
12359,"Hillcrest Youth Correctional Facility",Salem,OR,"United States",Closed,
12360,"Homestead Youth and Family Services Residential Program",Pendleton,OR,"United States",Open,
12361,"Inn Home for Boys",Portland,OR,"United States",Open,
12362,"J. Bar J. – Boys Ranch",Bend,OR,"United States",Open,https://kidsoverprofits.org/facility/j-bar-j-boys-ranch-or/
12363,"J. Bar J. – Grandma’s House",Bend,OR,"United States",Open,
12364,"J. Bar J. – J5",Bend,OR,"United States",Open,
12365,"Jackie Winters Transition Program",Albany,OR,"United States",Open,
12367,"Janus Youth Programs – Buckman",Portland,OR,"United States",Open,
12368,"Janus Youth Programs – Cordero",Tigard,OR,"United States",Open,
12369,"Jasper Mountain",Jasper,OR,"United States",Open,https://kidsoverprofits.org/facility/jasper-mountain-or/
12370,"Josephine County Juvenile Department","Grants Pass",OR,"United States",Open,
12372,"Kairos Northwest – Cadenza",Salem,OR,"United States",Open,
12373,"Kairos Northwest – Momentum","Grants Pass",OR,"United States",Open,
12374,"Kairos Northwest – Tempo",Eugene,OR,"United States",Open,
12375,"Klamath Crimson Rose Program for Girls","Klamath Falls",OR,"United States",Open,
12376,"Klamath Lake County Youth Ranch",Bonanza,OR,"United States",Open,
12377,"Lane County Phoenix Treatment",Eugene,OR,"United States",Open,https://kidsoverprofits.org/facility/lane-county-phoenix-treatment-or/
12378,"Lincoln County Juvenile Department",Newport,OR,"United States",Open,
12379,"Looking Glass Community Services – Residential Services",Eugene,OR,"United States",Open,
12380,"MacLaren Youth Correctional Facility",Woodburn,OR,"United States",Open,https://kidsoverprofits.org/facility/maclaren-youth-correctional-facility-or/
12381,"Madrona Recovery",", Tigard",OR,"United States",Open,https://kidsoverprofits.org/facility/madrona-recovery-or/
12382,"Marion County Juvenile Detention",Salem,OR,"United States",Open,
12383,"Monte Nido Clementine West Linn","West Linn",OR,"United States",Open,
12384,"Morrison Child & Family Services",Portland,OR,"United States",Open,https://kidsoverprofits.org/facility/morrison-child-family-services-or/
12385,"Morrison Child & Family Services – Counterpoint",Portland,OR,"United States",Open,
12386,"Morrison Child & Family Services – SAGE Residential Program",Portland,OR,"United States",Open,
12387,"Multnomah A&E Program",", Portland",OR,"United States",Open,
12388,"NARA Youth Residential Treatment Center",Gresham,OR,"United States",Closed,
12389,"New Avenues for Youth – Robinswood","Lake Oswego",OR,"United States",Open,
12390,"New Vision Programs of Oregon",Milwaukie,OR,"United States",Closed,
12391,"Next Door, Inc. – Klahre House","Hood River",OR,"United States",Open,
12392,"Nexus Family Healing – Walden Crossing PRTF",Portland,OR,"United States",Open,
12393,"NORCOR – Youth Care Center","The Dalles",OR,"United States",Open,
12394,"North Point Children’s Program",Corvallis,OR,"United States",Open,
12395,"NorthStar Center",Bend,OR,"United States",Closed,https://kidsoverprofits.org/facility/northstar-center-or/
12396,"Northwest Youth Discovery",Bend,OR,"United States",Open,https://kidsoverprofits.org/facility/northwest-youth-discovery-or/
12397,"Oak Creek Youth Correctional Facility",Albany,OR,"United States",Open,https://kidsoverprofits.org/facility/oak-creek-youth-correctional-facility-or/
12398,"Obsidian Trails Outdoor School",Bend,OR,"United States",Closed,
12399,"Parrott Creek Child and Family Services","Lake Oswego",OR,"United States",Open,
12400,"Parry Center for Children",Portland,OR,"United States",Open,
12401,"Pendleton Academies",Pendleton,OR,"United States",Open,
12402,"Rimrock Trails Adolescent RTP",Prineville,OR,"United States",Open,https://kidsoverprofits.org/facility/rimrock-trails-adolescent-rtp-or/
12403,"Rogue Valley Youth Correctional Facility","Grants Pass",OR,"United States",Open,
12404,"Royal Haven Equestrian Center",Sisters,OR,"United States",Closed,
12405,"Santiam Crossing",Scio,OR,"United States",Closed,
12407,"St. Mary’s Home for Boys",Beaverton,OR,"United States",Open,https://kidsoverprofits.org/facility/st-mary-s-home-for-boys-or/
12408,"The Salvation Army White Shield Center",Portland,OR,"United States",Open,
12409,"The Woods Home for Girls",Medford,OR,"United States",Open,
12410,"Tillamook Youth Correctional Facility",Tillamook,OR,"United States",Open,
12411,"Turning Point","Grants Pass",OR,"United States",Open,https://kidsoverprofits.org/facility/turning-point-or/
12412,"Yamhill County Youth Services Center",McMinnville,OR,"United States",Open,
12413,"Youth Guidance Association",Portland,OR,"United States",Open,
12414,"Youth Villages Oregon","Lake Oswego",OR,"United States",Open,
12415,"Wellspring Adventure Lake Tahoe","Incline Village",NV,"United States",Closed,https://kidsoverprofits.org/facility/wellspring-adventure-lake-tahoe-nv/
12416,"Reno Adolescent Boys Teen Challenge",Sparks,NV,"United States",Unknown,https://kidsoverprofits.org/facility/reno-adolescent-boys-teen-challenge-nv/
12419,"Willow Springs Center",Reno,NV,"United States",Open,https://kidsoverprofits.org/facility/willow-springs-center-nv/
12421,"Sky View Christian Academy",Hawthorne,NV,"United States",Closed,https://kidsoverprofits.org/facility/sky-view-christian-academy-nv/
12422,"Actions of Elko",Elko,NV,"United States",Open,
12424,"Apple Grove Treatment Center",Henderson,NV,"United States",Open,
12425,"Aurora Center for Healing",Hawthorne,NV,"United States",Open,
12426,"Bristlecone Family Resources",Reno,NV,"United States",Open,
12427,"Caliente Youth Center",Caliente,NV,"United States",Open,https://kidsoverprofits.org/facility/caliente-youth-center-nv/
12428,"Child Haven","Las Vegas",NV,"United States",Open,https://kidsoverprofits.org/facility/child-haven-nv/
12429,"China Spring Youth Camp",Gardnerville,NV,"United States",Open,
12430,"Clark County Juvenile Detention Center","Las Vegas",NV,"United States",Open,
12431,"Cross Roads of Southern Nevada","Las Vegas",NV,"United States",Open,
12432,"Desert Willow Treatment Center","Las Vegas",NV,"United States",Open,
12433,"Desert Winds Hospital","Las Vegas",NV,"United States",Open,
12434,"Douglas County Juvenile Detention Center",Minden,NV,"United States",Open,
12436,"Eden Treatment","Las Vegas",NV,"United States",Open,
12437,"Eden Treatment – Edna Ave","Las Vegas",NV,"United States",Open,
12439,"Everett Grace",Reno,NV,"United States",Open,
12440,"Focal Point Academy",Mesquite,NV,"United States",Closed,https://kidsoverprofits.org/facility/focal-point-academy-nv/
12441,"Freedom Behavioral Health","Las Vegas",NV,"United States",Open,
12442,"Golla Home","Washoe Valley",NV,"United States",Open,
12443,"Hand Up Homes for Youth Northern Nevada",Reno,NV,"United States",Open,
12445,"Ignite Teen Treatment","Las Vegas",NV,"United States",Open,https://kidsoverprofits.org/facility/ignite-teen-treatment-nv/
12446,"Jan Evans Juvenile Justice Center",Reno,NV,"United States",Open,
12447,"JC Family Services",Reno,NV,"United States",Open,
12448,"Kids First LLC",Sparks,NV,"United States",Open,
12449,"KW Legacy Ranch",Hiko,NV,"United States",Open,https://kidsoverprofits.org/facility/kw-legacy-ranch-nv/
12450,"Las Vegas Recovery Center I","Las Vegas",NV,"United States",Open,
12451,"Las Vegas Recovery Center II","Las Vegas",NV,"United States",Open,
12452,"Leighton Hall",Winnemucca,NV,"United States",Open,
12453,"Levada House",Reno,NV,"United States",Closed,
12454,"Montevista Hospital","Las Vegas",NV,"United States",Open,
12455,"Narconon Rainbow Canyon Retreat",Caliente,NV,"United States",Open,
12456,"Nevada Homes for Youth","Las Vegas",NV,"United States",Open,
12457,"Nevada Homes for Youth Substance Abuse Program","Las Vegas",NV,"United States",Open,
12459,"Nevada Youth Training Center",Elko,NV,"United States",Open,https://kidsoverprofits.org/facility/nevada-youth-training-center-nv/
12460,"New Benchmark","373 Amargosa",NV,"United States",Open,
12461,"New Frontier Treatment Center",Fallon,NV,"United States",Open,
12462,"Northern Nevada PRTF Services for Children – Enterprise",Reno,NV,"United States",Open,
12463,"Reno Behavioral Healthcare Hospital, LLC",Reno,NV,"United States",Open,https://kidsoverprofits.org/facility/reno-behavioral-healthcare-hospital-llc-nv/
12464,"Rite of Passage Adolescent Treatment Centers and Schools, Inc.",Minden,NV,"United States",Open,
12465,"Ruth’s Haven Teen Girls Center",Lund,NV,"United States",Open,https://kidsoverprofits.org/facility/ruth-s-haven-teen-girls-center-nv/
12466,"Sierra Nevada Teen Ranch",Reno,NV,"United States",Open,https://kidsoverprofits.org/facility/sierra-nevada-teen-ranch-nv/
12467,"Spring Mountain Youth Camp","Las Vegas",NV,"United States",Open,
12468,"Step 1 Inc",Reno,NV,"United States",Open,
12469,STEP2,Reno,NV,"United States",Open,
12470,"Summit View Youth Center","Las Vegas",NV,"United States",Open,
12471,"Teurman Hall",Fallon,NV,"United States",Open,
12472,"The Fearless Kind","Las Vegas",NV,"United States",Open,
12473,"The Nestled Recovery Center","Las Vegas",NV,"United States",Open,
12474,"The Ridge House Vance Johnson Recovery Center","Las Vegas",NV,"United States",Open,
12475,"Vitality Carson City","Suite 201 Carson City",NV,"United States",Open,
12476,"Vitality Center",Elko,NV,"United States",Open,
12477,"Vogue Recovery Center","Las Vegas",NV,"United States",Open,
12478,"Westcare Inc – Harris Springs Ranch","Las Vegas",NV,"United States",Open,
12479,"Westcare Nevada Women and Children’s Campus","Las Vegas",NV,"United States",Open,https://kidsoverprofits.org/facility/westcare-nevada-women-and-children-s-campus-nv/
12480,"Western Nevada Regional Youth Center","Silver Springs",NV,"United States",Open,
12481,"Murphy Bernardini Regional Juvenile Detention Center",,NV,"United States",Open,
12482,"Wellspring Georgia",Rome,GA,"United States",Closed,https://kidsoverprofits.org/facility/wellspring-georgia-ga/
12483,"Devereux Ackerman Academy",Kennesaw,GA,"United States",Unknown,https://kidsoverprofits.org/facility/devereux-ackerman-academy-ga/
12484,"Devereux Advanced Behavioral Health Georgia",Kennesaw,GA,"United States",Unknown,https://kidsoverprofits.org/facility/devereux-advanced-behavioral-health-georgia-ga/
12485,"Devereux Georgia Intensive Residential Treatment",Kennesaw,GA,"United States",Unknown,https://kidsoverprofits.org/facility/devereux-georgia-intensive-residential-treatment-ga/
12486,"Devereux Georgia Discovery Program",Kennesaw,GA,"United States",Unknown,https://kidsoverprofits.org/facility/devereux-georgia-discovery-program-ga/
12487,"Devereux Georgia Journey Program",Kennesaw,GA,"United States",Unknown,https://kidsoverprofits.org/facility/devereux-georgia-journey-program-ga/
12488,"Devereux Georgia Adolescent Females Program",Kennesaw,GA,"United States",Unknown,https://kidsoverprofits.org/facility/devereux-georgia-adolescent-females-program-ga/
12489,"Devereux Georgia Adolescent Males Program",Kennesaw,GA,"United States",Unknown,https://kidsoverprofits.org/facility/devereux-georgia-adolescent-males-program-ga/
12490,"First Light Wilderness Therapy",Dahlonega,GA,"United States",Open,https://kidsoverprofits.org/facility/first-light-wilderness-therapy-ga/
12491,"Prayer Mountain Boys Academy",Meansville,GA,"United States",Unknown,https://kidsoverprofits.org/facility/prayer-mountain-boys-academy-ga/
12493,"Columbus Teen Challenge",Columbus,GA,"United States",Open,https://kidsoverprofits.org/facility/columbus-teen-challenge-ga/
12494,"Coastal Harbor Treatment Center",Savannah,GA,"United States",Open,https://kidsoverprofits.org/facility/coastal-harbor-treatment-center-ga/
12495,"Laurel Heights Hospital Residential Treatment",Atlanta,GA,"United States",Open,https://kidsoverprofits.org/facility/laurel-heights-hospital-residential-treatment-ga/
12496,"Lighthouse Care Center of Augusta Psychiatric RTP",Augusta,GA,"United States",Open,https://kidsoverprofits.org/facility/lighthouse-care-center-of-augusta-psychiatric-rtp-ga/
12498,"Agape Behavioral Healthcare",Atlanta,GA,"United States",Open,
12499,"Alpine Program",Gainesville,GA,"United States",Open,
12500,"Anne Elizabeth Shepherd Home",Columbus,GA,"United States",Open,
12501,"Appalachian Wilderness Camp",Cleveland,GA,"United States",Closed,https://kidsoverprofits.org/facility/appalachian-wilderness-camp-ga/
12502,"ASlades Heart & Hand Youth Development Services, Inc.",Griffin,GA,"United States",Open,
12503,"Atlanta YDC","College Park",GA,"United States",Open,
12504,"Augusta YDC",Augusta,GA,"United States",Open,
12505,"Bald Ridge Lodge",Cumming,GA,"United States",Open,https://kidsoverprofits.org/facility/bald-ridge-lodge-ga/
12507,"Boyz to Men Residential Facility",Columbus,GA,"United States",Open,
12508,"Bradfield Center – Ault Academy",LaGrange,GA,"United States",Open,
12509,"Breakthrough Recovery Outreach",Chamblee,GA,"United States",Open,https://kidsoverprofits.org/facility/breakthrough-recovery-outreach-ga/
12510,"Broken Shackle Ranch",Davisboro,GA,"United States",Open,https://kidsoverprofits.org/facility/broken-shackle-ranch-ga/
12511,"Broken Shackle Ranch – Joseph House",Statesboro,GA,"United States",Open,
12512,"Broken Shackle Ranch – Omega House",Augusta,GA,"United States",Open,
12513,"Camp David Vision of Hope",Hamilton,GA,"United States",Open,
12515,"Camp E-Tu-Nake",Blakely,GA,"United States",Closed,https://kidsoverprofits.org/facility/camp-e-tu-nake-ga/
12516,"Carpenter Way Ranch",Cataula,GA,"United States",Open,
12517,"Clementine by Monte Nido Atlanta","Sandy Springs",GA,"United States",Open,
12518,"Clementine II by Monte Nido Atlanta","Sandy Springs",GA,"United States",Open,
12519,"Cloister Creek",Conyers,GA,"United States",Closed,
12520,"Darrington Academy","Blue Ridge",GA,"United States",Closed,https://kidsoverprofits.org/facility/darrington-academy-ga/
12521,"Devereux Georgia Intensive Residential Treatment – Ackerman Academy",Kennesaw,GA,"United States",Open,
12522,"Eagle Ranch","Flowery Branch",GA,"United States",Open,https://kidsoverprofits.org/facility/eagle-ranch-ga/
12523,"Eastman YDC",Eastman,GA,"United States",Open,
12524,"Gentle Loving Care Center Residential Treatment Program",Sandersville,GA,"United States",Open,
12525,"George W. Hartmann Center",Marietta,GA,"United States",Open,
12526,"Georgia Baptist Children’s Homes – Angel’s House",Newnan,GA,"United States",Open,
12527,"Georgia Baptist Children’s Homes – Baxley",Baxley,GA,"United States",Open,
12528,"Georgia Baptist Children’s Homes – Camp Hawkins & Matthew’s Time","Mt Airy",GA,"United States",Open,
12529,"Georgia Baptist Children’s Homes – Meansville Campus",Meansville,GA,"United States",Open,
12530,"Georgia Baptist Children’s Homes – Palmetto",Palmetto,GA,"United States",Open,
12531,"Georgia Industrial Children’s Home",Macon,GA,"United States",Open,
12532,"Georgia Sheriffs’ Boys Ranch",Hahira,GA,"United States",Open,
12533,"Georgia Sheriffs’ Cherokee Estate",Dalton,GA,"United States",Open,
12534,"Georgia Sheriffs’ Herrington Homestead",Nunez,GA,"United States",Open,
12535,"Georgia Sheriffs’ MountainView",Chatsworth,GA,"United States",Open,
12536,"Georgia Sheriffs’ Pineland/Camp Pioneer",LaGrange,GA,"United States",Open,
12537,"Good Shepherd Therapeutic Center","Warm Springs",GA,"United States",Open,
12538,"Goshen Valley Boys Ranch",Waleska,GA,"United States",Open,https://kidsoverprofits.org/facility/goshen-valley-boys-ranch-ga/
12540,"Hillside Atlanta – Conant School",Atlanta,GA,"United States",Open,
12541,"Joy House",Jasper,GA,"United States",Open,
12542,"Kenneth B. Walker Residential Home","Suite 20 Columbus",GA,"United States",Closed,
12543,"KidsPeace Georgia Bowdon Campus",Bowdon,GA,"United States",Open,
12544,"Macon YDC",Macon,GA,"United States",Open,
12545,"Milledgeville YDC",Milledgeville,GA,"United States",Open,
12546,"Morningstar Residential Campus",Brunswick,GA,"United States",Open,
12547,"Mountain Top Boys Home","Sugar Valley",GA,"United States",Open,https://kidsoverprofits.org/facility/mountain-top-boys-home-ga/
12548,"Murphy-Harpst Residential Care",Cedartown,GA,"United States",Open,
12549,"Muscogee YDC",Midland,GA,"United States",Open,
12550,"Pathways Center",Greenville,GA,"United States",Closed,
12551,"Positive Growth, Inc",Clarkston,GA,"United States",Open,https://kidsoverprofits.org/facility/positive-growth-inc-ga/
12553,"Ruth Home of Compassion",Rome,GA,"United States",Closed,
12554,"Secure & Care, Inc.",Columbus,GA,"United States",Open,https://kidsoverprofits.org/facility/secure-care-inc-ga/
12555,"Shepherd’s Hill Academy",Martin,GA,"United States",Open,
12556,"Skyland Trail – J. Rex Fuqua Campus",Atlanta,GA,"United States",Open,
12557,"The Methodist Home for Children & Youth – Macon",Macon,GA,"United States",Open,
12558,"Twin Cedars Youth & Family Services",Macon,GA,"United States",Open,https://kidsoverprofits.org/facility/twin-cedars-youth-family-services-ga/
12559,"Wellspring Living Girls Residential",Atlanta,GA,"United States",Open,
12560,"Wolf Creek Wilderness School",Blairsville,GA,"United States",Closed,
12562,"Wellspring Hawaii","Big Island",HI,"United States",Closed,https://kidsoverprofits.org/facility/wellspring-hawaii-hi/
12563,"Aloha Youth Academy",Laie,HI,"United States",Closed,
12564,"Hawaii Youth Correctional Facility",Kailua,HI,"United States",Open,
12565,"Pacific Quest",Hilo,HI,"United States",Open,https://kidsoverprofits.org/facility/pacific-quest-hi/
12566,"SeaChange Hawaii",O’ahu,HI,"United States",Closed,
12567,"The Queen’s Medical Center – Kahi Mohala","Ewa Beach",HI,"United States",Open,
12568,"Waiale’e Industrial School for Boys",Oahu,HI,"United States",Closed,
12569,"Wellspring Wisconsin",Kenosha,WI,"United States",Closed,https://kidsoverprofits.org/facility/wellspring-wisconsin-wi/
12570,"New Vision Wilderness Therapy",Medford,WI,"United States",Closed,https://kidsoverprofits.org/facility/new-vision-wilderness-therapy-wi/
12571,"Casey House",Oconomowoc,WI,"United States",Open,
12572,"Cheryl House",Oconomowoc,WI,"United States",Open,
12573,"Copper Lake Girls School/Lincoln Hills Boys School",Irma,WI,"United States",Open,
12574,"Eau Claire Academy","Eau Claire",WI,"United States",Open,https://kidsoverprofits.org/facility/eau-claire-academy-wi/
12575,"Emberhope Youthville",Newton,KS,"United States",Open,
12576,"Family Services","Green Bay",WI,"United States",Open,
12577,"Florence Crittenton Services of Topeka",Topeka,KS,"United States",Open,
12578,"Genesee Lake School",Oconomowoc,WI,"United States",Open,https://kidsoverprofits.org/facility/genesee-lake-school-wi/
12579,"Heartspring Residential School",Wichita,KS,"United States",Open,
12580,"Homme Youth & Family Programs",Wittenberg,WI,"United States",Open,
12581,"House of Hope Kansas City","Overland Park",KS,"United States",Open,
12582,"Johnson County Adolescent Center for Treatment",Olathe,KS,"United States",Open,
12583,Kansas,"Kansas City",KS,"United States",Open,https://kidsoverprofits.org/facility/kansas-ks/
12584,"Kansas Juvenile Correctional Complex",Topeka,KS,"United States",Open,https://kidsoverprofits.org/facility/kansas-juvenile-correctional-complex-ks/
12585,"Kansas Renewal Institute","Fort Scott",KS,"United States",Open,
12586,"KidsTLC PRTF",Olathe,KS,"United States",Open,
12587,"King’s Achievement Center",Goddard,KS,"United States",Closed,
12588,Kossow,Waukesha,WI,"United States",Open,
12589,"Lad Lake",Dousman,WI,"United States",Open,
12590,"Lad Lake St. Rose Center",Milwaukee,WI,"United States",Open,
12591,"Lakemary Center",Paola,KS,"United States",Open,https://kidsoverprofits.org/facility/lakemary-center-ks/
12592,"Lakeside Academy of Kansas",Goddard,KS,"United States",Closed,https://kidsoverprofits.org/facility/lakeside-academy-of-kansas-ks/
12593,"Main Place Youth",Kingman,KS,"United States",Closed,
12594,"Meadowlark Academy",Delphos,KS,"United States",Closed,
12595,"New Hope Heartland",Norwich,KS,"United States",Closed,
12596,"New Vision Wilderness",Medford,WI,"United States",Closed,
12597,"Norris – River Bend Place","West Bend",WI,"United States",Open,
12598,"Norris – River’s Edge Campus",Mukwonago,WI,"United States",Open,
12599,"Northwest Passage Prairieview RTP",Frederic,WI,"United States",Open,
12600,"Northwest Passage Riverside RTP",Webster,WI,"United States",Open,
12601,"Pathways Family Services – The Wright Place",Topeka,KS,"United States",Open,
12602,"Peniel Christian School","Spring Valley",WI,"United States",Closed,
12603,"Prairie View Turning Point PRTF",Newton,KS,"United States",Open,
12604,"Rawhide Boys Ranch/Starr Academy","New London",WI,"United States",Open,
12605,"Rights of Passage Living Center",Milwaukee,WI,"United States",Closed,
12606,"Riverside Academy",Wichita,KS,"United States",Closed,https://kidsoverprofits.org/facility/riverside-academy-ks/
12607,"Rogers Behavioral Health – Brown Deer","Brown Deer",WI,"United States",Open,
12608,"Rogers Memorial Hospital – Adolescent Recovery Program","West Allis",WI,"United States",Open,
12609,"Rogers Memorial Hospital – Turtle Pond Recovery",Oconomowoc,WI,"United States",Open,
12610,"Sawyer House",Dousman,WI,"United States",Open,
12611,"St Charles Youth and Family Services",Milwaukee,WI,"United States",Open,
12612,"St Francis Academy",Salina,KS,"United States",Open,
12613,"St. John’s Military School",Salina,KS,"United States",Closed,
12614,"The Grow Academy",Oregon,WI,"United States",Open,
12615,"Tipton Academy",Tipton,KS,"United States",Closed,
12616,"Tomorrow’s Children",Waupaca,WI,"United States",Open,
12617,"Trego County Secure Care Center",Wakeeney,KS,"United States",Open,
12618,"Victory House Teen Challenge",Brewster,KS,"United States",Open,https://kidsoverprofits.org/facility/victory-house-teen-challenge-ks/
12619,"WCS – Bakari Center",Milwaukee,WI,"United States",Open,
12620,"White Rock Academy",Esbon,KS,"United States",Closed,
12621,"Devereux Cleo Wallace Center",Westminster,CO,"United States",Closed,https://kidsoverprofits.org/facility/devereux-cleo-wallace-center-co/
12622,"Red Mountain Colorado",Greeley,CO,"United States",Closed,https://kidsoverprofits.org/facility/red-mountain-colorado-co/
12623,"Royal Gorge Academy",", Cañon City",CO,"United States",Closed,https://kidsoverprofits.org/facility/royal-gorge-academy-co/
12624,"Adolescent and Family Institute of Colorado","Wheat Ridge",CO,"United States",Closed,
12625,"Aspire Youth Services Center",Golden,CO,"United States",Open,
12627,"Betty K. Marler Youth Services Center",Denver,CO,"United States",Open,
12628,"Brad’s House",Monument,CO,"United States",Open,https://kidsoverprofits.org/facility/brad-s-house-co/
12629,"Bridgeway Group Home",Lakewood,CO,"United States",Closed,
12630,"Cheyenne Mesa","Colorado Springs",CO,"United States",Closed,
12631,"Clear Creek Youth Services Center",Golden,CO,"United States",Open,
12632,"Colorado Boys Ranch","La Junta",CO,"United States",Open,
12633,"Crossroads Turning Points Recovery Center","Colorado Springs",CO,"United States",Open,https://kidsoverprofits.org/facility/crossroads-turning-points-recovery-center-co/
12634,"Daisy Center","Grand Junction",CO,"United States",Open,
12635,"Denver Children’s Home/The Bansbach Academy",Denver,CO,"United States",Open,
12636,"Eating Recovery Center",Denver,CO,"United States",Closed,
12637,"El Pueblo Boys and Girls Ranch",Pueblo,CO,"United States",Closed,https://kidsoverprofits.org/facility/el-pueblo-boys-and-girls-ranch-co/
12638,"Emily Griffith Center",Larkspur,CO,"United States",Closed,
12639,"Excelsior Youth Center",Aurora,CO,"United States",Closed,
12640,"Fire Mountain RTC","Estes Park",CO,"United States",Open,https://kidsoverprofits.org/facility/fire-mountain-rtc-co/
12641,"Forest Heights Lodge",Evergreen,CO,"United States",Open,https://kidsoverprofits.org/facility/forest-heights-lodge-co/
12642,"Gilliam Youth Services Center",Denver,CO,"United States",Open,https://kidsoverprofits.org/facility/gilliam-youth-services-center-co/
12643,"Golden Peak Youth Services Center",Golden,CO,"United States",Open,
12644,"Grand Mesa Youth Services Center","Grand Junction",CO,"United States",Open,https://kidsoverprofits.org/facility/grand-mesa-youth-services-center-co/
12645,"Griffith Centers for Children",Lakewood,CO,"United States",Open,
12647,"Kidz Ark","32. Sterling",CO,"United States",Open,https://kidsoverprofits.org/facility/kidz-ark-co/
12648,"Lookout Mountain Youth Services",Golden,CO,"United States",Open,
12649,"Marvin W. Foote Youth Services Center",Centennial,CO,"United States",Open,https://kidsoverprofits.org/facility/marvin-w-foote-youth-services-center-co/
12650,"Morrison Home",Morrison,CO,"United States",Open,https://kidsoverprofits.org/facility/morrison-home-co/
12651,"Mount Saint Vincent QRTP",Denver,CO,"United States",Open,https://kidsoverprofits.org/facility/mount-saint-vincent-qrtp-co/
12652,"Open Sky Wilderness Therapy",Durango,CO,"United States",Closed,https://kidsoverprofits.org/facility/open-sky-wilderness-therapy-co/
12653,"Pathfinders Wilderness Program",Meeker,CO,"United States",Closed,
12654,"Platte Valley Youth Services Center",Greeley,CO,"United States",Open,https://kidsoverprofits.org/facility/platte-valley-youth-services-center-co/
12655,"Prairie Vista Youth Services Center",Brighton,CO,"United States",Open,https://kidsoverprofits.org/facility/prairie-vista-youth-services-center-co/
12656,"Pueblo Youth Services Center",Pueblo,CO,"United States",Open,https://kidsoverprofits.org/facility/pueblo-youth-services-center-co/
12657,"Reflections for Youth",Loveland,CO,"United States",Closed,
12658,"Ridge View Academy",Watkins,CO,"United States",Closed,https://kidsoverprofits.org/facility/ridge-view-academy-co/
12659,"Robert E. DeNier Youth Service Center",Durango,CO,"United States",Open,
12660,"Rocky Mountain Kids","Colorado Springs",CO,"United States",Open,https://kidsoverprofits.org/facility/rocky-mountain-kids-co/
12661,"Rocky Mountain Youth Services Center",Denver,CO,"United States",Open,https://kidsoverprofits.org/facility/rocky-mountain-youth-services-center-co/
12662,"San Juan Wilderness Therapy","Monte Vista",CO,"United States",Closed,
12663,"Seeds Wilderness Therapy",Montrose,CO,"United States",Open,https://kidsoverprofits.org/facility/seeds-wilderness-therapy-co/
12664,"Spring Creek Youth Services Center","Colorado Springs",CO,"United States",Open,
12665,"Summit Youth Services Center",Golden,CO,"United States",Open,
12666,"Tennyson Center for Children",Denver,CO,"United States",Open,https://kidsoverprofits.org/facility/tennyson-center-for-children-co/
12667,"The Link School","Buena Vista",CO,"United States",Open,https://kidsoverprofits.org/facility/the-link-school-co/
12669,"Wilderness Opportunities","Crested Butte",CO,"United States",Closed,
12670,"Willow Point Youth Services Center",Denver,CO,"United States",Open,
12671,"Zebulon Pike Youth Services Center","Colorado Springs",CO,"United States",Open,https://kidsoverprofits.org/facility/zebulon-pike-youth-services-center-co/
12672,"The Glenholme School",Washington,CT,"United States",Open,https://kidsoverprofits.org/facility/the-glenholme-school-ct/
12673,"Newport Academy – Double Hill",Bethlehem,CT,"United States",Open,https://kidsoverprofits.org/facility/newport-academy-double-hill-ct/
12674,"Newport Academy – Todd Hill",Bethlehem,CT,"United States",Open,https://kidsoverprofits.org/facility/newport-academy-todd-hill-ct/
12675,"Connecticut Juvenile Training School",Middletown,CT,"United States",Closed,
12676,"Elmcrest Psychiatric Hospital",Portland,CT,"United States",Closed,https://kidsoverprofits.org/facility/elmcrest-psychiatric-hospital-ct/
12677,"Forman School",Litchfield,CT,"United States",Open,
12678,"Franklin Academy","East Haddam",CT,"United States",Open,
12679,"Grove School",Madison,CT,"United States",Open,https://kidsoverprofits.org/facility/grove-school-ct/
12680,"Silver Hill Hospital Klingenstein House","New Canaan",CT,"United States",Open,
12681,"The Woodhall School",Bethlehem,CT,"United States",Open,https://kidsoverprofits.org/facility/the-woodhall-school-ct/
12682,Turnbridge,"New Haven",CT,"United States",Open,https://kidsoverprofits.org/facility/turnbridge-ct/
12683,Wellspring,Bethlehem,CT,"United States",Open,https://kidsoverprofits.org/facility/wellspring-ct/
12684,"Chrysalis Therapeutic Boarding School",Eureka,MT,"United States",Open,https://kidsoverprofits.org/facility/chrysalis-therapeutic-boarding-school-mt/
12686,"Triple Divide Lodge",Marion,MT,"United States",Closed,https://kidsoverprofits.org/facility/triple-divide-lodge-mt/
12687,"Camas Ranch",Plains,MT,"United States",Closed,https://kidsoverprofits.org/facility/camas-ranch-mt/
12688,"Acadia Montana",Butte,MT,"United States",Closed,https://kidsoverprofits.org/facility/acadia-montana-mt/
12689,"Affinity Foundation",Eureka,MT,"United States",Open,
12693,"Bitterroot Homestead",Marion,MT,"United States",Closed,
12694,"Bootstrap Ranch High School",Belgrade,MT,"United States",Open,
12695,"Building Bridges Inc.","Thompson Falls",MT,"United States",Open,https://kidsoverprofits.org/facility/building-bridges-inc-mt/
12696,"Canaan’s Land Boys Ranch",Deborgia,MT,"United States",Closed,
12698,"Clearview Girls Academy",Heron,MT,"United States",Open,https://kidsoverprofits.org/facility/clearview-girls-academy-mt/
12699,"Cougar Mountain Ranch","Thompson Point",MT,"United States",Closed,
12700,"Dancing Moon Ranch",Chinook,MT,"United States",Closed,
12701,"Deep Springs Ranch for Kids",Rexford,MT,"United States",Closed,https://kidsoverprofits.org/facility/deep-springs-ranch-for-kids-mt/
12702,"Desert Mountain Youth Care Facility","Hungry Horse",MT,"United States",Closed,
12703,"Elk Creek Academy",Heron,MT,"United States",Closed,
12704,"Explorations Montana","Trout Creek",MT,"United States",Open,
12705,"Gateway Freedom Ranch",Eureka,MT,"United States",Closed,https://kidsoverprofits.org/facility/gateway-freedom-ranch-mt/
12707,"Inner Roads Wilderness Program",Missoula,MT,"United States",Open,
12708,"Intermountain Deaconess Home",Helena,MT,"United States",Open,
12709,"Loveland Farms School",Noxon,MT,"United States",Closed,
12710,"Mission Mountain School",Condon,MT,"United States",Closed,https://kidsoverprofits.org/facility/mission-mountain-school-mt/
12711,"Missoula Sunrise Children’s Home",Missoula,MT,"United States",Open,
12712,"Monarch School",Heron,MT,"United States",Closed,https://kidsoverprofits.org/facility/monarch-school-mt/
12713,"Montana Academy",Marion,MT,"United States",Closed,https://kidsoverprofits.org/facility/montana-academy-mt/
12715,"New Horizons Youth Ranch",Rexford,MT,"United States",Open,
12716,"Pathways Treatment Center",Kalispell,MT,"United States",Closed,
12717,"Petty Creek Ranch",Alberton,MT,"United States",Open,https://kidsoverprofits.org/facility/petty-creek-ranch-mt/
12718,"Pine Hills Correctional Facility","Miles City",MT,"United States",Open,https://kidsoverprofits.org/facility/pine-hills-correctional-facility-mt/
12719,"Pinehaven Christian Children’s Ranch","Saint Ignatius",MT,"United States",Open,
12720,Possibilities,"Trout Creek",MT,"United States",Closed,
12721,"Prosper Treatment",Troy,MT,"United States",Open,
12722,"Ranch for Kids",Rexford,MT,"United States",Closed,
12723,"Reflections Academy","Thompson Falls",MT,"United States",Closed,https://kidsoverprofits.org/facility/reflections-academy-mt/
12724,"Rising Peak Academy","Columbia Falls",MT,"United States",Open,
12725,"Riverview Academy","Thompson Falls",MT,"United States",Closed,
12726,"Rocky Top Academy",Anaconda,MT,"United States",Closed,
12727,"Shodair RTC",Helena,MT,"United States",Open,
12728,"Sparrows Nest of Northwest Montana",Kalispell,MT,"United States",Closed,
12730,"Star Peak Crossing","Thompson Falls",MT,"United States",Open,
12731,"Summit Preparatory School",Kalispell,MT,"United States",Closed,https://kidsoverprofits.org/facility/summit-preparatory-school-mt/
12732,"Swan Valley Youth Academy","Swan Lake",MT,"United States",Closed,https://kidsoverprofits.org/facility/swan-valley-youth-academy-mt/
12733,"Three Rivers Montana",Hamilton,MT,"United States",Closed,
12734,"Turning Point Behavioral Academy",Eureka,MT,"United States",Open,
12735,"Turning Winds Academic Institute",Troy,MT,"United States",Open,https://kidsoverprofits.org/facility/turning-winds-academic-institute-mt/
12736,"Wilderness Ranch",Marion,MT,"United States",Closed,
12737,"Wilderness Treatment Center",Marion,MT,"United States",Closed,https://kidsoverprofits.org/facility/wilderness-treatment-center-mt/
12740,"Youth Dynamics","Great Falls",MT,"United States",Open,
12741,"Youth Homes",Missoula,MT,"United States",Open,
12742,"Sandhill Child Development Center","Los Lunas",NM,"United States",Open,https://kidsoverprofits.org/facility/sandhill-child-development-center-nm/
12743,"Bernalillo Academy",Albuquerque,NM,"United States",Closed,https://kidsoverprofits.org/facility/bernalillo-academy-nm/
12744,"Albuquerque Boys Reintegration Center",Albuquerque,NM,"United States",Open,https://kidsoverprofits.org/facility/albuquerque-boys-reintegration-center-nm/
12745,"Albuquerque Girls Reintegration Center","NE Albuquerque",NM,"United States",Open,https://kidsoverprofits.org/facility/albuquerque-girls-reintegration-center-nm/
12746,"AMIkids Sandoval",Cuba,NM,"United States",Open,
12747,"Camino Nuevo Youth Center",Albuquerque,NM,"United States",Open,
12748,"Desert Hills of New Mexico Sub-Acute Unit",Albuquerque,NM,"United States",Closed,https://kidsoverprofits.org/facility/desert-hills-of-new-mexico-sub-acute-unit-nm/
12749,"Eagle Nest Reintegration Center","Eagle Nest",NM,"United States",Open,https://kidsoverprofits.org/facility/eagle-nest-reintegration-center-nm/
12750,"John Paul Taylor Center","Las Cruces",NM,"United States",Open,https://kidsoverprofits.org/facility/john-paul-taylor-center-nm/
12752,"New Mexico Behavioral Health Institute CARE Unit","Las Vegas",NM,"United States",Open,
12753,"Rancho Valmora",Valmora,NM,"United States",Closed,
12754,"San Cristobal Ranch Academy","San Cristobal",NM,"United States",Closed,https://kidsoverprofits.org/facility/san-cristobal-ranch-academy-nm/
12755,"San Juan County Juvenile Services",Farmington,NM,"United States",Open,
12756,"Sequoyah Adolescent Treatment Center",Albuquerque,NM,"United States",Open,
12757,"Tierra Blanca Ranch",Hillsboro,NM,"United States",Closed,
12758,"Wilderness Odyssey",Ruidoso,NM,"United States",Open,
12759,"Youth Diagnostic & Development Center",Albuquerque,NM,"United States",Open,https://kidsoverprofits.org/facility/youth-diagnostic-development-center-nm/
12762,"Albert Elias Residential Community Home at Johnstone",Bordentown,NJ,"United States",Open,
12763,"Arthur Brisbane Child Treatment Center",Farmingdale,NJ,"United States",Closed,https://kidsoverprofits.org/facility/arthur-brisbane-child-treatment-center-nj/
12764,"Bancroft – Campus Residential Treatment Program","Mt. Laurel",NJ,"United States",Open,
12765,"Bancroft – The Lindens Neurobehavioral Program","Mt. Laurel",NJ,"United States",Open,
12766,"Bergen County Juvenile Detention Center",Teterboro,NJ,"United States",Open,
12767,"Camden County Youth Center",Blackwood,NJ,"United States",Open,
12768,"Camden Residential Community Home",Camden,NJ,"United States",Open,
12769,"Campus Residential Community Home",Blackwood,NJ,"United States",Open,
12770,"Chartwell Manor School","Mendham Township",NJ,"United States",Closed,
12771,"Devereux – Morristown",Morristown,NJ,"United States",Closed,
12772,"East Mountain Youth Lodge – Carrier Clinic","Belle Mead",NJ,"United States",Open,
12773,"Essex Residential Community Home",Newark,NJ,"United States",Open,
12774,"Fresh Start Residential Community Home",Farmingdale,NJ,"United States",Open,
12775,"Green Residential Community Home",Ringwood,NJ,"United States",Open,
12776,"Harborfields Atlantic Youth Center","Egg Harbor City",NJ,"United States",Open,
12777,"Juvenile Medium Security Facility",Bordentown,NJ,"United States",Open,
12778,"Legacy Treatment Services Children’s Home","Mount Holly",NJ,"United States",Open,
12779,"Legacy Treatment Services Community Residences for Children","Somerset County",NJ,"United States",Open,
12780,"Manor Woods Residential Community Home","Mays Landing",NJ,"United States",Open,
12781,"Middlesex County Youth Center","North Brunswick",NJ,"United States",Open,
12782,"Morris County Juvenile Detention Center",Morristown,NJ,"United States",Open,
12783,"New Jersey Training School","Monroe Township",NJ,"United States",Open,
12784,"Ocean County Juvenile Detention Center","Toms River",NJ,"United States",Open,
12785,"Ocean Residential Community Home","Forked River",NJ,"United States",Open,
12786,"Pinelands Residential Community Home,",Chatsworth,NJ,"United States",Open,
12787,"Rutgers University Behavioral Health Care CAIS",Piscataway,NJ,"United States",Open,
12788,"Southern Residential Community Home","Egg Harbor City",NJ,"United States",Open,
12789,"The Capital Transition",Trenton,NJ,"United States",Open,
12790,"The Female Secure Care and Intake Facility",Bordentown,NJ,"United States",Open,
12791,"Vineland Preparatory Academy",Vineland,NJ,"United States",Open,
12792,"Voorhees Residential Community Home","Glen Gardner",NJ,"United States",Open,
12793,"Warren Residential Community Home",Oxford,NJ,"United States",Open,
12794,"D.O.V.E.S. Residential Community Home",Hopewell,NJ,"United States",Open,https://kidsoverprofits.org/facility/d-o-v-e-s-residential-community-home-nj/
12795,"New Hope Integrated Behavioral Healthcare",,NJ,"United States",Open,
12796,"Costello Prep Residential Community Home",,NJ,"United States",Open,
12797,"Newport Academy – Gratitude","Great Falls",VA,"United States",Open,https://kidsoverprofits.org/facility/newport-academy-gratitude-va/
12798,"Newport Academy – Kurtz",McLean,VA,"United States",Open,https://kidsoverprofits.org/facility/newport-academy-kurtz-va/
12799,"Eastern Appalachian Teen Challenge",Roanoke,VA,"United States",Open,https://kidsoverprofits.org/facility/eastern-appalachian-teen-challenge-va/
12800,"Cumberland Hospital for Children and Adolescents","New Kent",VA,"United States",Open,https://kidsoverprofits.org/facility/cumberland-hospital-for-children-and-adolescents-va/
12801,"Harbor Point Behavioral Health Center",Portsmouth,VA,"United States",Open,https://kidsoverprofits.org/facility/harbor-point-behavioral-health-center-va/
12803,"Liberty Point Behavioral Healthcare Secure Residential Treatment",Staunton,VA,"United States",Open,https://kidsoverprofits.org/facility/liberty-point-behavioral-healthcare-secure-residential-treatment-va/
12804,"Newport News Behavioral Health Center RTF","Newport News",VA,"United States",Open,https://kidsoverprofits.org/facility/newport-news-behavioral-health-center-rtf-va/
12805,"North Spring Behavioral Healthcare Horizons Program",Leesburg,VA,"United States",Unknown,https://kidsoverprofits.org/facility/north-spring-behavioral-healthcare-horizons-program-va/
12806,"North Spring Behavioral Healthcare Sunrise Program",Leesburg,VA,"United States",Unknown,https://kidsoverprofits.org/facility/north-spring-behavioral-healthcare-sunrise-program-va/
12807,"North Spring Behavioral Healthcare Trailblazers Program",Leesburg,VA,"United States",Unknown,https://kidsoverprofits.org/facility/north-spring-behavioral-healthcare-trailblazers-program-va/
12808,"Pines Residential Treatment Center",Portsmouth,VA,"United States",Unknown,https://kidsoverprofits.org/facility/pines-residential-treatment-center-va/
12809,"Poplar Springs Hospital RTC",Petersburg,VA,"United States",Open,https://kidsoverprofits.org/facility/poplar-springs-hospital-rtc-va/
12810,"The Hughes Center",Danville,VA,"United States",Open,https://kidsoverprofits.org/facility/the-hughes-center-va/
12812,"Alpha House I",Petersburg,VA,"United States",Open,
12813,"Alpha House II",Petersburg,VA,"United States",Open,
12814,"Anchor House Group Home",Martinsville,VA,"United States",Open,
12815,"Argus House Group Home",Arlington,VA,"United States",Open,
12816,"Aurora House Group Home","Falls Church",VA,"United States",Open,
12817,"Blackwater Outdoor Experiences",Midlothian,VA,"United States",Closed,
12818,"Blue Ridge Juvenile Detention Center",Charlottesville,VA,"United States",Open,
12820,"Bon Air Juvenile Correctional Center",Richmond,VA,"United States",Open,
12821,"Bridges Treatment Center",Lynchburg,VA,"United States",Open,
12822,"Cabrini Children’s Center: Commonwealth Catholic Charities",Richmond,VA,"United States",Open,
12823,"Carlbrook School","South Boston",VA,"United States",Closed,https://kidsoverprofits.org/facility/carlbrook-school-va/
12824,"Chaplin Youth Center Group Home",Fredericksburg,VA,"United States",Open,
12826,"Chesterfield Juvenile Detention Center",Chesterfield,VA,"United States",Open,
12827,"Child & Family Healing Center at UMFS",Richmond,VA,"United States",Open,
12828,"Childhelp USA",", Lignum",VA,"United States",Open,
12829,"Courage House – Youth for Tomorrow",Bristow,VA,"United States",Open,
12830,"Crater Juvenile Detention Center",Disputanta,VA,"United States",Open,
12831,"Elk Hill Farm, Inc.",Charlottesville,VA,"United States",Open,
12832,"Elk Hill Farm, Inc. – Amani House",Chesterfield,VA,"United States",Open,
12833,"Elk Hill Farm, Inc.- Duncan Cottage",Goochland,VA,"United States",Open,
12834,"Elk Hill Farm, Inc.- Massie Cottage",Goochland,VA,"United States",Open,
12835,"Elk Hill Farm, Inc.- Spring Garden","Bremo Bluff",VA,"United States",Open,
12836,"Fairfax Juvenile Court Shelter",Fairfax,VA,"United States",Open,
12837,"Fairfax Juvenile Detention Center",Fairfax,VA,"United States",Open,
12838,"Foundations for Hope, Inc.",Bristol,VA,"United States",Closed,
12839,"Foundations Group Home",Fairfax,VA,"United States",Open,
12840,"Gatewood – Jordan House",Richmond,VA,"United States",Open,
12841,"Gladys Lee Girls Level C- B- Youth for Tomorrow",Bristow,VA,"United States",Open,
12842,"Gladys Lee House – Youth for Tomorrow",Bristow,VA,"United States",Open,
12843,"Grafton – 190 Village Court Group Home",Winchester,VA,"United States",Open,
12844,"Grafton – 920 Frederick Avenue Group Home",Winchester,VA,"United States",Open,
12845,"Grafton – 930 Frederick Avenue Group Home",Winchester,VA,"United States",Open,
12846,"Grafton – 940 Frederick Avenue Group Home",Winchester,VA,"United States",Open,
12847,"Grafton – 950 Frederick Avenue Group Home",Winchester,VA,"United States",Open,
12848,"Grafton – Bantry Drive Group Home",Midlothian,VA,"United States",Open,
12849,"Grafton – Barkbridge Road Group Home",Chesterfield,VA,"United States",Open,
12850,"Grafton – Berryville RTC",Berryville,VA,"United States",Open,
12851,"Grafton – Carter Place Group Home",Winchester,VA,"United States",Open,
12852,"Grafton – Heidi Terrace Group Home",Midlothian,VA,"United States",Open,
12853,"Grafton – Hilltop Group Home",Winchester,VA,"United States",Open,
12854,"Grafton – Kappa Group Home","Stephens City",VA,"United States",Open,
12855,"Grafton – Lauren Lane Group Home",Midlothian,VA,"United States",Open,
12856,"Grafton – Martinsburg Pike Group Home",Winchester,VA,"United States",Open,
12857,"Grafton – Ruth Birch Campus",Winchester,VA,"United States",Open,
12858,"Grafton – Sleepy Hill Group Home",Richmond,VA,"United States",Open,
12859,"Graydon Manor",Leesburg,VA,"United States",Closed,https://kidsoverprofits.org/facility/graydon-manor-va/
12860,"Hallmark Youthcare – Richmond, Inc.",Richmond,VA,"United States",Open,
12861,"Harvest Free Will Baptist Child Care Ministries Inc.",Duffield,VA,"United States",Open,
12862,"Henrico Juvenile Detention Center",Richmond,VA,"United States",Open,
12863,"Henry and William Evans Home",Winchester,VA,"United States",Open,
12864,"Highlands Juvenile Detention Center",Bristol,VA,"United States",Open,
12865,"HopeTree Family Services",Salem,VA,"United States",Open,
12866,"Intercept Health – Carriage House",Roanoke,VA,"United States",Open,
12867,"Intercept Health- Autumn House",Roanoke,VA,"United States",Open,
12868,"Intercept Health- Fountain House",Chesterfield,VA,"United States",Open,
12869,"Intercept Health- Gateway",Richmond,VA,"United States",Open,
12870,"Intercept Health- Independence House",Richmond,VA,"United States",Open,
12871,"Intercept Health- Providence House",Richmond,VA,"United States",Open,
12872,"Intercept Health- Shenandoah House",Timberville,VA,"United States",Open,
12873,"Intercept Health- Shire House",Chester,VA,"United States",Open,
12874,"Intercept Health- Spring House",Richmond,VA,"United States",Open,
12875,"Intercept Health- Vision House",Chesterfield,VA,"United States",Open,
12876,"Jackson-Feild Homes",Jarratt,VA,"United States",Open,
12877,"James River Juvenile Detention Center",Goochland,VA,"United States",Open,
12878,"Joy Ranch, Inc.",Woodlawn,VA,"United States",Open,
12881,"Liberty Godparent Home",Lynchburg,VA,"United States",Open,
12882,"Linton Hall Military School",Bristow,VA,"United States",Open,https://kidsoverprofits.org/facility/linton-hall-military-school-va/
12883,"Loudon County Youth Group Home",Leesburg,VA,"United States",Open,
12884,"Loudoun Co. RISE Youth Shelter Care Program",Leesburg,VA,"United States",Open,
12885,"Loudoun Juvenile Detention Center",Leesburg,VA,"United States",Open,
12886,"Lynchburg Regional Juvenile Detention Center",Lynchburg,VA,"United States",Open,
12887,"Lynchburg Youth Group Home",Lynchburg,VA,"United States",Open,
12888,"Maple Hall Academy",Lexington,VA,"United States",Closed,https://kidsoverprofits.org/facility/maple-hall-academy-va/
12889,"Massanutten Military Academy",Woodstock,VA,"United States",Open,
12890,"Merrimac Juvenile Detention Center",Williamsburg,VA,"United States",Open,
12891,"Mission Prep Teen Treatment",Waterford,VA,"United States",Open,
12892,"Molinari Juvenile Shelter",Manassas,VA,"United States",Open,
12893,"Mountain Mission School",Grundy,VA,"United States",Open,
12894,"New River Valley Juvenile Detention Facility",Christiansburg,VA,"United States",Open,
12895,"Norfolk Juvenile Detention Center",Norfolk,VA,"United States",Open,
12896,"North Spring Behavioral Healthcare Inc",Leesburg,VA,"United States",Open,https://kidsoverprofits.org/facility/north-spring-behavioral-healthcare-inc-va/
12897,"Northern Virginia Juvenile Detention Center",Alexandria,VA,"United States",Open,
12898,"Northwestern Regional Juvenile Detention Home",Winchester,VA,"United States",Open,
12899,"Piedmont Juvenile Detention Center",Farmville,VA,"United States",Open,
12900,"Pines Residential RTC: Crawford Center",Portsmouth,VA,"United States",Open,
12901,"Pines RTC: Brighton Campus",Portsmouth,VA,"United States",Open,
12902,"Presbyterian Children’s Home of the Highland",Wytheville,VA,"United States",Open,
12903,"Prince William Juvenile Detention Center",Manassas,VA,"United States",Open,
12904,"Randolph-Macon Academy","Front Royal",VA,"United States",Open,
12905,"Rappahannock Juvenile Detention Center",Stafford,VA,"United States",Open,
12906,"Remuda East",Milford,VA,"United States",Open,
12907,"Restorative Youth Services",Stafford,VA,"United States",Open,https://kidsoverprofits.org/facility/restorative-youth-services-va/
12908,"Richmond Juvenile Detention Center",Richmond,VA,"United States",Open,
12909,"Roanoke Valley Juvenile Detention Center",Roanoke,VA,"United States",Open,
12910,"Seton House Youth SHelter","Virginia Beach",VA,"United States",Open,
12911,"Sheltercare NOVA Group Home",Alexandria,VA,"United States",Open,
12912,"Shenandoah Valley Juvenile Detention Home",Staunton,VA,"United States",Open,
12913,"STARS Program- Gemini House",Charlottesville,VA,"United States",Open,
12914,"STARS Program- Orion House",Charlottesville,VA,"United States",Open,
12915,"STARS Program- Phoenix House",Charlottesville,VA,"United States",Open,
12916,"Stepping Stones Group Home",Fairfax,VA,"United States",Open,
12917,"The Barry Robinson Center",Norfolk,VA,"United States",Open,
12918,"The Discovery Schools of Virginia",Dillwyn,VA,"United States",Open,https://kidsoverprofits.org/facility/the-discovery-schools-of-virginia-va/
12919,"Timber Ridge School","Cross Junction",VA,"United States",Open,
12920,"Turning Point Home for Boys",Woodbridge,VA,"United States",Open,
12921,"Virginia Beach Juvenile Detention Center","Virginia Beach",VA,"United States",Open,
12922,"Virginia Home for Boys and Girls",Henrico,VA,"United States",Open,
12923,"W.W. Moore, Jr. Detention Home",Danville,VA,"United States",Open,
12924,"Wellspring Academy",Sutherlin,VA,"United States",Closed,
12925,"Westhaven Boys’ Group Home",Portsmouth,VA,"United States",Open,
12926,"Wilderness Leadership Academy","New Castle",VA,"United States",Closed,
12927,"Braley & Thompson ACCT House",,VA,"United States",Open,
12929,"Newport Academy – Seattle",Kirkland,WA,"United States",Open,https://kidsoverprofits.org/facility/newport-academy-seattle-wa/
12930,"Alpine Boys Ranch",Leavenworth,WA,"United States",Closed,https://kidsoverprofits.org/facility/alpine-boys-ranch-wa/
12932,"Benton & Franklin Juvenile Center",Kennewick,WA,"United States",Open,
12933,"Canyon View Community Facility","East Wenatchee",WA,"United States",Open,
12934,"Center for Discovery – Bellevue",Bellevue,WA,"United States",Closed,
12935,"Center for Discovery – Edmonds",Edmonds,WA,"United States",Open,
12936,"Chelan County Juvenile Center",Wenatchee,WA,"United States",Open,
12937,"Child Study and Treatment Center",Lakewood,WA,"United States",Open,https://kidsoverprofits.org/facility/child-study-and-treatment-center-wa/
12938,"Circle S Recovery Ranch",Leavenworth,WA,"United States",Closed,
12939,"Clallam County Juvenile Detention","Port Angeles",WA,"United States",Open,
12940,"Clark County Juvenile Justice",Vancouver,WA,"United States",Open,
12942,"Cowlitz Youth Services Center",Longview,WA,"United States",Open,
12943,"Daybreak Youth Services",Spokane,WA,"United States",Closed,https://kidsoverprofits.org/facility/daybreak-youth-services-wa/
12944,"Denney Juvenile Justice Center",Everett,WA,"United States",Open,https://kidsoverprofits.org/facility/denney-juvenile-justice-center-wa/
12945,"Echo Glen Children’s Center",Snoqualmie,WA,"United States",Open,https://kidsoverprofits.org/facility/echo-glen-children-s-center-wa/
12946,"Flying H Youth Ranch",Naches,WA,"United States",Open,
12947,"Gray Harbor County Juvenile Services",Aberdeen,WA,"United States",Open,
12948,"Green Hill School",Chehalis,WA,"United States",Open,
12949,"Kitsap County Juvenile Detention","Port Orchard",WA,"United States",Open,
12950,"Martin Hall Juvenile Facility","Medical Lake",WA,"United States",Open,https://kidsoverprofits.org/facility/martin-hall-juvenile-facility-wa/
12951,"Mason County Juvenile Detention",Shelton,WA,"United States",Open,
12953,"Morning Star Boys Ranch",Spokane,WA,"United States",Open,https://kidsoverprofits.org/facility/morning-star-boys-ranch-wa/
12954,"Oakridge Community Facility",Lakewood,WA,"United States",Open,
12955,"Okanogan County Juvenile Detention",Okanogan,WA,"United States",Open,
12956,"Olympia Kiwanis Boys Ranch",Olympia,WA,"United States",Closed,
12957,"Parke Creek Community Facility",Ellensburg,WA,"United States",Open,
12958,"Pearl Youth Residence",Tacoma,WA,"United States",Open,https://kidsoverprofits.org/facility/pearl-youth-residence-wa/
12959,"Remann Hall Pierce County Juvenile Detention Center",Tacoma,WA,"United States",Open,
12960,"ReSTART Leadership Academy",Monroe,WA,"United States",Open,
12961,"Ridgeview Community Facility",Yakima,WA,"United States",Open,
12962,"Rites of Passage Wilderness Therapy NW",Shelton,WA,"United States",Closed,
12963,"Ryther Child Center",Seattle,WA,"United States",Open,
12964,"Sea Mar CHC – Renacer Youth Treatment Center",Seattle,WA,"United States",Open,
12965,"Seattle Children’s Home",Seattle,WA,"United States",Closed,
12966,"Secret Harbor School",Burlington,WA,"United States",Closed,https://kidsoverprofits.org/facility/secret-harbor-school-wa/
12968,"Shelton Juvenile Detention Center",Shelton,WA,"United States",Open,
12969,"Skagit County Juvenile Detention","Mount Vernon",WA,"United States",Open,
12970,"Skyland Ranch","Gold Bar",WA,"United States",Closed,
12971,"Smokey Point Behavioral Hospital",Marysville,WA,"United States",Open,
12972,"Spokane County Juvenile Court Services",Spokane,WA,"United States",Open,
12973,"Straight Arrow Apex",Northport,WA,"United States",Closed,
12974,"Sundown M Ranch",Yakima,WA,"United States",Open,https://kidsoverprofits.org/facility/sundown-m-ranch-wa/
12975,"Sunrise Community Facility",Ephrata,WA,"United States",Open,
12976,"Tamarac Center",Spokane,WA,"United States",Open,https://kidsoverprofits.org/facility/tamarac-center-wa/
12977,"The Martin Center",Bellingham,WA,"United States",Closed,
12978,"Thurston County Juvenile Detention",Turnwater,WA,"United States",Open,
12979,"Touchstone Community Facility",Olympia,WA,"United States",Open,
12980,"Twin Rivers Community Facility",", Richland",WA,"United States",Open,
12981,"Two Rivers Landing",Yakima,WA,"United States",Open,https://kidsoverprofits.org/facility/two-rivers-landing-wa/
12983,"Walla Walla/Columbia County Juvenile Detention","Walla Walla",WA,"United States",Open,
12984,"Whatcom County Juvenile Detention",Bellingham,WA,"United States",Open,
12985,"Woodinville Community Facility",Kirkland,WA,"United States",Open,
12986,"Yakima County Juvenile Detention",Yakima,WA,"United States",Open,
12987,"Newport Academy – St. Cloud","St Cloud",MN,"United States",Open,https://kidsoverprofits.org/facility/newport-academy-st-cloud-mn/
12988,"PrairieCare Residential Services","Maple Grove",MN,"United States",Open,https://kidsoverprofits.org/facility/prairiecare-residential-services-mn/
12989,"180 Degrees Inc.","St. Paul",MN,"United States",Open,https://kidsoverprofits.org/facility/180-degrees-inc-mn/
12990,"180 Degrees Inc. – Hope House",Excelsior,MN,"United States",Open,https://kidsoverprofits.org/facility/180-degrees-inc-hope-house-mn/
12991,"180 Degrees Inc. – St. Cloud","St Cloud",MN,"United States",Open,
12992,"180 Degrees Inc. – VonWald Group Home",Rochester,MN,"United States",Open,
12993,"Adolescent Residential Substance Abuse Program",Maplewood,MN,"United States",Open,https://kidsoverprofits.org/facility/adolescent-residential-substance-abuse-program-mn/
12994,"Ain Dah Yung Cener","St Paul",MN,"United States",Open,https://kidsoverprofits.org/facility/ain-dah-yung-cener-mn/
12995,"Anna Westin House Adolescent and Young Adult","St. Paul",MN,"United States",Open,https://kidsoverprofits.org/facility/anna-westin-house-adolescent-and-young-adult-mn/
12996,"Anna Westin House West",Minneapolis,MN,"United States",Open,
12997,"Anoka County Juvenile Center","Lino Lakes",MN,"United States",Open,https://kidsoverprofits.org/facility/anoka-county-juvenile-center-mn/
12998,"Anoka County Juvenile Center – Nonsecure","Lino Lakes",MN,"United States",Open,https://kidsoverprofits.org/facility/anoka-county-juvenile-center-nonsecure-mn/
12999,"Anthony Louis Center North",Blaine,MN,"United States",Open,https://kidsoverprofits.org/facility/anthony-louis-center-north-mn/
13000,"Arrowhead Juvenile Center",Duluth,MN,"United States",Open,https://kidsoverprofits.org/facility/arrowhead-juvenile-center-mn/
13001,"Avanti Center",Blaine,MN,"United States",Open,
13002,"Bar None Haven & Pathways","Oak Grove",MN,"United States",Open,
13003,"Beverly A Benjamin Youth Lodge","St Paul",MN,"United States",Open,
13004,"Boys Totem Town","St Paul",MN,"United States",Closed,
13005,"Bush Children’s Center","St Paul",MN,"United States",Open,https://kidsoverprofits.org/facility/bush-children-s-center-mn/
13006,"Cambia Hills of East Bethel","East Bethel",MN,"United States",Open,
13007,"Cedar Heights",Bloomington,MN,"United States",Open,
13008,"Children’s Residential Treatment Center",Minnetonka,MN,"United States",Open,
13009,"Divine Intervention","St Paul",MN,"United States",Open,https://kidsoverprofits.org/facility/divine-intervention-mn/
13010,"East Central Regional Juvenile Center","Lino Lakes",MN,"United States",Open,https://kidsoverprofits.org/facility/east-central-regional-juvenile-center-mn/
13011,"Elmore Academy",Elmore,MN,"United States",Open,https://kidsoverprofits.org/facility/elmore-academy-mn/
13012,"Fairview Deaconess Hospital",Minneapolis,MN,"United States",Closed,
13013,"Go Forward Residential Group Home","Grand Rapids",MN,"United States",Open,
13014,"Grafton – Cold Spring","Cold Spring",MN,"United States",Open,https://kidsoverprofits.org/facility/grafton-cold-spring-mn/
13015,"Hawkins Home",Bemidji,MN,"United States",Open,https://kidsoverprofits.org/facility/hawkins-home-mn/
13016,"Hazelden Plymouth",Plymouth,MN,"United States",Open,https://kidsoverprofits.org/facility/hazelden-plymouth-mn/
13017,"Heartland Ranch",Benson,MN,"United States",Open,https://kidsoverprofits.org/facility/heartland-ranch-mn/
13018,"Hennepin County Home School",Minnetonka,MN,"United States",Closed,
13019,"Hennepin County Juvenile Detention Center",Minneapolis,MN,"United States",Open,https://kidsoverprofits.org/facility/hennepin-county-juvenile-detention-center-mn/
13020,"Holcomb House","St. Paul",MN,"United States",Open,https://kidsoverprofits.org/facility/holcomb-house-mn/
13021,"Hope Harbor",Winona,MN,"United States",Open,https://kidsoverprofits.org/facility/hope-harbor-mn/
13022,"Hunters Place LLC",Marshall,MN,"United States",Open,
13023,"I.T.A.S.K.I.N. Juvenile Center","Grand Rapids",MN,"United States",Open,
13024,"Jelani House","St Paul",MN,"United States",Open,https://kidsoverprofits.org/facility/jelani-house-mn/
13025,"Kadiri House",Minneapolis,MN,"United States",Open,https://kidsoverprofits.org/facility/kadiri-house-mn/
13026,"Leo A Hoffmann Center","St Peter",MN,"United States",Open,https://kidsoverprofits.org/facility/leo-a-hoffmann-center-mn/
13027,"Little Sand East",Remer,MN,"United States",Open,
13028,"Little Sand Lakeside",Remer,MN,"United States",Open,https://kidsoverprofits.org/facility/little-sand-lakeside-mn/
13029,"Little Sand West",Remer,MN,"United States",Open,https://kidsoverprofits.org/facility/little-sand-west-mn/
13030,"Maple Lake Recovery Center","Maple Lake",MN,"United States",Open,
13031,"Mapletree Group Home",Maplewood,MN,"United States",Closed,
13032,"Mesabi Academy",Buhl,MN,"United States",Closed,
13033,"Minnesota Correctional Facility – Red Wing","Red Wing",MN,"United States",Open,
13034,"Minnesota Girls Academy","2, Bricelyn",MN,"United States",Open,https://kidsoverprofits.org/facility/minnesota-girls-academy-mn/
13035,"Minnesota Home School for Girls","Sauk Centre",MN,"United States",Closed,
13036,"Naima House",Minneapolis,MN,"United States",Open,https://kidsoverprofits.org/facility/naima-house-mn/
13037,"Nexus-East Bethel Family Healing","East Bethel",MN,"United States",Open,https://kidsoverprofits.org/facility/nexus-east-bethel-family-healing-mn/
13039,"Nexus-Mille Lacs Family Healing",Onamia,MN,"United States",Open,https://kidsoverprofits.org/facility/nexus-mille-lacs-family-healing-mn/
13040,"Nexus-Mille Lacs Family Healing Andover GH",Andover,MN,"United States",Open,
13041,"Nexus-Mille Lacs Family Healing New Trails GH",Onamia,MN,"United States",Open,https://kidsoverprofits.org/facility/nexus-mille-lacs-family-healing-new-trails-gh-mn/
13042,"North Homes Boys Program","Grand Rapids",MN,"United States",Open,
13043,"North Homes Boys TNT","Grand Rapids",MN,"United States",Open,https://kidsoverprofits.org/facility/north-homes-boys-tnt-mn/
13044,"North Homes Cottage","Grand Rapids",MN,"United States",Open,https://kidsoverprofits.org/facility/north-homes-cottage-mn/
13045,"North Homes Teens in Transition Next Step","Grand Rapids",MN,"United States",Open,
13046,"Northwestern Minnesota Juvenile Center",Bemidji,MN,"United States",Open,https://kidsoverprofits.org/facility/northwestern-minnesota-juvenile-center-mn/
13047,"Northwood Children’s Services",Duluth,MN,"United States",Open,https://kidsoverprofits.org/facility/northwood-children-s-services-mn/
13048,"Northwood Children’s Services – West Campus",Duluth,MN,"United States",Open,https://kidsoverprofits.org/facility/northwood-children-s-services-west-campus-mn/
13049,"On-Belay House",Plymouth,MN,"United States",Open,https://kidsoverprofits.org/facility/on-belay-house-mn/
13050,"Park Nicollet Melrose Center","St Louis Park",MN,"United States",Open,https://kidsoverprofits.org/facility/park-nicollet-melrose-center-mn/
13051,Passageways,"Prior Lake",MN,"United States",Open,https://kidsoverprofits.org/facility/passageways-mn/
13052,"Phoenix Lake Crystal East","Lake Crystal",MN,"United States",Open,https://kidsoverprofits.org/facility/phoenix-lake-crystal-east-mn/
13053,"Phoenix Lake Crystal West","Lake Crystal",MN,"United States",Open,https://kidsoverprofits.org/facility/phoenix-lake-crystal-west-mn/
13054,"Phoenix Recovery Programs Inc – Maplewood",Maplewood,MN,"United States",Open,
13055,"Phoenix Recovery Programs Inc – White Bear Lake","White Bear Lake",MN,"United States",Open,
13056,"PORT Group Homes Boys",Brainerd,MN,"United States",Open,https://kidsoverprofits.org/facility/port-group-homes-boys-mn/
13057,"PORT Group Homes Girls",Brainerd,MN,"United States",Open,https://kidsoverprofits.org/facility/port-group-homes-girls-mn/
13058,"Prairie House Recovery",Monticello,MN,"United States",Open,
13059,"Prairie Lakes Juvenile Detention Center – Nonsecure",Willmar,MN,"United States",Open,
13060,"Prairie Lakes Juvenile Detention Center – Secure",Willmar,MN,"United States",Open,
13061,"Prairie Lakes Youth Programs – Boys Group Home",Willmar,MN,"United States",Open,
13062,"Prairie Lakes Youth Programs – Girls Group Home",Willmar,MN,"United States",Open,
13063,"Ramsey County Juvenile Detention Center","Saint Paul",MN,"United States",Open,https://kidsoverprofits.org/facility/ramsey-county-juvenile-detention-center-mn/
13064,"Rebound Inc. – Jordan House",Minneapolis,MN,"United States",Closed,
13065,"Red River Valley Juvenile Center",Crookston,MN,"United States",Open,https://kidsoverprofits.org/facility/red-river-valley-juvenile-center-mn/
13066,"Scott County Juvenile Alternative Facility",Jordan,MN,"United States",Open,https://kidsoverprofits.org/facility/scott-county-juvenile-alternative-facility-mn/
13067,"Second Chances",Granada,MN,"United States",Open,
13068,"Sol House",Duluth,MN,"United States",Open,https://kidsoverprofits.org/facility/sol-house-mn/
13069,Soltreks,"Two Harbors",MN,"United States",Open,https://kidsoverprofits.org/facility/soltreks-mn/
13070,"Southwestern Youth Services",Magnolia,MN,"United States",Open,
13071,"Spencer House","Saint Paul",MN,"United States",Open,https://kidsoverprofits.org/facility/spencer-house-mn/
13072,"Spirit Valley Residence Program",Duluth,MN,"United States",Open,
13073,"St. Cloud Children’s Home","St Cloud",MN,"United States",Closed,
13074,"St. Croix Camp",Sandstone,MN,"United States",Closed,
13075,"St. Joseph’s Home for Children",Minneapolis,MN,"United States",Open,
13076,"The Bridge for Youth",Minneapolis,MN,"United States",Open,https://kidsoverprofits.org/facility/the-bridge-for-youth-mn/
13078,"The Loft",Duluth,MN,"United States",Open,
13079,"Valley – Lake Boys’ Home",Breckenridge,MN,"United States",Open,https://kidsoverprofits.org/facility/valley-lake-boys-home-mn/
13080,"Village Ranch Girls Program",Annandale,MN,"United States",Open,https://kidsoverprofits.org/facility/village-ranch-girls-program-mn/
13081,"Village Ranch Hutchinson House",Hutchinson,MN,"United States",Open,https://kidsoverprofits.org/facility/village-ranch-hutchinson-house-mn/
13082,"Village Ranch Residential Facility",Cokato,MN,"United States",Open,https://kidsoverprofits.org/facility/village-ranch-residential-facility-mn/
13083,"West Central Regional Juvenile Center",Moorhead,MN,"United States",Open,https://kidsoverprofits.org/facility/west-central-regional-juvenile-center-mn/
13084,"Wilson Center",Faribault,MN,"United States",Closed,
13085,Wings,Litchfield,MN,"United States",Open,https://kidsoverprofits.org/facility/wings-mn/
13087,RADIUS,Omaha,NE,"United States",Open,
13088,"Stand Fast In Freedom",Omaha,NE,"United States",Open,
13089,"Pathway Family Center",", Suite 300, Southfield",MI,"United States",Closed,https://kidsoverprofits.org/pathway-family-center/
13091,"Havenwyck Hospital Residential Impulse Disorder Program","Auburn Hills",MI,"United States",Open,https://kidsoverprofits.org/facility/havenwyck-hospital-residential-impulse-disorder-program-mi/
13092,"A Place For Kids","Farmington Hills",MI,"United States",Open,
13093,"Alpha House","Ann Arbor",MI,"United States",Open,https://kidsoverprofits.org/facility/alpha-house-mi/
13094,"Bay County Juvenile Home",Essexville,MI,"United States",Open,
13095,"Bay Pines Center",Escanaba,MI,"United States",Open,
13096,"Beacon Home at Coster","Fife Lake",MI,"United States",Open,
13097,"Beacon Home at Sandhurst",Lansing,MI,"United States",Open,
13098,"Berrien County Juvenile Center","Berrien Center",MI,"United States",Open,
13099,"Bethany Christian Services Residential Treatment","Grand Rapids",MI,"United States",Open,
13100,"Betsy’s Place Deckerville 1",Caro,MI,"United States",Open,
13101,"Betsy’s Place Deckerville 2",Caro,MI,"United States",Open,
13102,"Betsy’s Place LLC Caro",Caro,MI,"United States",Open,
13103,"Beverly House",Romulus,MI,"United States",Open,https://kidsoverprofits.org/facility/beverly-house-mi/
13104,"Boys Hope/Girls Hope",Detroit,MI,"United States",Open,
13105,"Boys to Men Group Home",Kalamazoo,MI,"United States",Open,
13106,"Calhoun County Juvenile Home",Marshall,MI,"United States",Open,
13107,"Calumet RTC","Highland Park",MI,"United States",Open,https://kidsoverprofits.org/facility/calumet-rtc-mi/
13108,"Camp Oakland Achievement Center",Oxford,MI,"United States",Open,
13109,"Camp Oakland Girls Treatment Center",Oxford,MI,"United States",Open,
13110,"Camp Oakland Life Preparation Center",Oxford,MI,"United States",Open,
13111,"CAO Home","Oak Park",MI,"United States",Open,
13112,"Catholic Charities of West Michigan","Grand Rapids",MI,"United States",Open,
13113,"Cedar Creek Teaching Family Home",Marquette,MI,"United States",Open,
13114,"Charles and Rose Kelley Open Arms",Saginaw,MI,"United States",Open,
13115,"Christ Child House",Detroit,MI,"United States",Open,
13116,"Clarence Fischer Center",Vassar,MI,"United States",Open,
13117,"Crossroads for Youth",Oxford,MI,"United States",Open,
13118,DART,"SE Kentwood",MI,"United States",Open,
13119,"Deleware Home",Southfield,MI,"United States",Open,
13121,"Detroit Capstone Academy – North Campus",Detroit,MI,"United States",Open,
13122,"Eagle Village Ashmun-Sherk",Hersey,MI,"United States",Open,
13123,"Eagle Village Gerber-Putnam",Hersey,MI,"United States",Open,
13124,"Eagle Village Hainley House",Hersey,MI,"United States",Open,
13125,"Eaton County Youth Facility – Community Based Treatment",Charlotte,MI,"United States",Open,
13126,"Ennis Center for Children – Detroit",Detroit,MI,"United States",Open,
13127,"Ennis Center for Children – Flint",Flint,MI,"United States",Open,
13128,"Ennis Center for Children – Howell",Howell,MI,"United States",Open,
13129,"Ennis Center for Children – Monroe",Monroe,MI,"United States",Open,
13130,"Ennis Center for Children – Pontiac",Pontiac,MI,"United States",Open,
13131,"Ennis Center for Children – Port Huron","Port Huron",MI,"United States",Open,
13132,"Ennis Center for Children – Saginaw",Saginaw,MI,"United States",Open,
13133,"FAFF Place",Kalamazoo,MI,"United States",Open,
13134,"Family Youth Interventions","Mount Clemens",MI,"United States",Open,
13135,"Gail’s House",Kalamazoo,MI,"United States",Open,
13136,"Genesee County Juvenile Justice Center",Flint,MI,"United States",Open,
13137,"Genesis Home",Westland,MI,"United States",Open,
13138,Girlstown,Belleville,MI,"United States",Open,
13139,"Glen’s House",Kalamazoo,MI,"United States",Open,
13140,"Great Lakes Center for Autism – Elaine Ave.",Kalamazoo,MI,"United States",Open,
13141,"Great Lakes Center for Autism Treatment & Research",Portage,MI,"United States",Open,
13142,"Great Lakes Recovery Center for Youth",Negaunee,MI,"United States",Open,
13143,"Green Haven","Saint Johns",MI,"United States",Open,
13144,"Hacienda De Luz",Kalamazoo,MI,"United States",Open,
13145,"Hanley House",Hamtramck,MI,"United States",Open,
13146,"Harbor Oaks Hospital","New Baltimore",MI,"United States",Open,https://kidsoverprofits.org/facility/harbor-oaks-hospital-mi/
13147,Highfields,Onandaga,MI,"United States",Open,
13148,"Hillsdale County Youth Home",Hillsdale,MI,"United States",Open,
13149,"Holy Cross Services – Bowman House",Detroit,MI,"United States",Open,
13150,"Holy Cross Services – King House","Clinton Township",MI,"United States",Open,
13151,"Holy Cross Services – St. Vincent Home of Saginaw",Saginaw,MI,"United States",Open,
13152,"House of Providence Boys",Holly,MI,"United States",Open,
13153,"House of Providence Girls",Oxford,MI,"United States",Open,
13154,"Indian River Teaching Family Home",Marquette,MI,"United States",Open,
13155,"Ingham County Youth Center",Lansing,MI,"United States",Open,
13156,Innerlink,Saginaw,MI,"United States",Open,
13157,"Isabella County Non-Secure Detention Home",Shepherd,MI,"United States",Open,
13158,"Jackson County Youth Center",Jackson,MI,"United States",Open,
13159,"Jamie’s House",Caro,MI,"United States",Open,
13160,"Kalamazoo County Juvenile Home",Kalamazoo,MI,"United States",Open,
13161,"Kent County Juvenile Detention Center","Grand Rapids",MI,"United States",Open,
13162,"Kevin Moody Youth Home",Lansing,MI,"United States",Open,
13163,"Keweenaw Academy",Mohawk,MI,"United States",Closed,https://kidsoverprofits.org/facility/keweenaw-academy-mi/
13164,"Lakes Area Teaching Family Home",Newberry,MI,"United States",Open,
13165,"Let’s Talk About It Girl’s Home II",Kalamazoo,MI,"United States",Open,
13166,"Let’s Talk About It Girl’s Home III",Kalamazoo,MI,"United States",Open,
13167,"Let’s Talk About It Home for Boys",Kalamazoo,MI,"United States",Open,
13168,"Lincoln RTC","Highland Park",MI,"United States",Open,https://kidsoverprofits.org/facility/lincoln-rtc-mi/
13169,"Macomb County Juvenile Justice Center","Mount Clemens",MI,"United States",Open,
13170,"Maple Lodge","Grand Rapids",MI,"United States",Open,
13171,"Maurice Spear Campus",Adrian,MI,"United States",Open,
13172,"Methodist Children’s Home",Detroit,MI,"United States",Open,
13173,"Midland County Juvenile Care Center",Midland,MI,"United States",Open,
13174,"Missaukee Wilderness Youth Home","Lake City",MI,"United States",Open,
13175,"Monroe County Youth Center",Monroe,MI,"United States",Open,
13176,"Mott Children’s Residence",Flint,MI,"United States",Open,https://kidsoverprofits.org/facility/mott-children-s-residence-mi/
13178,"New Directions – Farmington Hills","Farmington Hills",MI,"United States",Open,
13179,"North Point Home",Gaylord,MI,"United States",Open,
13180,"Oakland County Children’s Village",Pontiac,MI,"United States",Open,
13181,"Optimist House",Flint,MI,"United States",Open,https://kidsoverprofits.org/facility/optimist-house-mi/
13182,"Ottawa County Juvenile Detention Center","West Olive",MI,"United States",Open,
13184,"Paul Martin Home for Boys",Detroit,MI,"United States",Open,
13185,"Peckham Inc. Youth Home",Lansing,MI,"United States",Open,
13186,"Penrickton Center for Blind Children",Taylor,MI,"United States",Open,
13187,"Pete’s Place","Traverse City",MI,"United States",Open,
13188,"Pine Way Group North",Kalamazoo,MI,"United States",Open,
13189,"Pine Way Group South",Kalamazoo,MI,"United States",Open,
13190,"Pineview Homes",Evart,MI,"United States",Open,
13191,"Pioneer Work and Learn Center",Vassar,MI,"United States",Open,
13192,REACH,Flint,MI,"United States",Open,
13193,"Resilient – Glenmuer","Farmington Hills",MI,"United States",Open,
13194,"Roscommon County Juvenile Detention Center",Roscommon,MI,"United States",Open,
13195,"Rotary House",Flint,MI,"United States",Open,https://kidsoverprofits.org/facility/rotary-house-mi/
13196,"Samaritas – Bay",Flint,MI,"United States",Open,
13197,"Samaritas – Mid Mi",Jackson,MI,"United States",Open,
13198,"Samaritas – Oasis Home",Detroit,MI,"United States",Open,
13199,"Samaritas – Southeast",Troy,MI,"United States",Open,
13200,"Samaritas – Southwest",Kalamazoo,MI,"United States",Open,
13201,"Samaritas – West","Grand Rapids",MI,"United States",Open,
13202,"Samaritas Substance Use Disorder Services",Holland,MI,"United States",Open,
13203,"Samuel’s House","Grand Rapids",MI,"United States",Open,
13204,"Sault Tribe Youth Facility","St Ignace",MI,"United States",Open,
13205,"Shawono Center",Grayling,MI,"United States",Open,
13206,"South Bluff Teaching Family Home",Marquette,MI,"United States",Open,
13207,"St. John’s Home Residential","Grand Rapids",MI,"United States",Open,
13208,"St. Vincent Catholic Charities",Lansing,MI,"United States",Open,
13209,"Starr Commonwealth",Albion,MI,"United States",Open,https://kidsoverprofits.org/facility/starr-commonwealth-mi/
13210,"StoneCrest Center",Detroit,MI,"United States",Open,https://kidsoverprofits.org/facility/stonecrest-center-mi/
13211,"Sumpter House",Belleville,MI,"United States",Open,https://kidsoverprofits.org/facility/sumpter-house-mi/
13212,"Vassar House",Vassar,MI,"United States",Open,https://kidsoverprofits.org/facility/vassar-house-mi/
13213,"Vista Maria School for Girls","Dearborn Heights",MI,"United States",Open,https://kidsoverprofits.org/facility/vista-maria-school-for-girls-mi/
13214,"Washtenaw County Youth Center","Ann Arbor",MI,"United States",Open,
13215,"Wayne County Juvenile Detention Facility",Detroit,MI,"United States",Open,
13216,"Wedgwood Christian Services East Campus","Grand Rapids",MI,"United States",Open,
13217,"Wedgwood Christian Services Kentwood Campus","Grand Rapids",MI,"United States",Open,
13218,"Wedgwood Christian Services West Campus","Grand Rapids",MI,"United States",Open,
13219,"Wellspring Lutheran Services Gaylord",Gaylord,MI,"United States",Open,
13220,"Wellspring Lutheran Services Kentwood",Kentwood,MI,"United States",Open,
13221,"Wolverine Center",Detroit,MI,"United States",Open,
13222,"Wolverine Human Services Residential Campus",", Vassar",MI,"United States",Open,
13223,"Wolverine Secure Treatment Center",Saginaw,MI,"United States",Open,
13224,"Youth Home Allegan County",Allegan,MI,"United States",Open,
13225,"Zonta House",Flint,MI,"United States",Open,https://kidsoverprofits.org/facility/zonta-house-mi/
13227,"Fox Run Center for Children and Adolescents","St Clairsville",OH,"United States",Open,https://kidsoverprofits.org/facility/fox-run-center-for-children-and-adolescents-oh/
13228,"Adriel School","West Liberty",OH,"United States",Open,https://kidsoverprofits.org/facility/adriel-school-oh/
13230,"Beech Brook","Pepper Pike",OH,"United States",Closed,
13231,"Bellefaire JCB – Monarch Boarding Academy","Shaker Heights",OH,"United States",Open,
13232,"Bellefaire JCB ITU","Shaker Heights",OH,"United States",Open,
13233,"Bellefaire JCB Transitional Living Program","Shaker Heights",OH,"United States",Open,
13234,"Belmont Pines RTC Program",Youngstown,OH,"United States",Open,
13235,"Buckeye Youth Center",Columbus,OH,"United States",Closed,
13236,"Central Ohio Boys Residential Academy",Bremen,OH,"United States",Closed,
13237,"Central Ohio Youth Center",Marysville,OH,"United States",Open,https://kidsoverprofits.org/facility/central-ohio-youth-center-oh/
13238,"Christian Children’s Home of Ohio",Wooster,OH,"United States",Open,
13239,"Circleville JCF",Circleville,OH,"United States",Open,
13240,"Compassion Care Group",Dayton,OH,"United States",Open,
13241,"Cornell Abraxas Group, Inc.",Shelby,OH,"United States",Open,https://kidsoverprofits.org/facility/cornell-abraxas-group-inc-oh/
13243,"Eagle’s Nest Ranch & Academy","Canal Winchester",OH,"United States",Open,
13244,"F.I.R.S.T. School",Mansfield,OH,"United States",Open,
13245,"Foundations for Living",Mansfield,OH,"United States",Open,https://kidsoverprofits.org/facility/foundations-for-living-oh/
13246,"Freedom Youth Program",Cleveland,OH,"United States",Open,
13247,"Gateway to Success",Cincinnati,OH,"United States",Open,
13248,"Grand River Academy",Austinburg,OH,"United States",Open,
13249,"Hannah Neil Center for Children",Columbus,OH,"United States",Open,
13250,"Harbor House Maternity Home",Norwalk,OH,"United States",Closed,
13251,"Hillcrest Academy",Cincinnati,OH,"United States",Closed,https://kidsoverprofits.org/facility/hillcrest-academy-oh/
13252,"Indian River JCF",Massillon,OH,"United States",Open,
13253,"Jaystarr Homes 2inc.","Garfield Heights",OH,"United States",Open,
13254,Kidscope,Columbus,OH,"United States",Closed,
13255,"LHS Maumee Youth Center","Liberty Center",OH,"United States",Open,
13256,"Life’s Right Direction",Cleveland,OH,"United States",Closed,
13257,"Lincoln Behavioral Health Care Residential Facility",Youngstown,OH,"United States",Closed,
13258,"Lutheran Metropolitan Ministry",Cleveland,OH,"United States",Open,
13259,"Marion JCF",Marion,OH,"United States",Closed,
13260,"Michael’s Resource & Treatment Center",Greenville,OH,"United States",Open,
13262,"Mohican Youth Camp","Ashland County",OH,"United States",Closed,
13264,"New Beginnings RTC",Youngstown,OH,"United States",Open,
13265,"Northcutt RTC",Dayton,OH,"United States",Open,
13266,"Oesterlen Residential Intensive Treatment",Springfield,OH,"United States",Open,
13268,"Ohio River Valley JCF","Franklin Furnace",OH,"United States",Closed,
13269,"Ohio Wilderness Boys Camp",Summerfield,OH,"United States",Open,
13270,"One Way Farm",Fairfield,OH,"United States",Closed,https://kidsoverprofits.org/facility/one-way-farm-oh/
13271,"Parmadale RTC",Cleveland,OH,"United States",Open,https://kidsoverprofits.org/facility/parmadale-rtc-oh/
13272,"Raven House",Cleveland,OH,"United States",Open,
13273,"Riverview JCF",Delaware,OH,"United States",Closed,
13274,"Rose-Mary Center",Cleveland,OH,"United States",Open,https://kidsoverprofits.org/facility/rose-mary-center-oh/
13275,"Rosemont Center",Columbus,OH,"United States",Closed,
13276,"Scioto JCF",Powell,OH,"United States",Closed,
13277,"The Buckeye Ranch PRTF","Grove City",OH,"United States",Open,
13278,"The Buckeye Ranch QTRP","Grove City",OH,"United States",Open,
13279,"The Heritage of Hannah Neil",Columbus,OH,"United States",Open,
13280,"The Village Network",Wooster,OH,"United States",Open,https://kidsoverprofits.org/facility/the-village-network-oh/
13281,"Training Institute of Central Ohio",Columbus,OH,"United States",Closed,
13282,"Willow Valley Boarding Academy and Camp",Vinton,OH,"United States",Closed,
13283,"Wilson Children’s Home","West Union",OH,"United States",Open,
13284,"Young Men and Women for Change/Change Academy",Toledo,OH,"United States",Open,
13286,"Central Indiana Teen Challenge",Lebanon,IN,"United States",Unknown,https://kidsoverprofits.org/facility/central-indiana-teen-challenge-in/
13288,"Columbus Behavioral Center",Columbus,IN,"United States",Open,https://kidsoverprofits.org/facility/columbus-behavioral-center-in/
13289,"Michiana Behavioral Health Residential Program",Plymouth,IN,"United States",Unknown,https://kidsoverprofits.org/facility/michiana-behavioral-health-residential-program-in/
13290,"Midwest Center for Youth and Families Therapeutic RTC",Kouts,IN,"United States",Unknown,https://kidsoverprofits.org/facility/midwest-center-for-youth-and-families-therapeutic-rtc-in/
13291,"Valle Vista Health System Residential Treatment",Greenwood,IN,"United States",Unknown,https://kidsoverprofits.org/facility/valle-vista-health-system-residential-treatment-in/
13292,"Allen County Youth Services Center","Fort Wayne",IN,"United States",Open,
13293,"Alternative House",Gary,IN,"United States",Open,https://kidsoverprofits.org/facility/alternative-house-in/
13294,"Bartholomew County Youth Services Center",Columbus,IN,"United States",Open,
13295,"Bashor Children’s Home",Goshen,IN,"United States",Open,
13297,"Binkley House",Bloomington,IN,"United States",Open,https://kidsoverprofits.org/facility/binkley-house-in/
13298,"Campagna Academy",Schererville,IN,"United States",Open,https://kidsoverprofits.org/facility/campagna-academy-in/
13299,"Cardinal Point",Indianapolis,IN,"United States",Open,https://kidsoverprofits.org/facility/cardinal-point-in/
13300,"Childplace, Inc. – Bales Cottage for Girls",Jeffersonville,IN,"United States",Open,
13301,"Childplace, Inc. – Horizons II",Jeffersonville,IN,"United States",Open,
13302,"Children’s Bureau Inc – Family Support Center",Indianapolis,IN,"United States",Open,
13303,"Clark County Youth Shelter",Jeffersonville,IN,"United States",Open,
13304,"Compass Rose Academy",Wabash,IN,"United States",Closed,https://kidsoverprofits.org/facility/compass-rose-academy-in/
13305,"Crossroad Child & Family Services","Fort Wayne",IN,"United States",Open,
13306,"Damar Services – Group Home North","East Chicago",IN,"United States",Open,
13307,"Damar Services – Longwell Group Home",Indianapolis,IN,"United States",Open,
13308,"Damar Services – Orchard Grove Home",Indianapolis,IN,"United States",Open,
13309,"Damar Services – Pass Group Home",Indianapolis,IN,"United States",Open,
13310,"Damar Services – Sweet River Home",Indianapolis,IN,"United States",Open,
13311,"Damar Services – Tenrab Group Home",Indianapolis,IN,"United States",Open,
13312,"DePaul Academy","South Bend",IN,"United States",Open,https://kidsoverprofits.org/facility/depaul-academy-in/
13313,"Dorothy Crowley Juvenile Services Center","La Porte",IN,"United States",Open,
13314,"Franciscan St. Francis Center",Dyer,IN,"United States",Open,
13315,"Gateway Woods Family Services",Leo,IN,"United States",Open,
13316,"Gibault Children’s Services","Terre Haute",IN,"United States",Open,
13317,"Hephzibah House",Warsaw,IN,"United States",Open,
13318,"Hillcrest Youth Services",Evansville,IN,"United States",Open,
13319,"Indiana Center for Recovery Adolescents",Mishawaka,IN,"United States",Open,
13320,"Indiana Developmental Training Center",Lafayette,IN,"United States",Open,https://kidsoverprofits.org/facility/indiana-developmental-training-center-in/
13321,"Indiana Sheriffs’ Youth Ranch",Brazil,IN,"United States",Closed,
13322,"Indiana United Methodist Children’s Home – Coons Cottage",Lebanon,IN,"United States",Open,
13323,"Indiana United Methodist Children’s Home – Cottage #5",Lebanon,IN,"United States",Open,
13324,"Indiana United Methodist Children’s Home – Cottage #6",Lebanon,IN,"United States",Open,
13325,"Indiana United Methodist Children’s Home – Godwin Cottage",Lebanon,IN,"United States",Open,
13326,"Indiana United Methodist Children’s Home – Temple Cottage",Lebanon,IN,"United States",Open,
13327,"Indiana United Methodist Children’s Home – Wesley Cottage",Lebanon,IN,"United States",Open,
13328,"Jessie Levering Cary Home for Children",Lafayette,IN,"United States",Open,
13329,"Judge Robert Brown Jackson Juvenile Home",Brownstown,IN,"United States",Open,
13330,"Kids Place",Indianapolis,IN,"United States",Open,https://kidsoverprofits.org/facility/kids-place-in/
13331,"Lutheran Child and Family Services",Indianapolis,IN,"United States",Open,
13332,"Lutherwood Residential Treatment – StopGap Group Home",Indianapolis,IN,"United States",Open,
13333,"Lutherwood Residential Treatment – Trinity House Group Home",Indianapolis,IN,"United States",Open,
13334,"Michiana Behavioral Health",Plymouth,IN,"United States",Open,
13335,"Midwest Center for Youth and Families",Kouts,IN,"United States",Open,https://kidsoverprofits.org/facility/midwest-center-for-youth-and-families-in/
13336,"Neighborhood Mentoring Academy – Catherine’s Place","Fort Wayne",IN,"United States",Open,
13337,"Neighborhood Mentoring Academy – Union House I","Fort Wayne",IN,"United States",Open,
13338,"Neighborhood Mentoring Academy – Union House II","Fort Wayne",IN,"United States",Open,
13339,"New Horizons Youth Ministries",Marion,IN,"United States",Closed,
13340,Oaklawn,Mishawaka,IN,"United States",Open,https://kidsoverprofits.org/facility/oaklawn-in/
13341,"Open Arms Christian Ministries",Bloomfield,IN,"United States",Open,
13342,"Open Door Youth Services","New Albany",IN,"United States",Open,
13343,"Options Behavioral Health System",Indianapolis,IN,"United States",Closed,
13344,"Paddock View Residential Center",Marion,IN,"United States",Open,
13345,"Pierceton Woods Academy",Pierceton,IN,"United States",Open,
13346,"Pierceton Woods Academy – Spencer Home","Fort Wayne",IN,"United States",Open,
13347,"Resource Treatment Center – Carina Group Home",Indianapolis,IN,"United States",Open,
13348,"Resource Treatment Center – Polaris Group Home",Indianapolis,IN,"United States",Open,
13349,"Resource Treatment Center – Wind Rose Home for Girls",Indianapolis,IN,"United States",Open,
13350,"Robert J. Kinsey Youth Center",Kokomo,IN,"United States",Open,
13351,"SAE Response – Thrive Group Home",Indianapolis,IN,"United States",Open,
13352,"Safe Passage Indiana","South Bend",IN,"United States",Open,
13353,"Scholer Home",Lafayette,IN,"United States",Open,https://kidsoverprofits.org/facility/scholer-home-in/
13354,"Shults-Lewis Child and Family Services",Valparaiso,IN,"United States",Open,
13355,"St. Joseph Home for Boys, Inc.",Hammond,IN,"United States",Closed,
13356,"St. Vincent Anderson Regional Hospital",Anderson,IN,"United States",Open,
13357,"Success ACQ Corp",Indianapolis,IN,"United States",Closed,
13358,"The Refuge Girls Academy",Lebanon,IN,"United States",Open,https://kidsoverprofits.org/facility/the-refuge-girls-academy-in/
13359,"Transitions Academy",Fishers,IN,"United States",Open,
13360,"United Methodist Youth Home – Holder Home Program",Evansville,IN,"United States",Open,
13361,"United Methodist Youth Home – New Beginnings",Evansville,IN,"United States",Open,
13362,"United Methodist Youth Home – Pathways Program",Evansville,IN,"United States",Open,
13363,"Valle Vista Health System",Greenwood,IN,"United States",Open,
13364,"Vigo County Homes for Children – Carpenter Home","Terre Haute",IN,"United States",Open,
13365,"Vigo County Homes for Children – Glenn House","Terre Haute",IN,"United States",Open,
13366,"Wellstone Regional Hospital",Jeffersonville,IN,"United States",Open,
13367,"Wernle Youth & Family Treatment Center",Richmond,IN,"United States",Closed,
13369,"White’s Residential and Family Services",Wabash,IN,"United States",Open,
13370,"Willowglen Academy – Indiana",Gary,IN,"United States",Closed,
13371,"Woodburn Christian Children’s Home",Woodburn,IN,"United States",Open,
13372,"Woodford Home","South Bend",IN,"United States",Open,https://kidsoverprofits.org/facility/woodford-home-in/
13373,"Youth Encouragement Services",Aurora,IN,"United States",Open,https://kidsoverprofits.org/facility/youth-encouragement-services-in/
13374,"Youth Opportunity Center",Muncie,IN,"United States",Open,https://kidsoverprofits.org/facility/youth-opportunity-center-in/
13375,"Youth Service Bureau of Jay County",Portland,IN,"United States",Open,
13376,"Youth Service Bureau Safe Station","South Bend",IN,"United States",Open,
13377,"Prairie View Therapeutic Group Homes",,IN,"United States",Open,
13378,"Clarinda Academy",Clarinda,IA,"United States",Closed,https://kidsoverprofits.org/facility/clarinda-academy-ia/
13379,"Forest Ridge Youth Services",Estherville,IA,"United States",Closed,https://kidsoverprofits.org/facility/forest-ridge-youth-services-ia/
13380,"Woodward Academy",Woodward,IA,"United States",Open,https://kidsoverprofits.org/facility/woodward-academy-ia/
13381,"Anchor Character Training Center","Fort Dodge",IA,"United States",Closed,
13382,"Beloit RTC",Ames,IA,"United States",Closed,
13383,"Boys and Girls Home Residential Treatment","Sioux City",IA,"United States",Open,
13384,"Central Iowa Juvenile Detention Center",Eldora,IA,"United States",Open,
13385,"Children’s Square USA PMIC","Council Bluffs",IA,"United States",Open,
13386,"Christamore Family Treatment Center","Mt Pleasant",IA,"United States",Closed,
13389,"Four Oaks Family & Children’s Services","Cedar Rapids",IA,"United States",Open,
13390,"Gerard Treatment Programs","Mason City",IA,"United States",Closed,
13392,"Graybell Academy Youth Services","Sioux City",IA,"United States",Closed,
13393,"Hillcrest Family Services Adolescent Residential",Dubuque,IA,"United States",Open,
13396,"Linn County Juvenile Detention","Cedar Rapids",IA,"United States",Open,
13398,"Midwest Academy",Keokuk,IA,"United States",Closed,https://kidsoverprofits.org/facility/midwest-academy-ia/
13399,"Midwest Christian Services",Peterson,IA,"United States",Open,
13400,"North Iowa Juvenile Detention Center",Waterloo,IA,"United States",Open,
13401,"Northwest Iowa YES Center",Cherokee,IA,"United States",Open,
13402,"Polk County Juvenile Detention","Des Moines",IA,"United States",Open,
13403,"Scott County Juvenile Detention",Davenport,IA,"United States",Open,
13404,"Southwest Iowa Juvenile Detention","Council Bluffs",IA,"United States",Open,
13405,"SUMMIT Program",Davenport,IA,"United States",Closed,
13407,"Woodbury County Juvenile Detention","Sioux City",IA,"United States",Open,
13408,"YSS Ember Recovery",Ames,IA,"United States",Open,
13410,"Normative Services Academy",Sheridan,WY,"United States",Closed,https://kidsoverprofits.org/facility/normative-services-academy-wy/
13411,"Heart of America Teen Challenge",Etna,WY,"United States",Closed,https://kidsoverprofits.org/facility/heart-of-america-teen-challenge-wy/
13412,"Wyoming Behavioral Institute Pathways Residential Trauma-Informed Care",Casper,WY,"United States",Unknown,https://kidsoverprofits.org/facility/wyoming-behavioral-institute-pathways-residential-trauma-informed-care-wy/
13413,"Adams Canyon Crisis",Jackson,WY,"United States",Open,
13414,"Big Horn Basin Adolescent Programs","20 Basin",WY,"United States",Open,
13415,BOCES,Wilson,WY,"United States",Open,
13416,"Carbon County Youth Crisis Center",Rawlins,WY,"United States",Open,
13417,"Cathedral Home for Youth",Laramie,WY,"United States",Open,
13418,"Converse County Group Home",Douglas,WY,"United States",Open,
13419,"Fremont County Group Homes – Boys – Riverton",Riverton,WY,"United States",Open,
13420,"Fremont County Group Homes – Girls – Lander",Lander,WY,"United States",Open,
13421,"Green River Youth Home","Rock Springs",WY,"United States",Closed,
13422,"Heart Mountain New Beginnings","22 H Powell",WY,"United States",Closed,https://kidsoverprofits.org/facility/heart-mountain-new-beginnings-wy/
13423,"Laramie Youth Crisis Center",Laramie,WY,"United States",Open,
13424,"Machaseh Children’s Ranch",Shoshoni,WY,"United States",Open,
13425,"Milestone Youth Home",Sheridan,WY,"United States",Open,
13426,"New BOCES",Gillette,WY,"United States",Open,
13428,"Northwest Wyoming Treatment Center",Powell,WY,"United States",Open,https://kidsoverprofits.org/facility/northwest-wyoming-treatment-center-wy/
13429,"NW BOCES",Thermopolis,WY,"United States",Open,
13430,"Oasis Boys Ranch",Powell,WY,"United States",Open,
13431,"Red Top Meadows",Wilson,WY,"United States",Open,https://kidsoverprofits.org/facility/red-top-meadows-wy/
13432,"Rock Springs Youth Home","Rock Springs",WY,"United States",Open,
13433,"Rocky Mountain Frontier",Powell,WY,"United States",Open,
13434,"St. Joseph’s Children’s Home",Torrington,WY,"United States",Open,
13436,"Trinity Teen Solutions, Inc.","8 RA, Powell",WY,"United States",Open,https://kidsoverprofits.org/facility/trinity-teen-solutions-inc-wy/
13437,"Van Vleck House",Jackson,WY,"United States",Open,
13438,"Wyoming Behavioral Institute Pathways Residential",Casper,WY,"United States",Open,
13439,"Wyoming Boys’ School","20 South Worland",WY,"United States",Open,https://kidsoverprofits.org/facility/wyoming-boys-school-wy/
13440,"Wyoming Girls’ School",Sheridan,WY,"United States",Open,https://kidsoverprofits.org/facility/wyoming-girls-school-wy/
13441,"Y.E.S. House",", Building a Gillette",WY,"United States",Open,
13442,"YCC and Hemry Home",Casper,WY,"United States",Open,
13443,"Youth Alternatives Home Assoc.",Evanston,WY,"United States",Open,
13444,"Youth Home Inc. – Green River","Green River",WY,"United States",Open,
13445,"Youth Home Inc. – Rock Springs","Rock Springs",WY,"United States",Open,
13446,"Chrysalis Treatment Center",,WY,"United States",Open,
13447,"Northern Illinois Academy",Lemont,IL,"United States",Closed,https://kidsoverprofits.org/facility/northern-illinois-academy-il/
13450,"Adams County Juvenile Detention",Quincy,IL,"United States",Open,
13451,"Allendale Association","Lake Villa",IL,"United States",Open,https://kidsoverprofits.org/facility/allendale-association-il/
13452,"Alternative Behavior Treatment Center",Mundelein,IL,"United States",Closed,
13453,"Baptist Children’s Home",Carmi,IL,"United States",Open,
13454,"Brehm Preparatory School",Carbondale,IL,"United States",Open,https://kidsoverprofits.org/facility/brehm-preparatory-school-il/
13455,"Brightpoint Rice Child and Family Center",Evanston,IL,"United States",Open,
13456,"Catholic Children’s Home",Alton,IL,"United States",Open,
13457,"Central East Alcoholism and Drug Council Adolescent Residential Program",Lerna,IL,"United States",Open,
13458,Chaddock,Quincy,IL,"United States",Open,https://kidsoverprofits.org/facility/chaddock-il/
13459,"CHAIL Youth Farm",Peoria,IL,"United States",Open,
13460,"Champaign County Detention",Urbana,IL,"United States",Open,
13461,"Chicago Lakeshore Hospital",Chicago,IL,"United States",Closed,
13462,"Children’s Home – Columbia",Peoria,IL,"United States",Open,
13463,"Children’s Home – Sommer",Peoria,IL,"United States",Open,
13464,"Children’s Home Association of Illinois",Peoria,IL,"United States",Open,
13465,Childserv,Naperville,IL,"United States",Closed,https://kidsoverprofits.org/facility/childserv-il/
13466,"Cook County Juvenile Detention Center",Chicago,IL,"United States",Open,
13467,"Cunningham – Girls Group Home",Urbana,IL,"United States",Open,
13468,"Cunningham – Kendall Gill Boys Group Home",Urbana,IL,"United States",Open,
13469,"Franklin County Juvenile Detention Center",Benton,IL,"United States",Open,
13470,"Goldie B. Floberg Center Residential Children’s Program",Rockton,IL,"United States",Open,
13471,"Guardian Angel Home",Morton,IL,"United States",Open,https://kidsoverprofits.org/facility/guardian-angel-home-il/
13472,"Hartgrove Hospital",Chicago,IL,"United States",Open,https://kidsoverprofits.org/facility/hartgrove-hospital-il/
13473,"Hephzibah Children’s Association Residential Program","Oak Park",IL,"United States",Open,
13474,"Hope Institute – Belhaven",Springfield,IL,"United States",Open,
13475,"Hope Institute – Buford",Springfield,IL,"United States",Open,
13476,"Hope Institute – Claremont",Springfield,IL,"United States",Open,
13477,"Hope Institute – Cormorant",Springfield,IL,"United States",Open,
13478,"Hope Institute – Delano",Springfield,IL,"United States",Open,
13479,"Hope Institute – Halifax",Springfield,IL,"United States",Open,
13480,"Hope Institute – Hazel",Springfield,IL,"United States",Open,
13481,"Hope Institute – Heather Mill",Springfield,IL,"United States",Open,
13482,"Hope Institute – James",Springfield,IL,"United States",Open,
13483,"Hope Institute – Lindbergh",Springfield,IL,"United States",Open,
13484,"Hope Institute – Nyre",Springfield,IL,"United States",Open,
13485,"Hope Institute – Red Oak",Springfield,IL,"United States",Open,
13486,"Hope Institute – Springwood",Springfield,IL,"United States",Open,
13487,"Hope Institute – Stockton",Springfield,IL,"United States",Open,
13488,"Hope Institute- Bluestem",Springfield,IL,"United States",Open,
13489,"Hoyleton Youth And Family Services – Cottages A, B, C, D, F",Hoyleton,IL,"United States",Open,
13490,"Hoyleton Youth And Family Services – Schippel House",Salem,IL,"United States",Open,
13491,"Hulse Detention Center","Vernon Hills",IL,"United States",Open,
13492,"IYC Chicago",Chicago,IL,"United States",Open,
13493,"IYC Harrisburg",Harrisburg,IL,"United States",Open,
13494,"IYC Pere Marquette",Grafton,IL,"United States",Open,
13495,"IYC Warrenville",Warrenville,IL,"United States",Open,
13496,"JTC JUMP Program",Centreville,IL,"United States",Open,
13497,"Kane County Juvenile Detention Center","St. Charles",IL,"United States",Open,
13498,"Kemmerer Village",Assumption,IL,"United States",Open,
13499,"LaSalle County Detention Home",Ottawa,IL,"United States",Open,
13500,"Lawrence Hall – Ashland",Chicago,IL,"United States",Open,
13501,"Little City ChildBridge Center for Group-Home Living",Palatine,IL,"United States",Open,
13502,"Little Friends Center For Autism",Warrenville,IL,"United States",Open,
13503,"Madison County Detention",Edwardsville,IL,"United States",Open,
13504,"Mary Davis Detention Home",Galesburg,IL,"United States",Open,
13505,"Maryville Academy","Des Plaines",IL,"United States",Open,https://kidsoverprofits.org/facility/maryville-academy-il/
13506,"McClean County Detention",Normal,IL,"United States",Open,
13507,"Montrose Behavioral Health Hospital",Chicago,IL,"United States",Open,https://kidsoverprofits.org/facility/montrose-behavioral-health-hospital-il/
13508,"NeuroRestorative Academy Cardinals House",Bloomington,IL,"United States",Open,https://kidsoverprofits.org/facility/neurorestorative-academy-cardinals-house-il/
13509,"NeuroRestorative Bears House",Normal,IL,"United States",Open,https://kidsoverprofits.org/facility/neurorestorative-bears-house-il/
13510,"NeuroRestorative Berkshire House","Des Plaines",IL,"United States",Open,https://kidsoverprofits.org/facility/neurorestorative-berkshire-house-il/
13511,"NeuroRestorative Birch House",Carbondale,IL,"United States",Open,https://kidsoverprofits.org/facility/neurorestorative-birch-house-il/
13512,"NeuroRestorative Blackhawks House",Normal,IL,"United States",Open,https://kidsoverprofits.org/facility/neurorestorative-blackhawks-house-il/
13513,"NeuroRestorative Bonsai House",Carbondale,IL,"United States",Open,https://kidsoverprofits.org/facility/neurorestorative-bonsai-house-il/
13514,"NeuroRestorative Bridge House",Carbondale,IL,"United States",Open,https://kidsoverprofits.org/facility/neurorestorative-bridge-house-il/
13515,"NeuroRestorative Cubs House",Normal,IL,"United States",Open,https://kidsoverprofits.org/facility/neurorestorative-cubs-house-il/
13516,"NeuroRestorative Cypress House",Carbondale,IL,"United States",Open,https://kidsoverprofits.org/facility/neurorestorative-cypress-house-il/
13517,"NeuroRestorative Deer House",Palatine,IL,"United States",Open,https://kidsoverprofits.org/facility/neurorestorative-deer-house-il/
13518,"NeuroRestorative Helen House",Palatine,IL,"United States",Open,https://kidsoverprofits.org/facility/neurorestorative-helen-house-il/
13519,"NeuroRestorative Mount Prospect House","Mt Prospect",IL,"United States",Open,https://kidsoverprofits.org/facility/neurorestorative-mount-prospect-house-il/
13520,"NeuroRestorative Willow House",Carbondale,IL,"United States",Open,https://kidsoverprofits.org/facility/neurorestorative-willow-house-il/
13521,"NeuroRestorative Woodlake House",Carbondale,IL,"United States",Open,https://kidsoverprofits.org/facility/neurorestorative-woodlake-house-il/
13524,"Norman C Sleezer Youth Home",Freeport,IL,"United States",Open,
13525,"PACTT – Oak Park","Oak Park",IL,"United States",Open,
13526,"Pavilion Behavioral Health System Adolescent RTC",Champaign,IL,"United States",Open,
13527,"Peoria County Detention Center",Peoria,IL,"United States",Open,
13528,"River Valley Justice Center",Joliet,IL,"United States",Open,
13529,"Riveredge Hospital Adolescent Treatment Program","Forest Park",IL,"United States",Open,
13530,"Rosecrance Behavioral Health",Rockford,IL,"United States",Open,
13532,"Spero Family Services – Residential","Mount Vernon",IL,"United States",Open,
13533,"St Clair County Detention",Belleville,IL,"United States",Open,
13534,"Swann Special Care Center",Champaign,IL,"United States",Open,
13535,"The Sonia Shankman Orthogenic School",Chicago,IL,"United States",Open,
13537,"Vermilion County Juvenile Detention Center",Danville,IL,"United States",Open,
13538,"Winnebago County Juvenile Detention Center",Rockford,IL,"United States",Open,
13539,"Rose Rock Academy","Oklahoma City",OK,"United States",Closed,https://kidsoverprofits.org/facility/rose-rock-academy-ok/
13540,"Brush Creek Academy",Jay,OK,"United States",Closed,https://kidsoverprofits.org/facility/brush-creek-academy-ok/
13541,"New Lifehouse Academy",Eucha,OK,"United States",Open,https://kidsoverprofits.org/facility/new-lifehouse-academy-ok/
13542,"Cedar Ridge Behavioral Hospital","Oklahoma City",OK,"United States",Unknown,https://kidsoverprofits.org/facility/cedar-ridge-behavioral-hospital-ok/
13543,"Baptist Children’s Home Owasso",Owasso,OK,"United States",Open,
13544,"Baptist Home for Girls",Madill,OK,"United States",Open,
13545,"Bear Lodge","Sand Springs",OK,"United States",Open,
13546,"Believe in Me Kiamichi Youth Services",Idabel,OK,"United States",Open,
13547,"Bison Creek Treatment Services","9 Norman",OK,"United States",Open,
13548,"Boys Ranch Town Edmond",Edmond,OK,"United States",Open,
13549,"Calm Center",Tulsa,OK,"United States",Open,
13550,"Calvary Boys Ranch",Eufala,OK,"United States",Closed,
13551,"Canadian County Children’s Justice Center","66 El Reno",OK,"United States",Open,
13552,"Cedar Ridge Residential Treatment Facility","Oklahoma City",OK,"United States",Open,
13553,"Central Oklahoma Juvenile Center",Tecumseh,OK,"United States",Open,https://kidsoverprofits.org/facility/central-oklahoma-juvenile-center-ok/
13554,"Children’s Recovery Center of Oklahoma",Norman,OK,"United States",Open,
13555,"Communityworks ITS",", Bldg B Norman",OK,"United States",Open,
13556,"Conversion – Kiamichi Youth Services",Idabel,OK,"United States",Open,
13557,"Cookson Hills Christian Ministries","10 Kansas",OK,"United States",Open,
13558,Cornerstone,Norman,OK,"United States",Open,
13559,"Dreamcatcher Kiamichi Youth Services",Idabel,OK,"United States",Open,
13560,"Eagle Lodge","Sand Springs",OK,"United States",Open,
13561,"Empower Academy",Bixby,OK,"United States",Open,
13562,"Falcon Lodge","Sand Springs",OK,"United States",Open,
13563,"Four Winds Ranch Recovery Center for Adolescent Females",Guthrie,OK,"United States",Open,
13564,"G – Kidz Kiamichi Youth Services",,OK,"United States",Open,
13565,"Genesis Project",Jones,OK,"United States",Open,
13566,"Goodland Academy",Hugo,OK,"United States",Open,
13567,"Grace Cottage Crisis Pregnancy Center",Poteau,OK,"United States",Open,
13568,"High Pointe","Oklahoma City",OK,"United States",Open,
13569,"Integris Bass Behavioral Health",Enid,OK,"United States",Open,
13570,"Integris Mental Health – Spencer",Spencer,OK,"United States",Open,
13571,"Laura Dester Children’s Center",Tulsa,OK,"United States",Open,
13572,"Laureate Eating Disorders Program",Tulsa,OK,"United States",Open,
13573,"Lawton Boy’s Group Home",Lawton,OK,"United States",Open,
13574,"Lighthouse Substance Abuse",Norman,OK,"United States",Open,
13575,"Moccasin Bend Ranch",Miami,OK,"United States",Open,
13576,"Murrow Indian Children’s Home",Muskogee,OK,"United States",Open,
13577,"Mustang Treatment Center","152 Mustang",OK,"United States",Open,
13578,"Oaks Indian Mission",Oaks,OK,"United States",Open,
13579,"OFCS Cedar Canyon",Weatherford,OK,"United States",Open,
13580,"Parker Pointe",Lawton,OK,"United States",Open,
13581,Parkside,Tulsa,OK,"United States",Open,
13582,"Parkside North and South Programs",Tulsa,OK,"United States",Open,
13583,"People Inc. Level D",Sallisaw,OK,"United States",Open,https://kidsoverprofits.org/facility/people-inc-level-d-ok/
13584,"People Inc. Level D Children’s Home",Tahlequah,OK,"United States",Open,
13585,"People Inc. Level E",Sallisaw,OK,"United States",Open,
13586,"Positive Outcome – St. Anthony","Oklahoma City",OK,"United States",Open,
13587,"Realation Group Home",Tulsa,OK,"United States",Closed,
13588,"Red River Youth Academy",Norman,OK,"United States",Open,
13589,"Red Rock Behavioral Health","Oklahoma City",OK,"United States",Open,
13590,"ROCMND Group Home",Miami,OK,"United States",Open,
13591,"Safe Haven",Tulsa,OK,"United States",Open,
13592,"Sand Springs Home","Sand Springs",OK,"United States",Open,
13593,"Scissor Tail Point",Norman,OK,"United States",Open,
13594,"Sequoyah – Bartlesville",Bartlesville,OK,"United States",Open,
13596,"Side of Hope Kiamichi Youth Services",Idabel,OK,"United States",Open,
13597,"Southern Plains Treatment Services",Norman,OK,"United States",Open,
13598,"Southern Plains Treatment Services -Tulsa",Tulsa,OK,"United States",Open,
13599,"Southern Plains Treatment Services – West","152, Building B Mustang",OK,"United States",Open,
13600,"Southwest Behavioral Health",Lawton,OK,"United States",Open,
13601,"Speck Homes Inc, Program I","Oklahoma City",OK,"United States",Open,
13602,"Speck Homes Inc, Program II","Oklahoma City",OK,"United States",Open,
13603,"Speck Homes Inc, Program III","Oklahoma City",OK,"United States",Open,
13604,"Speck Homes Inc, Program IV-Renaissance","Oklahoma City",OK,"United States",Open,
13605,"Spencer House Boys’ Group Home",Spencer,OK,"United States",Open,
13606,"St. Anthony Hospital RTC","Oklahoma City",OK,"United States",Open,
13607,"The Anchor at Rolling Hills",Ada,OK,"United States",Open,
13608,"The Tipton Home",Tipton,OK,"United States",Open,
13609,"Thunder Ridge",Norman,OK,"United States",Open,
13610,"Tulsa Boys Home","Sand Springs",OK,"United States",Open,https://kidsoverprofits.org/facility/tulsa-boys-home-ok/
13611,"Welch Skills Center",Welch,OK,"United States",Open,
13612,"Westview Boys Home",Hollis,OK,"United States",Open,
13613,"White Horse Ranch, LLC","213 Mooreland",OK,"United States",Open,
13614,"Willow Crest Hospital",Miami,OK,"United States",Open,
13615,"Willow Springs Boys Ranch",Chandler,OK,"United States",Open,
13616,"Wolf Lodge","Sand Springs",OK,"United States",Open,
13617,"Mount Arukah",,OK,"United States",Open,
13618,"Pearl of Grace Ranch",,OK,"United States",Open,
13619,RISE,,OK,"United States",Open,
13620,"Alabama Baptist Children’s Homes – Calhoun",Oxford,AL,"United States",Open,
13621,"Alabama Baptist Children’s Homes – Dothan",", Dothan",AL,"United States",Open,
13622,"Alabama Baptist Children’s Homes – Morgan",Decatur,AL,"United States",Open,
13623,"Alabama Baptist Children’s Homes Mobile",", Mobile",AL,"United States",Open,
13624,"Alabama Clinical Schools",Birmingham,AL,"United States",Open,https://kidsoverprofits.org/facility/alabama-clinical-schools-al/
13625,"Alabama Department of Youth Services – Autauga Campus",Pratville,AL,"United States",Open,
13626,"Alabama Department of Youth Services – Mt. Meigs",Montgomery,AL,"United States",Open,
13627,"Alabama Department of Youth Services – Vacca Facility",Birmingham,AL,"United States",Open,
13628,"AltaPointe – Adolescent Independence Program-Three Notch Rd",Mobile,AL,"United States",Open,
13629,"AltaPointe Health Systems – Baypointe",Mobile,AL,"United States",Open,
13630,"Baldwin County Regional Juvenile Detention Center","Bay Minette",AL,"United States",Open,
13631,"Beacon Children’s Hospital",Luverne,AL,"United States",Open,
13632,"Beacon House/Concerned Citizens for Our Youth",Jasper,AL,"United States",Open,
13633,"Blessed Hope Boys Academy",Seminole,AL,"United States",Open,
13634,"Boyd School, Inc.",", Green Pond",AL,"United States",Open,
13636,"Brantwood Children’s Home",", Montgomery",AL,"United States",Open,
13637,"Brewer Porch Children’s Center",Tuscaloosa,AL,"United States",Open,
13638,"Brewer Porch-STTEP Program",Tuscaloosa,AL,"United States",Open,
13642,"Burts Place Home for Boys",Gadsden,AL,"United States",Open,
13643,"Childhaven, Inc.",", Cullman",AL,"United States",Open,
13644,"Children’s Services Inc. – The Parris Home",", Anniston",AL,"United States",Open,
13645,"Children’s Village",", Birmingham",AL,"United States",Open,https://kidsoverprofits.org/facility/children-s-village-al/
13646,"Chrysalis, A Home for Girls",", Newton",AL,"United States",Open,
13647,"Columbus Girls Academy",Seale,AL,"United States",Open,https://kidsoverprofits.org/facility/columbus-girls-academy-al/
13648,"Coosa Valley Regional Juvenile Detention Center",Anniston,AL,"United States",Open,
13649,"Eagle Rock Boys Ranch","B Gadsden",AL,"United States",Open,
13650,"Elk River Treatment Program",Huntsville,AL,"United States",Closed,https://kidsoverprofits.org/facility/elk-river-treatment-program-al/
13651,"Enrestoration Inc",Gadsden,AL,"United States",Open,
13652,"Family Garden-Males",", Union Grove",AL,"United States",Open,
13653,"Freewill Baptist Home",Elridge,AL,"United States",Open,
13654,"Glenwood – Daniel Houses & Drummond",Birmingham,AL,"United States",Open,
13655,"Glenwood – McDonough House",Birmingham,AL,"United States",Open,
13656,"Glenwood – Reynolds House",Birmingham,AL,"United States",Open,
13657,"Grace House Ministries",Fairfield,AL,"United States",Open,
13658,"Haddie’s Home",", Opelika",AL,"United States",Open,
13659,"Harris Home for Children",Huntsville,AL,"United States",Open,
13660,"Higdon Hill Group Home",Birmingham,AL,"United States",Open,
13661,"Hill Crest RTC",Birmingham,AL,"United States",Open,https://kidsoverprofits.org/facility/hill-crest-rtc-al/
13662,"James T. Strickland Youth Center",Mobile,AL,"United States",Open,
13663,"Jemison Group Home",Jemison,AL,"United States",Closed,
13664,"Kids to Love Foundation",", Ardmore",AL,"United States",Open,
13665,"Kids to Love Foundation – Davidson Farms",Madison,AL,"United States",Open,
13666,"King’s Home – Hayden",", Warrior",AL,"United States",Open,
13667,"King’s Home – Westover – Males",", Westover",AL,"United States",Open,
13668,"King’s Ranch and Hannah Homes – Holy Innocents Campus",Chelsea,AL,"United States",Open,
13669,"King’s Ranch and Hannah Homes – Wilsonville Campus",Chelsea,AL,"United States",Open,
13670,"Laurel Oaks Behavioral Health Center",Dothan,AL,"United States",Open,https://kidsoverprofits.org/facility/laurel-oaks-behavioral-health-center-al/
13671,"Lee County Youth Development Center",Opelika,AL,"United States",Open,https://kidsoverprofits.org/facility/lee-county-youth-development-center-al/
13672,"Magnolia Creek Treatment Center for Eating Disorders",Columbiana,AL,"United States",Open,
13673,"Montgomery County Youth Facility",Montgomery,AL,"United States",Open,
13674,"Moriah Christian Children’s Home",Dutton,AL,"United States",Open,
13675,"Mountain View Hospital Summit Crest Lodge",Gasden,AL,"United States",Open,https://kidsoverprofits.org/facility/mountain-view-hospital-summit-crest-lodge-al/
13676,"Neaves-Davis Center for Children",Huntsville,AL,"United States",Open,
13677,"North Alabama Christian Children’s Home, Inc","73 Florence",AL,"United States",Open,
13679,"Pathway, Inc.","1201, New Brockton",AL,"United States",Open,https://kidsoverprofits.org/facility/pathway-inc-al/
13680,"Pearls of Promise Girls Academy","Rock Stand",AL,"United States",Closed,
13681,"Presbyterian Home for Children",", Talladega",AL,"United States",Open,
13682,"Rachel Academy for Girls",Empire,AL,"United States",Closed,
13683,"Reclamation Ranch",Empire,AL,"United States",Closed,
13684,"Restoration Youth Academy",Prichard,AL,"United States",Open,
13685,"Ross-Bell Jefferson County Youth Detention Center",Birmingham,AL,"United States",Open,
13686,"SafetyNet Academy",", Minter",AL,"United States",Open,
13687,"SafetyNet Crossings",", Montgomery",AL,"United States",Open,
13688,"SafetyNet Villa",Montgomery,AL,"United States",Open,
13689,"Saving Youth Foundation",Mobile,AL,"United States",Open,
13690,"Sequel TSI Paint Rock Valley",Trenton,AL,"United States",Closed,https://kidsoverprofits.org/facility/sequel-tsi-paint-rock-valley-al/
13691,"Shelby County Regional Juvenile Detention Facility",Columbiana,AL,"United States",Open,
13692,"Solid Rock Ministries",Mobile,AL,"United States",Open,
13693,"Southeast Alabama Diversion Center",", Dothan",AL,"United States",Open,
13694,"Southeast Alabama Youth Leadership Academy",Abbeville,AL,"United States",Open,https://kidsoverprofits.org/facility/southeast-alabama-youth-leadership-academy-al/
13695,"Southern Oaks Center",Pelham,AL,"United States",Open,
13697,"St. Mary’s Home",", Mobile",AL,"United States",Open,
13698,"Team Achievers Discipline Academy",Montgomery,AL,"United States",Closed,
13699,"TEARS, Inc",", Tuskegee",AL,"United States",Open,
13700,"Tennessee Valley Juvenile Detention Center",", Tuscumbia",AL,"United States",Open,https://kidsoverprofits.org/facility/tennessee-valley-juvenile-detention-center-al/
13701,"The Bridge, Inc. Mitchell",", Gasden",AL,"United States",Open,
13702,"The Bridge, Inc. Northwood",", Gasden",AL,"United States",Open,
13703,"The Bridge, Inc. STEPS Program",", Mobile",AL,"United States",Open,
13704,"The Bridge, Inc. Westwood",", Mobile",AL,"United States",Open,
13705,"The Bridge, Inc., GEMS",", Mobile",AL,"United States",Open,
13706,"The Learning Tree",", Jacksonville",AL,"United States",Open,https://kidsoverprofits.org/facility/the-learning-tree-al/
13707,"The Pinnacle Schools",Huntsville,AL,"United States",Closed,https://kidsoverprofits.org/facility/the-pinnacle-schools-al/
13708,"The START Program",Fayette,AL,"United States",Open,
13709,"Three Springs New Direction",Huntsville,AL,"United States",Closed,
13710,Tri-Wil,"Green Pond",AL,"United States",Open,
13711,"Tuscaloosa County Juvenile Detention Center",Tuscaloosa,AL,"United States",Open,
13712,"United Methodist Children’s Home -Tuscaloosa ‘",Cottondale,AL,"United States",Open,
13713,"United Methodist Children’s Home – Mobile Group Home",Mobile,AL,"United States",Open,
13714,"United Methodist Children’s Home – The Settlement",Headland,AL,"United States",Open,
13715,"United Methodist Children’s Home – Wiregrass",Dothan,AL,"United States",Open,
13716,"Westwood Residential Treatment Center",Mobile,AL,"United States",Open,
13717,"Wiregrass Children’s Home",Slocomb,AL,"United States",Open,
13718,"Elk River Treatment Program (CLOSED",Huntsville,AL,"United States",Closed,https://kidsoverprofits.org/facility/elk-river-treatment-program-closed-al/
13719,"Southeastern Psychiatric Management dba Mountain View Hospital Summit Crest Lodge",Gasden,AL,"United States",Open,
13720,"Restoration Ranch",,AL,"United States",Open,
13721,"Alfred D. Noyes Children’s Center",Rockville,MD,"United States",Open,
13723,"Bowling Brook Preparatory School",Keymar,MD,"United States",Closed,
13724,"Charles H. Hickey, Jr. School",Baltimore,MD,"United States",Open,https://kidsoverprofits.org/facility/charles-h-hickey-jr-school-md/
13725,"Edgemeade-Raymond A. Rogers Jr. School","Upper Marlboro",MD,"United States",Closed,
13726,"Forest Haven",Laurel,MD,"United States",Closed,https://kidsoverprofits.org/facility/forest-haven-md/
13727,"Haven of Hope Girls Academy",Westminster,MD,"United States",Closed,
13728,"Maryland Youth Residence Center",Baltimore,MD,"United States",Open,
13729,"Mountain Manor Treatment Center",Baltimore,MD,"United States",Open,
13730,"O’Farrell Youth Center",Marriottsville,MD,"United States",Open,
13731,RICA-Baltimore,Baltimore,MD,"United States",Open,
13732,RICA-Rockville,Rockville,MD,"United States",Open,
13733,"Sandstone Care",Crownsville,MD,"United States",Open,
13735,"Sheppard Pratt School and RTC",Baltimore,MD,"United States",Open,
13737,"Victor Cullen Center",Sabillasville,MD,"United States",Open,https://kidsoverprofits.org/facility/victor-cullen-center-md/
13738,"Cheltenham Youth Facility",Cheltenham,MD,"United States",Open,
13739,"Green Ridge Youth Center",Flintstone,MD,"United States",Open,
13740,"J. DeWeese Carter Center",Chestertown,MD,"United States",Open,
13741,"Meadow Mountain Youth Center",Grantsville,MD,"United States",Closed,https://kidsoverprofits.org/facility/meadow-mountain-youth-center-md/
13742,"Thomas J.S. Waxter Children’s Center","SW Laurel",MD,"United States",Open,
13744,"Evangeline Christian Academy","St. Martinville",LA,"United States",Unknown,https://kidsoverprofits.org/facility/evangeline-christian-academy-la/
13745,"Teen Challenge of Acadiana","St. Martinville",LA,"United States",Unknown,https://kidsoverprofits.org/facility/teen-challenge-of-acadiana-la/
13747,"Acadiana Center for Youth",Bunkie,LA,"United States",Open,https://kidsoverprofits.org/facility/acadiana-center-for-youth-la/
13748,"Acadiana Treatment Center",", Sunset",LA,"United States",Open,
13749,"AMIKids Acadiana, Inc",", Branch",LA,"United States",Open,
13750,"Behrman Treatment Family Home",Gretna,LA,"United States",Open,
13751,"Bossier Parish Juvenile Center","Bossier City",LA,"United States",Open,
13752,"Boys and Girls Villages Foundation","90 East Lake Charles",LA,"United States",Open,
13753,"Boys Town Louisiana – Bienville Family Home",", New Orleans",LA,"United States",Open,
13754,"Boys Town Louisiana – City Park Family Home",", New Orleans",LA,"United States",Open,
13755,"Boys Town Louisiana – Magazine Family Home",", New Orleans",LA,"United States",Open,
13756,"Bridge City Center for Youth","Bridge City",LA,"United States",Open,
13757,"Caddo Parish Juvenile Detention Center",Shreveport,LA,"United States",Open,
13758,"Calcasieu Parish Office of Juvenile Justice Services",", Lake Charles",LA,"United States",Open,
13759,"Cane River Children’s Services, Inc.",Natchitoches,LA,"United States",Open,
13760,"Central LA Juvenile Justice",Alexandria,LA,"United States",Open,https://kidsoverprofits.org/facility/central-la-juvenile-justice-la/
13762,"Christopher Youth Center",Monroe,LA,"United States",Open,
13763,"Crossroads Youth Ranch",Roseland,LA,"United States",Closed,
13764,"East Baton Rouge Parish Juvenile Detention Center","Baton Rouge",LA,"United States",Open,
13765,"Florida Parishes Juvenile Detention Center","190 Covington",LA,"United States",Open,
13766,"Grace Christian Home and Academy",Shreveport,LA,"United States",Open,https://kidsoverprofits.org/facility/grace-christian-home-and-academy-la/
13767,"Green Oaks Juvenile Detention Center",", Monroe",LA,"United States",Open,
13768,"Harbour House RTC",",, Bldg. A. Lake Charles",LA,"United States",Open,
13769,"Harmony Center, Inc. – A.B. Horn Group Home",", Baton Rouge",LA,"United States",Open,
13770,"Harmony Center, Inc. – Harmony III Group Home",", Baton Rouge",LA,"United States",Open,
13771,"Heritage Ranch",", Zachary",LA,"United States",Open,
13772,"Hope Youth Ranch",Minden,LA,"United States",Open,
13773,"Jesse Dotey Youth Development Center",", Ponchatoula",LA,"United States",Open,
13774,"Johnny Robinson’s Boys Home Inc.",", Monroe",LA,"United States",Open,https://kidsoverprofits.org/facility/johnny-robinson-s-boys-home-inc-la/
13775,"Joy Home for Boys",Greenwood,LA,"United States",Open,
13776,"Juvenile Justice Intervention Center",", New Orleans",LA,"United States",Open,
13777,"Lafayette Juvenile Detention Home",Lafayette,LA,"United States",Open,
13778,"Lafourche Parish Juvenile Justice Facility",", Thibodaux",LA,"United States",Open,
13779,"Lifted By Love Residential Home",", Houma",LA,"United States",Open,
13780,"Lighthouse Child Residential Center",", Reeves",LA,"United States",Open,
13781,"Lighthouse Ranch for Boys","443 Loranger",LA,"United States",Open,
13782,"Louis Children’s Crisis Center",", Houma",LA,"United States",Open,
13783,"Louis Jetson Center for Youth",Baker,LA,"United States",Closed,
13784,"Louisiana Baptist Children’s Home",Monroe,LA,"United States",Open,
13785,"Louisiana Methodist Children’s Home",", Ruston",LA,"United States",Open,
13786,"MacDonell United Methodist Children’s Services, Inc.",", Houma",LA,"United States",Open,
13787,"Metanoia Manor",Zachary,LA,"United States",Open,
13788,"Methodist Children’s Home of Southeast Louisiana","445, Loranger",LA,"United States",Open,
13789,"Methodist Children’s Home of Southwest Louisiana",", Sulphur",LA,"United States",Open,
13790,"Methodist Home of New Orleans","New Orleans",LA,"United States",Open,
13791,"New Bethany Home for Girls",Arcadia,LA,"United States",Closed,
13792,"New Orleans Youth Study Center","New Orleans",LA,"United States",Open,
13793,"New Way of Southwest Louisiana",", Ville Platte",LA,"United States",Open,
13794,"Raintree House",", New Orleans",LA,"United States",Open,
13796,Renaissance,", Alexandria",LA,"United States",Open,https://kidsoverprofits.org/facility/renaissance-la/
13797,"Renaissance Home for Youth",", Alexandria",LA,"United States",Open,
13798,"Rivarde Juvenile Detention Facility",Harvey,LA,"United States",Open,
13799,"Rutherford Houses",", Shreveport",LA,"United States",Open,https://kidsoverprofits.org/facility/rutherford-houses-la/
13800,"St. Bernard Parish Juvenile Detention Center",", Chalmette",LA,"United States",Open,
13801,"Swanson Center for Youth – Columbia",Columbia,LA,"United States",Open,
13802,"Swanson Center for Youth – Monroe",Monroe,LA,"United States",Open,
13803,"Terrebonne Parish Juvenile Justice Complex",", Gray",LA,"United States",Open,
13804,"The Agape House",", Franklin",LA,"United States",Open,https://kidsoverprofits.org/facility/the-agape-house-la/
13805,"The Bridge Center for Hope","Suite 400, Baton Rouge",LA,"United States",Open,
13806,"The Louis Children’s Crisis Center – Midland",", Houma",LA,"United States",Open,
13807,"The Maples Hammond",", Hammond",LA,"United States",Open,
13808,"The Maples LLC",", Baton Rouge",LA,"United States",Open,
13809,"Waldo Burton Boys’ Home",", New Orleans",LA,"United States",Open,
13810,"Ware Youth Center","71 Coushatta",LA,"United States",Open,
13811,"Community Receiving Home, Inc. d/b/a Renaissance",,LA,"United States",Open,
13812,"Restoration Crisis Center Therapeutic Home",,LA,"United States",Open,
13813,"Heartland Boys Academy",Nebo,KY,"United States",Open,https://kidsoverprofits.org/facility/heartland-boys-academy-ky/
13814,"Adair Regional Juvenile Detention Center & Youth Development Center",Columbia,KY,"United States",Open,
13815,"All God’s Children","1 Nicholasville",KY,"United States",Open,
13816,"Appalachian Children’s Home",Barbourville,KY,"United States",Open,
13817,"Arbor Youth Services, Inc.",Lexington,KY,"United States",Open,
13818,"Ashland Group Home",Ashland,KY,"United States",Open,
13819,"Barnabas Home",Annville,KY,"United States",Open,
13820,"Beulah Mountain Christian Academy","Whitley City",KY,"United States",Open,
13821,"Boyd Regional Juvenile Detention Center",Ashland,KY,"United States",Open,
13822,"Breathitt Regional Juvenile Detention Center",Jackson,KY,"United States",Open,
13823,"Brighton Center’s Homeward Bound Shelter",Covington,KY,"United States",Open,
13824,"Buckhorn Children’s Center 1",Buckhorn,KY,"United States",Open,
13825,"Burlington Campus",Burlington,KY,"United States",Open,
13826,"Burnside Group Home",Burnside,KY,"United States",Open,
13827,"Campbell Lodge Boys Home","Highland Heights",KY,"United States",Closed,
13828,"Children’s Assessment & Transitional Service Center",Louisville,KY,"United States",Open,
13829,"Children’s Home of Northern Kentucky",", Devou Park Covington",KY,"United States",Open,
13830,"Combs Residential Service, Inc.","1247 Eubank",KY,"United States",Open,
13831,"Corner of Hope Recovery Center",Louisville,KY,"United States",Open,
13832,"Crossroads Treatment Center",Elizabethtown,KY,"United States",Open,
13833,"Cumberland Adventure Program",Bronston,KY,"United States",Open,
13834,"Dessie Scott Children’s Home","15 Pine Ridge",KY,"United States",Open,
13835,"Diocesan Catholic Children’s Home","Ft. Mitchell",KY,"United States",Open,
13836,"Father Maloney’s Boys’ Haven",Louisville,KY,"United States",Open,
13837,"Fayette Regional Juvenile Detention Center",Lexington,KY,"United States",Open,
13838,"Foothills Academy, Inc.",Albany,KY,"United States",Open,
13839,"Frankfort Group Home",Frankfort,KY,"United States",Open,
13840,"Frenchburg Group Home",Denniston,KY,"United States",Open,
13841,"Gateway Children’s Services","Mt. Sterling",KY,"United States",Open,
13842,"Glen Dale Center",Elizabethtown,KY,"United States",Open,
13843,"Holly Hill Children’s Home",California,KY,"United States",Open,
13844,"Home of the Innocents",Louisville,KY,"United States",Open,
13845,"Hope Hill Youth Services",Hope,KY,"United States",Open,
13846,"Hopkinsville Group Home",Hopkinsville,KY,"United States",Open,
13847,"Jackson Group Home",Jackson,KY,"United States",Open,
13848,"Jefferson Regional Juvenile Detention Center",Louisville,KY,"United States",Open,
13849,"Kentucky River Academy",Irvine,KY,"United States",Closed,
13850,"Kentucky Youth Academy",Nicholasville,KY,"United States",Open,https://kidsoverprofits.org/facility/kentucky-youth-academy-ky/
13851,"Kinder Haven",Glasgow,KY,"United States",Open,
13852,"Lake Cumberland Youth Development Center",Monticello,KY,"United States",Open,
13853,"Lincoln Trail Behavioral Health System",Radcliff,KY,"United States",Open,
13854,"London Group Home",London,KY,"United States",Open,
13855,"Mary Kendall Campus",Owensboro,KY,"United States",Open,
13856,"Maryhurst – Euphrasia Program",Louisville,KY,"United States",Open,
13857,"Maryhurst – Rosehaven",Louisville,KY,"United States",Open,
13858,"Maryhurst – Treasure Home",Louisville,KY,"United States",Open,
13859,"Mayfield Youth Development Center",Mayfield,KY,"United States",Open,
13860,"McCracken Regional Juvenile Detention Center",Paducah,KY,"United States",Open,
13861,"Middlesboro Group Home",Middlesboro,KY,"United States",Open,
13862,"Morehead Center",Morehead,KY,"United States",Open,
13863,"Morehead Youth Development Center",Morehead,KY,"United States",Open,
13864,"Mountain Haven",Morehead,KY,"United States",Open,
13865,"New Pathways for Children",Melber,KY,"United States",Open,
13866,"New Pathways for Children – EBH","RT 945 Hickory",KY,"United States",Open,
13867,"Northern Kentucky Youth Development Center",Crittenden,KY,"United States",Open,
13868,"Oneida Baptist Institute",Oneida,KY,"United States",Open,https://kidsoverprofits.org/facility/oneida-baptist-institute-ky/
13869,"Option To Success, Inc.",Louisville,KY,"United States",Open,
13870,"Otter Creek Campus",Monticello,KY,"United States",Open,
13871,Outwood,"Dawson Springs",KY,"United States",Open,
13872,"Pilgrims Rest Ministry of Reconciliation",Dundee,KY,"United States",Closed,https://kidsoverprofits.org/facility/pilgrims-rest-ministry-of-reconciliation-ky/
13873,"Possibilities Unlimited",Lexington,KY,"United States",Closed,https://kidsoverprofits.org/facility/possibilities-unlimited-ky/
13874,"Ramey-Estep Homes Residential Program",Rush,KY,"United States",Open,
13875,"Spectrum Care Academy",Elizabethtown,KY,"United States",Open,
13876,"Spring Meadows Center","Mt. Washington",KY,"United States",Open,
13877,"St. Joseph Children’s Home",Louisville,KY,"United States",Open,
13878,"St. Joseph’s Peace Mission for Children",Owensboro,KY,"United States",Open,
13879,"StepStone Youth & Family Services",Murray,KY,"United States",Open,https://kidsoverprofits.org/facility/stepstone-youth-family-services-ky/
13880,"Striving Forward",Somerset,KY,"United States",Open,
13881,"The Cleveland Home",Versailles,KY,"United States",Open,
13882,"The Life Connection, Inc.",Sonora,KY,"United States",Open,
13883,"The Methodist Home of Kentucky",Nicholasville,KY,"United States",Open,
13886,"Warren Regional Juvenile Detention Center","Bowling Green",KY,"United States",Open,
13887,"Woodsbend Youth Development Center","West Liberty",KY,"United States",Open,
13888,"Yewell Home for Boys",Owensboro,KY,"United States",Open,
13889,"YMCA Safe Place Services",Louisville,KY,"United States",Open,
13890,"Campbell Regional Juvenile Detention Center",,KY,"United States",Open,https://kidsoverprofits.org/facility/campbell-regional-juvenile-detention-center-ky/
13891,"North Star Behavioral Health DeBarr RTC",Anchorage,AK,"United States",Unknown,https://kidsoverprofits.org/facility/north-star-behavioral-health-debarr-rtc-ak/
13892,"North Star Behavioral Health Palmer RTC",Anchorage,AK,"United States",Unknown,https://kidsoverprofits.org/facility/north-star-behavioral-health-palmer-rtc-ak/
13893,"AK Child & Family – Jesse Lee Campus",Anchorage,AK,"United States",Open,
13894,"AK Child & Family – Maplewood Campus",Anchorage,AK,"United States",Open,
13895,"Alaska Crossings",Wrangell,AK,"United States",Closed,
13896,"Alaska Wilderness Institute",Juneau,AK,"United States",Closed,
13897,"Bethel Youth Facility",Bethel,AK,"United States",Open,
13899,"Boys and Girls Home of Alaska",Fairbanks,AK,"United States",Open,
13900,"Fairbanks Youth Facility",Fairbanks,AK,"United States",Open,
13901,"Hanson House",Sitka,AK,"United States",Open,
13902,"Johnson Youth Center",Juneau,AK,"United States",Open,
13903,"Kenai Peninsula Community Care Center Dimmick Retreat & Hardy House",", Kenai​",AK,"United States",Open,
13904,"Kenai Peninsula Youth Facility",Kenai,AK,"United States",Open,
13905,"Mat-Su Youth Facility",Palmer,AK,"United States",Open,
13906,"McCann Center",Bethel,AK,"United States",Open,
13907,"McLaughlin Youth Center",Anchorage,AK,"United States",Open,
13908,"Mitchell House",Fairbanks,AK,"United States",Open,
13909,"Montana Creek",Juneau,AK,"United States",Open,
13910,"Nome Children’s Home",Nome,AK,"United States",Open,
13911,"North Star Behavioral Health DeBarr RTC for Girls",Anchorage,AK,"United States",Open,
13912,"North Star Behavioral Health Palmer RTC for Boys",Palmer,AK,"United States",Open,
13913,"Presbyterian Hospitality House – Bias Home",Fairbanks,AK,"United States",Open,
13915,"Presbyterian Hospitality House – Dawn Lake",Wasilla,AK,"United States",Open,
13916,"Presbyterian Hospitality House – Hood Court",Wasilla,AK,"United States",Open,
13917,"Presbyterian Hospitality House – ILL Learning Lab",Fairbanks,AK,"United States",Open,
13918,"Presbyterian Hospitality House – Silverberry House",Fairbanks,AK,"United States",Open,
13919,"Providence Residential Treatment Program",Anchorage,AK,"United States",Open,
13920,"Residential Youth Care",Ketchikan,AK,"United States",Open,
13922,"VOA Alaska Adolescent Residential Center for Help [ARCH]","Eagle River",AK,"United States",Open,
13923,"Presbyterian Hospitality House - Granville Home",,AK,"United States",Open,
13924,"Diamond Grove Center for Children Residential Psychiatric Program",Louisville,MS,"United States",Unknown,https://kidsoverprofits.org/facility/diamond-grove-center-for-children-residential-psychiatric-program-ms/
13925,"Parkwood Behavioral Health System Adolescent Residential Program","Olive Branch",MS,"United States",Unknown,https://kidsoverprofits.org/facility/parkwood-behavioral-health-system-adolescent-residential-program-ms/
13926,"Bethel Girls Academy",Petal,MS,"United States",Closed,https://kidsoverprofits.org/facility/bethel-girls-academy-ms/
13928,"Adams County Juvenile Detention Center",Natchez,MS,"United States",Open,
13929,"Alcorn County Juvenile Detention Center",Corinth,MS,"United States",Open,
13931,"Bethesda Home for Girls","Forrest County",MS,"United States",Closed,https://kidsoverprofits.org/facility/bethesda-home-for-girls-ms/
13932,"Capital City Alternative School",Jackson,MS,"United States",Open,
13933,"Christian Life Boarding Academy",Hattiesburg,MS,"United States",Closed,https://kidsoverprofits.org/facility/christian-life-boarding-academy-ms/
13934,"Columbia Training School",Columbia,MS,"United States",Closed,
13935,"Desoto County Juvenile Detention Center",Hernando,MS,"United States",Open,
13936,"Diamond Grove Center for Children Psychiatric Program",Louisville,MS,"United States",Open,
13937,"Forrest County Juvenile Detention Center",Hattiesburg,MS,"United States",Open,
13938,"French Camp Academy","French Camp",MS,"United States",Open,
13939,"Happiness Hill Home",Union,MS,"United States",Closed,
13940,"Harrison County Juvenile Detention Center",Biloxi,MS,"United States",Open,
13941,"Henley-Young Juvenile Justice Center",Jackson,MS,"United States",Open,
13942,"Homes of Hope for Children",Purvis,MS,"United States",Closed,
13943,"Hope Christian Home and Academy",Purvis,MS,"United States",Open,
13944,"Jackson County Juvenile Detention Center",Pascagoula,MS,"United States",Open,
13945,"Jones County Juvenile Justice Center",Ellisville,MS,"United States",Open,
13946,"Lauderdale County Juvenile Center",Meridian,MS,"United States",Open,
13947,"Lee County-Tupelo Juvenile Detention Center",Tupelo,MS,"United States",Open,
13948,"Leflore County Juvenile Justice Center",Greenwood,MS,"United States",Open,
13949,"Lighthouse Children’s Home",Kosciusko,MS,"United States",Open,https://kidsoverprofits.org/facility/lighthouse-children-s-home-ms/
13950,"Lowndes County Juvenile Detention Center",Columbus,MS,"United States",Open,
13951,"Magnolia Christian Center",Lucedale,MS,"United States",Closed,
13952,"Methodist Children’s Homes of Mississippi",Jackson,MS,"United States",Open,
13953,"Millcreek of Magee Treatment Center",Magee,MS,"United States",Open,https://kidsoverprofits.org/facility/millcreek-of-magee-treatment-center-ms/
13954,"Mississippi Baptist Children’s Home",Laurel,MS,"United States",Open,
13955,"Natchez Children’s Home",Natchez,MS,"United States",Open,
13956,"New Summit School",Jackson,MS,"United States",Closed,
13958,"Palmer Home for Children",Columbus,MS,"United States",Open,
13959,"Pike County Juvenile Detention Center",McComb,MS,"United States",Open,
13960,"Pine Vale Children’s Home",Corinth,MS,"United States",Open,
13961,"Rankin County Sheriff’s Juvenile Detention Center",Pearl,MS,"United States",Open,
13962,"Saint Joshua’s Therapeutic Group Home, Inc.",Jackson,MS,"United States",Open,
13963,"Summit’s View",Walnut,MS,"United States",Closed,
13964,"Tupelo Children’s Mansion",Tupelo,MS,"United States",Open,
13965,"Walnut Grove Youth Correctional Facility","Walnut Grove",MS,"United States",Open,
13966,"Warren County Juvenile Justice Center",Vicksburg,MS,"United States",Open,
13967,"Washington County Juvenile Justice Center",Greenville,MS,"United States",Open,
13968,"Yazoo County Juvenile Justice Center","Yazoo City",MS,"United States",Open,
13969,"Palmetto Pee Dee Behavioral Health",Florence,SC,"United States",Closed,https://kidsoverprofits.org/facility/palmetto-pee-dee-behavioral-health-sc/
13970,"Palmetto Summerville Behavioral Health",Summerville,SC,"United States",Unknown,https://kidsoverprofits.org/facility/palmetto-summerville-behavioral-health-sc/
13971,"Three Rivers Midlands","West Columbia",SC,"United States",Open,https://kidsoverprofits.org/facility/three-rivers-midlands-sc/
13976,"Boys Farm",Newberry,SC,"United States",Open,
13977,"Broad River Road Complex",Columbia,SC,"United States",Open,
13978,"Broadstep Academy – Kingstree",Greeleyville,SC,"United States",Open,
13979,"Broadstep Academy – Venice PTRF",Simpsonville,SC,"United States",Closed,
13980,"Cambio Academy",Winnsboro,SC,"United States",Closed,
13982,"Camp Bennettsville",Bennettsville,SC,"United States",Open,
13983,"Carolina Springs Academy",Donalds,SC,"United States",Closed,https://kidsoverprofits.org/facility/carolina-springs-academy-sc/
13984,"Cherokee Creek Boys School",Westminster,SC,"United States",Open,https://kidsoverprofits.org/facility/cherokee-creek-boys-school-sc/
13985,"Connie Maxwell Children’s Home",Greenwood,SC,"United States",Open,
13986,"Epworth Children’s Home",Columbia,SC,"United States",Open,
13988,Gateways,Columbia,SC,"United States",Open,
13989,Generations,Simpsonville,SC,"United States",Open,https://kidsoverprofits.org/facility/generations-sc/
13990,"Jenkins Orphanage",Charleston,SC,"United States",Open,
13991,"John De La Howe School",McCormick,SC,"United States",Open,
13992,"Magnolia Hills Christian Academy",Donalds,SC,"United States",Closed,
13993,"Miracle Hill Children’s Home",Pickens,SC,"United States",Open,
13994,"New Bethany Home for Boys",Walterboro,SC,"United States",Closed,https://kidsoverprofits.org/facility/new-bethany-home-for-boys-sc/
13995,"New Hope Carolinas PRTF","Rock Hill",SC,"United States",Open,
13996,"Palmetto Lowcountry Behavioral Health","North Charleston",SC,"United States",Open,
13997,"Palmetto Pines PTRF",Summerville,SC,"United States",Open,
13998,"Palmetto Therapeutic Boarding School",Donalds,SC,"United States",Closed,https://kidsoverprofits.org/facility/palmetto-therapeutic-boarding-school-sc/
13999,"Piedmont Wilderness Institute",Clinton,SC,"United States",Open,
14000,"Riverside Baptist Boys Home","Rock Hill",SC,"United States",Closed,
14001,"Riverside Behavioral Health at Windwood Farm PRTF",Awendaw,SC,"United States",Open,
14002,"Springbrook Behavioral Health PRTF for Autism Services","Travelers Rest",SC,"United States",Open,
14003,"Tara Hall Home for Boys",Georgetown,SC,"United States",Open,
14004,"Teen Challenge of South Carolina",Georgetown,SC,"United States",Open,https://kidsoverprofits.org/facility/teen-challenge-of-south-carolina-sc/
14005,"The Ark Youth Shelter",Spartanburg,SC,"United States",Closed,
14006,"Thornwell Home and School for Children",Clinton,SC,"United States",Open,
14007,"Victorious Valley Homes",Sunset,SC,"United States",Closed,
14008,"Wake Up Call for Teens",Donalds,SC,"United States",Closed,https://kidsoverprofits.org/facility/wake-up-call-for-teens-sc/
14009,"Whetstone Academy","Mountain Rest",SC,"United States",Open,https://kidsoverprofits.org/facility/whetstone-academy-sc/
14010,"Wil Lou Gray Opportunity School","West Columbia",SC,"United States",Open,
14011,"Wilderness Way Girls Camp School","Fair Play",SC,"United States",Open,
14012,"William Seth Rochester Home for Children",Pacolet,SC,"United States",Closed,
14014,"River Park Hospital – The Barboursville School",Barboursville,WV,"United States",Open,https://kidsoverprofits.org/facility/river-park-hospital-the-barboursville-school-wv/
14015,"River Park Hospital – The Roundtable Program",Huntington,WV,"United States",Open,https://kidsoverprofits.org/facility/river-park-hospital-the-roundtable-program-wv/
14016,"River Park Hospital – The Bridge Program",Huntington,WV,"United States",Open,https://kidsoverprofits.org/facility/river-park-hospital-the-bridge-program-wv/
14018,"BUMFS Beckley Campus",Beckley,WV,"United States",Open,
14019,"BUMFS Brenda’s House","Old Fields",WV,"United States",Open,
14020,"BUMFS Daniels Co-existing Disorders Home",Daniels,WV,"United States",Open,
14021,"BUMFS Keyser Group Home",Keyser,WV,"United States",Open,
14022,"BUMFS Kitzmiller Program",Burlington,WV,"United States",Open,
14023,"BUMFS Mill Meadow",Keyser,WV,"United States",Open,
14024,"BUMFS Rees-Headlee Program",Burlington,WV,"United States",Open,
14025,"Cammack Children’s Center",Huntington,WV,"United States",Open,
14026,"Children’s Home of Wheeling",Wheeling,WV,"United States",Open,
14027,"Crittenton Services Residential Services",Wheeling,WV,"United States",Open,
14028,"Davis-Stuart Alicia McCormick House",Maxwelton,WV,"United States",Open,
14029,"Davis-Stuart Lewisburg Campus",Lewisburg,WV,"United States",Open,
14030,"Davis-Stuart Princeton Group Home",Princeton,WV,"United States",Open,
14031,"Elkins Mountain School – Oak Ridge Program",Elkins,WV,"United States",Open,
14032,"Golden Girl Group Home",Kenova,WV,"United States",Open,https://kidsoverprofits.org/facility/golden-girl-group-home-wv/
14033,"Greenbrier Academy for Girls","Pence Springs",WV,"United States",Closed,https://kidsoverprofits.org/facility/greenbrier-academy-for-girls-wv/
14034,"Highland Hospital PRTF",Charleston,WV,"United States",Open,
14035,"Home Base",Parkersburg,WV,"United States",Open,
14037,"Miracle Meadows School",Salem,WV,"United States",Open,
14038,"New River Ranch",Fayetteville,WV,"United States",Open,
14039,"Potomac Center",Romney,WV,"United States",Open,
14040,"Potomac Center – Birch Lane Group Home",Romney,WV,"United States",Open,
14041,"Potomac Center – Washington Street Group Home",Romney,WV,"United States",Open,
14042,"Pressley Ridge at Grant Gardens Residential Treatment Program",Ona,WV,"United States",Open,
14043,"ResCare Terra Alta Children’s Home",Hopemont,WV,"United States",Open,
14044,"ResCare Woodward I",Charleston,WV,"United States",Open,
14045,"Ronald C. Mulholland Juvenile Center",Wheeling,WV,"United States",Open,
14046,"St. John’s Home for Children",Wheeling,WV,"United States",Open,
14047,"Stepping Stone, Inc.",Fairmont,WV,"United States",Open,
14048,"The Board of Child Care",Martinsburg,WV,"United States",Open,
14049,"WV Children’s Home",Elkins,WV,"United States",Open,
14050,"WVU Hospital Chestnut Ridge PRTF",Morgantown,WV,"United States",Open,
14051,"Yore Academy",Fairmont,WV,"United States",Open,
14052,"Youth Academy",Fairmont,WV,"United States",Open,
14053,"Youth Achievement Center",Wheeling,WV,"United States",Open,
14054,"Brighter Transition Youth Treatment Center","Sioux Falls",SD,"United States",Unknown,https://kidsoverprofits.org/facility/brighter-transition-youth-treatment-center-sd/
14055,"Abbott House",Mitchell,SD,"United States",Open,https://kidsoverprofits.org/facility/abbott-house-sd/
14057,"Black Hills Children’s Home","Rapid City",SD,"United States",Open,
14059,"Canyon Hills Center",Spearfish,SD,"United States",Open,https://kidsoverprofits.org/facility/canyon-hills-center-sd/
14060,"Chamberlain Academy",Chamberlain,SD,"United States",Open,
14061,"McCrossan Boys Ranch","Sioux Falls",SD,"United States",Open,
14062,"Our Home Inc.",Huron,SD,"United States",Open,https://kidsoverprofits.org/facility/our-home-inc-sd/
14063,"Sioux Falls Children’s Home","Sioux Falls",SD,"United States",Open,
14064,"Sky Ranch for Boys, Inc.","Sky Ranch",SD,"United States",Open,
14065,"South Dakota Human Services Center",Yankton,SD,"United States",Open,
14067,"Summit Oaks I & II","Sioux Falls",SD,"United States",Open,https://kidsoverprofits.org/facility/summit-oaks-i-ii-sd/
14068,"WellFully RTC","Rapid City",SD,"United States",Open,
14069,"Dakota Boys and Girls Ranch",Minot,ND,"United States",Open,https://kidsoverprofits.org/facility/dakota-boys-and-girls-ranch-nd/
14070,"Home on the Range","Sentinel Butte",ND,"United States",Open,
14071,"Nexus-PATH Luther Hall",Fargo,ND,"United States",Open,
14072,"North Dakota Youth Correctional Center",Mandan,ND,"United States",Open,
14073,"Prairie Learning Center",Raleigh,ND,"United States",Open,
14074,"Pride Manchester Hope Home",Bismarck,ND,"United States",Open,
14075,"Pride Manchester House",Bismarck,ND,"United States",Open,
14076,"Ruth Meiers Adolescent Center","Grand Forks",ND,"United States",Open,
14077,"Serenity Christian Homes","West Fargo",ND,"United States",Open,
14078,"Athena’s Circle of Providence",Providence,RI,"United States",Open,
14079,"Blackstone Valley Youth & Family Collaborative",Pawtucket,RI,"United States",Open,
14080,"Boys Town New England",Portsmouth,RI,"United States",Open,
14081,"Camp E-Hun-Tee","Exeter RI",RI,"United States",Closed,https://kidsoverprofits.org/facility/camp-e-hun-tee-ri/
14082,"Children’s Shelter of Blackstone Valley, Inc",Pawtucket,RI,"United States",Open,
14083,"Community Solutions, Inc. – Coventry House",Coventry,RI,"United States",Open,
14084,"Community Solutions, Inc. – Johnston House",Johnston,RI,"United States",Open,
14085,"Girls and Boys Town of New England",Portsmouth,RI,"United States",Open,
14086,"Harmony Hill School",Chepachet,RI,"United States",Open,
14087,"Lighthouse for Youth",Wakefield,RI,"United States",Open,
14088,"Ocean Tides",Narragansett,RI,"United States",Open,
14089,"St. Mary’s Home for Children","North Providence",RI,"United States",Closed,
14101,"Pathways Argentina",Mendoza,,Argentina,Unknown,
14102,"Programa Ibicuy – Villa Paranacito","Entre Ríos",,Argentina,Unknown,
14103,"Royal Alexandra Hospital","New South Wales",,Australia,Unknown,
14105,"Missanabie Woods Academy",Ontario,,Canada,Closed,
14106,"Robert Land Academy","ON L0R 2J0",,Canada,Closed,https://kidsoverprofits.org/robert-land-academy/
14107,"Rocklyn Academy","ON N4L 0A7",,Canada,Closed,
14108,"Venture Academy","Canada V1Y 9T1",,Canada,Unknown,https://kidsoverprofits.org/facility/venture-academy-canada/
14109,"Academy at Dundee Ranch","Costa Rica 9°54’12.6″N 84°37’09.0″W",,"Costa Rica",Closed,https://kidsoverprofits.org/facility/academy-at-dundee-ranch-costa-rica/
14112,"Pure Life Adventure Therapy Program",Tinamaste,,"Costa Rica",Unknown,
14113,"Teen Mentor School",Tarcoles,,"Costa Rica",Closed,https://kidsoverprofits.org/facility/teen-mentor-school-costa-rica/
14114,"Morava Academy","635 00 Brno-Bystrc",,"Czech Republic",Closed,https://kidsoverprofits.org/facility/morava-academy-czech-republic/
14116,"The Academy","Coral Island",,Fiji,Closed,
14117,"Beer Yaakov-Ness Ziona Mental Health Center",7032102,,Israel,Unknown,
14118,"Ben Yakir Youth Village","Israel 3895500",,Israel,Unknown,https://kidsoverprofits.org/facility/ben-yakir-youth-village-israel/
14119,"Darckenu Israel",Israel,,Israel,Unknown,https://kidsoverprofits.org/facility/darckenu-israel-israel/
14120,"Free Spirit Experience","Kibbutz Hazore’a",,Israel,Unknown,
14121,"Genesis Israel","Israel 9451309 (Mailing Address)",,Israel,Unknown,https://kidsoverprofits.org/facility/genesis-israel-israel/
14122,"Hadassah Neurim Youth Village",Netanya,,Israel,Unknown,
14123,"Jerusalem Hills Chezzi Cohen Children’s Home","Israel 9083800",,Israel,Unknown,https://kidsoverprofits.org/facility/jerusalem-hills-chezzi-cohen-children-s-home-israel/
14124,"Jerusalem Hills Treatment & Training Center","47 HaHaluts St.",,Israel,Unknown,
14125,"Kiryat Ye’arim Youth Village",Israel,,Israel,Unknown,https://kidsoverprofits.org/facility/kiryat-ye-arim-youth-village-israel/
14126,"Mimidbar Matanah",Israel,,Israel,Unknown,https://kidsoverprofits.org/facility/mimidbar-matanah-israel/
14127,"Neve Midbar Bedouin Youth Village","Israel 8490100",,Israel,Unknown,https://kidsoverprofits.org/facility/neve-midbar-bedouin-youth-village-israel/
14128,"Ramat Hadassah Szold Youth Village","Kiryat Tivon",,Israel,Unknown,
14129,"Amity School",Tuscany,,Italy,Closed,https://kidsoverprofits.org/facility/amity-school-italy/
14130,"Atlantis Leadership Academy","Treasure Beach",,Jamaica,Closed,https://kidsoverprofits.org/facility/atlantis-leadership-academy-jamaica/
14131,"Tranquility Bay","Calabash Bay",,Jamaica,Closed,https://kidsoverprofits.org/facility/tranquility-bay-jamaica/
14132,"Youth of Vision Academy",Trinity,,Jamaica,Unknown,https://kidsoverprofits.org/facility/youth-of-vision-academy-jamaica/
14133,"Haut de la Garenne","St. Martin",,"United Kingdom",Closed,
14134,"Baja Rehab","Baja California",,Mexico,Unknown,
14135,"Casa by the Sea","Baja California",,Mexico,Closed,https://kidsoverprofits.org/facility/casa-by-the-sea-mexico/
14136,"Casa la Esperanza",México,,Mexico,Closed,
14137,"Chilanko Lodge Treatment Center",México,,Mexico,Closed,
14138,"Future Expectations Today",México,,Mexico,Closed,
14139,"Genesis by the Sea","Baja California",,Mexico,Closed,
14140,"High Impact","Baja California",,Mexico,Closed,https://kidsoverprofits.org/facility/high-impact-mexico/
14141,"Pacific Life Program",México,,Mexico,Unknown,
14142,"Positive Impact",México,,Mexico,Closed,
14145,"Twilight Recovery Center",Tijuana,,Mexico,Unknown,
14146,"Campbell Park","Otekaieke 9494",,"New Zealand",Closed,
14147,"Coral Reef Academy",Vaitele,,Samoa,Unknown,https://kidsoverprofits.org/facility/coral-reef-academy-samoa/
14148,"Pacific Coast Academy",Apia,,Samoa,Closed,
14149,"Paradise Cove",Aufaga,,Samoa,Closed,https://kidsoverprofits.org/facility/paradise-cove-samoa/
14150,"The Wave Clinic","WC2H 9JQ",,"United Arab Emirates",Unknown,https://kidsoverprofits.org/facility/the-wave-clinic-united-arab-emirates/
14151,"Banham Marshalls College/The Old Rectory",Banham,,"United Kingdom",Closed,
14152,"Cambian Whinfell School","Kendal LA9 5EZ",,"United Kingdom",Unknown,
14153,"The Balance Clinic",Switzerland,,Switzerland,Unknown,https://kidsoverprofits.org/facility/the-balance-clinic-switzerland/
14154,"Yes We Can Youth Clinics","5688 NP Oirschot",,Netherlands,Unknown,https://kidsoverprofits.org/facility/yes-we-can-youth-clinics-netherlands/
14155,"Rebekah Home",,,,Closed,https://kidsoverprofits.org/facility/rebekah-home/
14156,"Bethesda Home",,,,Closed,https://kidsoverprofits.org/facility/bethesda-home/
14157,"Lighthouse for Boys",,,,Closed,https://kidsoverprofits.org/facility/lighthouse-for-boys/
14158,"Elaine Gordon Treatment Center",Hollywood,FL,"United States",Closed,https://kidsoverprofits.org/facility/elaine-gordon-treatment-center-fl/
14159,"West Oaks Hospital",Houston,TX,"United States",Open,https://kidsoverprofits.org/facility/west-oaks-hospital-tx/
14163,"Mountain Valley Treatment Center",Plainfield,NH,"United States",Open,https://kidsoverprofits.org/facility/mountain-valley-treatment-center-nh/
100001,"Aspen Education Group",,,,Open,https://kidsoverprofits.org/facility/aspen-education-group/
100002,"Bayamon Treatment Center",Bayamon,PR,"United States",Closed,https://kidsoverprofits.org/facility/bayamon-treatment-center-pr/
100004,"Beloved Ones",Antioch,CA,"United States",Open,https://kidsoverprofits.org/facility/beloved-ones-ca-antioch/
100005,"Beloved Ones","California City",CA,"United States",Open,https://kidsoverprofits.org/facility/beloved-ones-ca-california-city/
100010,"The Brown Schools of Idaho",Gooding,ID,"United States",Closed,https://kidsoverprofits.org/facility/the-brown-schools-of-idaho-id/
100011,"The Brown Schools of Montana","Deer Lodge",MT,"United States",Closed,https://kidsoverprofits.org/facility/the-brown-schools-of-montana-mt/
100012,"The Brown Schools of San Juan",Santurce,PR,"United States",Closed,https://kidsoverprofits.org/facility/the-brown-schools-of-san-juan-pr/
100015,"Camp E-Toh-Anee","Stewartstown NH",,,Closed,https://kidsoverprofits.org/facility/camp-e-toh-anee/
100016,"Camp E-Wen-Akee","Fair Haven",VT,"United States",Closed,https://kidsoverprofits.org/facility/camp-e-wen-akee-vt/
100017,"Canyon View Park",,,,Unknown,https://kidsoverprofits.org/facility/canyon-view-park/
100018,"Center for Positive Changes",Oceanside,CA,"United States",Open,https://kidsoverprofits.org/facility/center-for-positive-changes-ca-oceanside/
100019,"Center for Positive Changes",Orangevale,CA,"United States",Open,https://kidsoverprofits.org/facility/center-for-positive-changes-ca-orangevale/
100020,"Center for Positive Changes","San Diego",CA,"United States",Open,https://kidsoverprofits.org/facility/center-for-positive-changes-ca-san-diego/
100021,"Center for Positive Changes","Spring Valley",CA,"United States",Open,https://kidsoverprofits.org/facility/center-for-positive-changes-ca-spring-valley/
100022,"Center for Positive Changes","West Sacramento",CA,"United States",Open,https://kidsoverprofits.org/facility/center-for-positive-changes-ca-west-sacramento/
100023,"Chad Youth Enhancement Center","Ashland City",TN,"United States",Unknown,https://kidsoverprofits.org/facility/chad-youth-enhancement-center-tn/
100025,"Coral Island Academy",,,Fiji,Closed,https://kidsoverprofits.org/facility/coral-island-academy-fiji/
100026,"Dimondale Adolescent Care Facility",Carson,CA,"United States",Open,https://kidsoverprofits.org/facility/dimondale-adolescent-care-facility-ca-carson/
100027,"Dimondale Adolescent Care Facility",Gardena,CA,"United States",Open,https://kidsoverprofits.org/facility/dimondale-adolescent-care-facility-ca-gardena/
100028,"Dimondale Adolescent Care Facility",Hawthorne,CA,"United States",Open,https://kidsoverprofits.org/facility/dimondale-adolescent-care-facility-ca-hawthorne/
100029,"Dimondale Adolescent Care Facility",Lancaster,CA,"United States",Open,https://kidsoverprofits.org/facility/dimondale-adolescent-care-facility-ca-lancaster/
100030,"Dimondale Adolescent Care Facility","Long Beach",CA,"United States",Open,https://kidsoverprofits.org/facility/dimondale-adolescent-care-facility-ca-long-beach/
100034,"Eckerd Treatment Program for Girls - Vernon Place",Vernon,FL,"United States",Closed,https://kidsoverprofits.org/facility/eckerd-treatment-program-for-girls-vernon-place-fl/
100037,"Four Directions",Maricopa,AZ,"United States",Closed,https://kidsoverprofits.org/facility/four-directions-az-maricopa/
100038,"Four Directions",Mesa,AZ,"United States",Closed,https://kidsoverprofits.org/facility/four-directions-az-mesa/
100039,"Heritage Youth Services","La Verne",CA,"United States",Open,https://kidsoverprofits.org/facility/heritage-youth-services-ca-la-verne/
100040,"Heritage Youth Services","Phillips Ranch",CA,"United States",Open,https://kidsoverprofits.org/facility/heritage-youth-services-ca-phillips-ranch/
100041,"Heritage Youth Services","San Dimas",CA,"United States",Open,https://kidsoverprofits.org/facility/heritage-youth-services-ca-san-dimas/
100042,"Heritage Youth Services",Valinda,CA,"United States",Open,https://kidsoverprofits.org/facility/heritage-youth-services-ca-valinda/
100043,"Heritage Youth Services","West Covina",CA,"United States",Open,https://kidsoverprofits.org/facility/heritage-youth-services-ca-west-covina/
100044,"Hill Country Place",Austin,TX,"United States",Closed,https://kidsoverprofits.org/facility/hill-country-place-tx/
100045,"Hill Crest Behavioral Health",Birmingham,AL,"United States",Unknown,https://kidsoverprofits.org/facility/hill-crest-behavioral-health-al/
100046,"Key Assets Group Homes",Lexington,KY,"United States",Open,https://kidsoverprofits.org/facility/key-assets-group-homes-ky/
100047,"Key Assets Group Homes",,,,Open,https://kidsoverprofits.org/facility/key-assets-group-homes/
100048,"KIDS of the Canadian West",AB,,Canada,Unknown,https://kidsoverprofits.org/facility/kids-of-the-canadian-west-canada/
100049,"Laurel Oaks Behavioral Health Center RTC",Dothan,AL,"United States",Unknown,https://kidsoverprofits.org/facility/laurel-oaks-behavioral-health-center-rtc-al/
100050,"New Beginnings Maternity Home",,,,Unknown,https://kidsoverprofits.org/facility/new-beginnings-maternity-home/
100051,"New Hope Of Arizona, Inc",Avondale,AZ,"United States",Open,https://kidsoverprofits.org/facility/new-hope-of-arizona-inc-az-avondale/
100052,"New Hope Of Arizona, Inc",Buckeye,AZ,"United States",Open,https://kidsoverprofits.org/facility/new-hope-of-arizona-inc-az-buckeye/
100053,"New Hope Of Arizona, Inc","Laveen Village",AZ,"United States",Open,https://kidsoverprofits.org/facility/new-hope-of-arizona-inc-az-laveen-village/
100054,"New Hope Of Arizona, Inc","Litchfield Park",AZ,"United States",Open,https://kidsoverprofits.org/facility/new-hope-of-arizona-inc-az-litchfield-park/
100055,"New Hope Of Arizona, Inc",Phoenix,AZ,"United States",Open,https://kidsoverprofits.org/facility/new-hope-of-arizona-inc-az-phoenix/
100056,"New Hope Of Arizona, Inc",Tolleson,AZ,"United States",Open,https://kidsoverprofits.org/facility/new-hope-of-arizona-inc-az-tolleson/
100057,"New Horizon Youth Homes","Casa Grande",AZ,"United States",Open,https://kidsoverprofits.org/facility/new-horizon-youth-homes-az-casa-grande/
100058,"New Horizon Youth Homes",Chandler,AZ,"United States",Open,https://kidsoverprofits.org/facility/new-horizon-youth-homes-az-chandler/
100059,"New Horizon Youth Homes","El Mirage",AZ,"United States",Open,https://kidsoverprofits.org/facility/new-horizon-youth-homes-az-el-mirage/
100060,"New Horizon Youth Homes",Mesa,AZ,"United States",Open,https://kidsoverprofits.org/facility/new-horizon-youth-homes-az-mesa/
100061,"New Horizon Youth Homes",Peoria,AZ,"United States",Open,https://kidsoverprofits.org/facility/new-horizon-youth-homes-az-peoria/
100062,"Newport Academy Child and Pre-Teen RTP",,CA,"United States",Unknown,https://kidsoverprofits.org/facility/newport-academy-child-and-pre-teen-rtp-ca/
100063,"Newport Academy - Kentland","Great Falls",VA,"United States",Open,https://kidsoverprofits.org/facility/newport-academy-kentland-va/
100064,"Oceanside Teen Center",,,Mexico,Closed,https://kidsoverprofits.org/facility/oceanside-teen-center-mexico/
100065,"Pacific Autism Center for Education","Lamar House – Sunnyvale",CA,"United States",Open,https://kidsoverprofits.org/facility/pacific-autism-center-for-education-ca-lamar-house-sunnyvale/
100066,"Pacific Autism Center for Education","Mahalo House – San Jose",CA,"United States",Open,https://kidsoverprofits.org/facility/pacific-autism-center-for-education-ca-mahalo-house-san-jose/
100067,"Pacific Autism Center for Education","Matranga House – San Jose",CA,"United States",Open,https://kidsoverprofits.org/facility/pacific-autism-center-for-education-ca-matranga-house-san-jose/
100068,"Pacific Autism Center for Education","Meadows House – Sunnyvale",CA,"United States",Open,https://kidsoverprofits.org/facility/pacific-autism-center-for-education-ca-meadows-house-sunnyvale/
100069,"Pacific Autism Center for Education","Miracle House – Cupertino",CA,"United States",Open,https://kidsoverprofits.org/facility/pacific-autism-center-for-education-ca-miracle-house-cupertino/
100070,"Pine View Christian Academy",,,,Unknown,https://kidsoverprofits.org/facility/pine-view-christian-academy/
100071,"Redwood Youth Academy",Raiford,FL,"United States",Open,https://kidsoverprofits.org/facility/redwood-youth-academy-fl/
100072,"Ridge House",Reno,NV,"United States",Open,https://kidsoverprofits.org/facility/ridge-house-nv/
100073,"Ridge House",,,,Open,https://kidsoverprofits.org/facility/ridge-house/
100074,"Seguin Community Living Center",Seguin,TX,"United States",Closed,https://kidsoverprofits.org/facility/seguin-community-living-center-tx/
100075,"Sequel TSI Courtland",Courtland,AL,"United States",Unknown,https://kidsoverprofits.org/facility/sequel-tsi-courtland-al/
100077,"Sequel TSI Montgomery",Montgomery,AL,"United States",Unknown,https://kidsoverprofits.org/facility/sequel-tsi-montgomery-al/
100078,"Sequel TSI of Tuskegee",Tuskegee,AL,"United States",Unknown,https://kidsoverprofits.org/facility/sequel-tsi-of-tuskegee-al/
100080,"Talisman Academy",,,,Closed,https://kidsoverprofits.org/facility/talisman-academy/
100081,"Tampa Bay Girls Academy - Moderate",Tampa,FL,"United States",Open,https://kidsoverprofits.org/facility/tampa-bay-girls-academy-moderate-fl/
100082,"Tampa Bay Girls Academy - Secure",Tampa,FL,"United States",Open,https://kidsoverprofits.org/facility/tampa-bay-girls-academy-secure-fl/
100083,"Teen Challenge Girls","Las Vegas",,,Unknown,https://kidsoverprofits.org/facility/teen-challenge-girls/
100086,"Wellspring DC",Washington,DC,"United States",Closed,https://kidsoverprofits.org/facility/wellspring-dc-dc/
100087,"Wellspring UK",Devon,,"United Kingdom",Closed,https://kidsoverprofits.org/facility/wellspring-uk-united-kingdom/
100089,"Abundant Life Academy",Milford,VA,"United States",Closed,https://kidsoverprofits.org/facility/abundant-life-academy-va/
100090,"Academy of Eastern Arizona",Holbrook,AZ,"United States",Closed,
100091,"Eagle Academy","Belle Glade",FL,"United States",Closed,
100092,"Embark Behavioral Health",Greeley,CO,"United States",Open,https://kidsoverprofits.org/facility/embark-behavioral-health-co/
100095,"Embark Behavioral Health","Klamath Falls",OR,"United States",Open,https://kidsoverprofits.org/facility/embark-behavioral-health-or/
100097,"Horizon Academy","Amargosa Valley",NV,"United States",Closed,https://kidsoverprofits.org/facility/horizon-academy-nv/
100098,"Lakeside Academy",Kalamazoo,MI,"United States",Closed,https://kidsoverprofits.org/facility/lakeside-academy-mi/
100099,"Lakeside Academy",Buffalo,MN,"United States",Open,https://kidsoverprofits.org/facility/lakeside-academy-mn/
100100,"Mountain Homes Youth Ranch",Dinosaur,CO,"United States",Closed,https://kidsoverprofits.org/facility/mountain-homes-youth-ranch-co/
100101,"Dallas County Juvenile Detention Center",", Selma",AL,"United States",Open,
100102,"Excel Academy",Kansas,OK,"United States",Open,https://kidsoverprofits.org/facility/excel-academy-ok/
100104,"New Hope Youth Center","Mt. Pleasant",MI,"United States",Open,
100105,"St. Jude’s Ranch for Children","Boulder City",NV,"United States",Open,https://kidsoverprofits.org/facility/st-jude-s-ranch-for-children-nv/
100106,"The Ark",Kalamazoo,MI,"United States",Open,
100107,"Hyde School",Woodstock,CT,"United States",Closed,https://kidsoverprofits.org/facility/hyde-school-ct/
100108,"Anneewakee School",Rockmart,GA,"United States",Closed,https://kidsoverprofits.org/facility/anneewakee-school-ga/
100109,"Center for Discovery",Fairfield,CT,"United States",Open,https://kidsoverprofits.org/facility/center-for-discovery-ct/
100111,"Piney Ridge Center",Fayetteville,AR,"United States",Open,https://kidsoverprofits.org/facility/piney-ridge-center-ar/
100112,"Florence Crittenton Home",Lexington,KY,"United States",Open,
100113,"Prescott House","Prescott Valley",AZ,"United States",Open,
100114,"The Grove",Northampton,MA,"United States",Closed,https://kidsoverprofits.org/facility/the-grove-ma/
100115,"Eagle Hill School",Greenwich,CT,"United States",Open,
100116,"Discovery Mood & Anxiety",Shawnee,KS,"United States",Open,
100117,"Turning Point",Pawtucket,RI,"United States",Closed,
100118,"Meadowlark Academy",Cheyenne,WY,"United States",Open,https://kidsoverprofits.org/facility/meadowlark-academy-wy/
100119,"Excelsior Youth Center",Spokane,WA,"United States",Open,
100120,"Hope Harbor",Claremore,OK,"United States",Open,
100121,"Pathway Family Center",Chesterton,IN,"United States",Closed,https://kidsoverprofits.org/facility/pathway-family-center-in-chesterton/
100122,"Pathway Family Center",Indianapolis,IN,"United States",Closed,https://kidsoverprofits.org/facility/pathway-family-center-in-indianapolis/
100124,"Clearview Horizon",Heron,MT,"United States",Open,https://kidsoverprofits.org/facility/clearview-horizon-mt/
100125,"Hope House",Shannon,NC,"United States",Open,https://kidsoverprofits.org/facility/hope-house-nc/
100126,"Hope House","Liberty Hill",TX,"United States",Open,
100127,"Discovery Mood & Anxiety Program",Maitland,FL,"United States",Open,
100128,"Embark Behavioral Health RTC","Klamath Falls",OR,"United States",Open,https://kidsoverprofits.org/facility/embark-behavioral-health-rtc-or/
100130,"Harmony House",Gastonia,NC,"United States",Open,https://kidsoverprofits.org/facility/harmony-house-nc/
100131,"Harmony House","Devils Lake",ND,"United States",Open,
100132,"Juvenile Detention Center",Columbia,SC,"United States",Open,
